Mutation,"Stability (FoldX5, kcal/mol) [md]","Stability (Rosetta Cartddg2020, kcal/mol) [md]","Stability (RaSP, kcal/mol) [md]","Stability classification, (Rosetta, FoldX) [md]","Stability classification, (RaSP, FoldX) [md]","Stability (FoldX5, kcal/mol) [cabsflex]","Stability (Rosetta Cartddg2020, kcal/mol) [cabsflex]","Stability (RaSP, kcal/mol) [cabsflex]","Stability classification, (Rosetta, FoldX) [cabsflex]","Stability classification, (RaSP, FoldX) [cabsflex]",Relative Side Chain Solvent Accessibility in wild-type (average) [md],Relative Side Chain Solvent Accessibility in wild-type (standard deviation) [md],Relative Side Chain Solvent Accessibility in wild-type (average) [cabsflex],Relative Side Chain Solvent Accessibility in wild-type (standard deviation) [cabsflex],gnomAD genome allele frequency,gnomAD exome allele frequency,REVEL score,Mutation sources,PTMs [md],is site part of phospho-SLiM [md],PTM residue SASA (%) [md],"Change in stability with PTM (FoldX5, kcal/mol) [md]","Change in binding with PTM (FoldX5, kcal/mol) [md]","Change in binding with mutation (FoldX5, kcal/mol) [md]",PTM effect in regulation [md],PTM effect in stability [md],PTM effect in function [md],PTMs [cabsflex],is site part of phospho-SLiM [cabsflex],PTM residue SASA (%) [cabsflex],"Change in stability with PTM (FoldX5, kcal/mol) [cabsflex]","Change in binding with PTM (FoldX5, kcal/mol) [cabsflex]","Change in binding with mutation (FoldX5, kcal/mol) [cabsflex]",PTM effect in regulation [cabsflex],PTM effect in stability [cabsflex],PTM effect in function [cabsflex],ClinVar Variation ID,ClinVar Interpretation,ClinVar Review Status,DeMaSk delta fitness,DeMaSk Shannon entropy,DeMaSk log2 variant frequency,DeMaSk predicted consequence,GEMME Score,AlphaMissense pathogenicity score,AlphaMissense classification,References
W91C,1.09645,1.3690499999999999,0.9481745980456667,Neutral,Neutral,-0.00274,1.7604333333333333,1.0890734956992012,Neutral,Neutral,70.277,22.26,66.47,25.088,,,,somatic_muts,,True,70.277,,,,neutral,neutral,neutral,,True,66.47,,,,neutral,neutral,neutral,,,,-0.2748,2.4818,-20.417,loss_of_function,-0.527962776148948,0.7778,pathogenic,10.1101/2022.10.22.513328
W91R,0.95517,1.3777766666666666,0.27077491377402135,Neutral,Neutral,-0.12478,1.43288,0.3081810351520036,Neutral,Neutral,70.277,22.26,66.47,25.088,,,,clinvar,,True,70.277,,,,neutral,neutral,neutral,,True,66.47,,,,neutral,neutral,neutral,845798,Uncertain significance,1,-0.3228,2.4818,-20.417,loss_of_function,-3.32436611299892,0.9346,pathogenic,10.1101/2022.10.22.513328; 37085483
W91S,1.32043,1.1112233333333332,0.29893357385096303,Neutral,Neutral,0.01862,1.6682566666666665,0.5096819241259486,Neutral,Neutral,70.277,22.26,66.47,25.088,,,0.485,cBioPortal,,True,70.277,,,,neutral,neutral,neutral,,True,66.47,,,,neutral,neutral,neutral,,,,-0.248,2.4818,-2.9594,loss_of_function,-1.25226234139329,0.447,ambiguous,10.1101/2022.10.22.513328; 37085483
P92A,1.18621,0.22732666666666668,0.2338675855864454,Neutral,Neutral,1.39309,0.26870666666666665,0.42651913496335836,Neutral,Neutral,50.692,19.319,37.285,20.61,,,0.509,"COSMIC,somatic_muts",,True,50.692,,,,neutral,neutral,neutral,,True,37.285,,,,neutral,neutral,neutral,,,,-0.1124,1.3832,-4.9818,loss_of_function,-1.1402449252468,0.1419,benign,10.1101/2022.10.22.513328; 37085483
P92H,1.46241,0.1403633333333333,-0.028912863696221962,Neutral,Neutral,3.21532,1.0320866666666666,-0.0911043495475189,Uncertain,Uncertain,50.692,19.319,37.285,20.61,,,,COSMIC,,True,50.692,,,,neutral,neutral,neutral,,True,37.285,,,,neutral,neutral,neutral,,,,-0.2307,1.3832,-20.5915,loss_of_function,-3.34022868100625,0.3065,benign,10.1101/2022.10.22.513328; 37085483
P92L,0.9888,0.20068,-0.33508035982541967,Neutral,Neutral,1.28258,0.25748333333333334,-0.3892516665315769,Neutral,Neutral,50.692,19.319,37.285,20.61,,3.9932274862e-06,0.487,"COSMIC,somatic_muts,clinvar",,True,50.692,,,,neutral,neutral,neutral,,True,37.285,,,,neutral,neutral,neutral,480733,Conflicting interpretations of pathogenicity,1,-0.1678,1.3832,-6.3037,loss_of_function,-2.7413727216631,0.186,benign,10.1101/2022.10.22.513328; 37085483
P92S,1.405,0.08084000000000001,0.3684716145210319,Neutral,Neutral,1.68133,0.6342433333333334,0.8088373579910159,Neutral,Neutral,50.692,19.319,37.285,20.61,,,0.502,"cBioPortal,somatic_muts",,True,50.692,,,,neutral,neutral,neutral,,True,37.285,,,,neutral,neutral,neutral,,,,-0.1239,1.3832,-7.3037,loss_of_function,-1.26628204561654,0.2002,benign,10.1101/2022.10.22.513328; 37085483
P92T,1.70207,0.03004333333333335,0.14591947144396614,Neutral,Neutral,2.45313,0.4438766666666667,0.6705548553235229,Uncertain,Uncertain,50.692,19.319,37.285,20.61,,,0.434,"cBioPortal,COSMIC",,True,50.692,,,,neutral,neutral,neutral,,True,37.285,,,,neutral,neutral,neutral,,,,-0.1126,1.3832,-2.7188,loss_of_function,-0.0844077474009532,0.1425,benign,10.1101/2022.10.22.513328; 37085483
L93M,0.05422,0.5388866666666666,0.6585059513996061,Neutral,Neutral,0.05468,0.12789,0.48511903085417396,Neutral,Neutral,68.45,21.577,72.11,11.419,,,0.369,COSMIC,,True,68.45,,,,neutral,neutral,neutral,,True,72.11,,,,neutral,neutral,neutral,,,,-0.1226,2.0195,-20.5824,loss_of_function,-3.6612659002697,0.2185,benign,10.1101/2022.10.22.513328; 37085483
L93P,0.6188,-0.09228999999999994,2.5355026907710037,Neutral,Uncertain,0.18261,0.013603333333333337,3.322845059726838,Neutral,Uncertain,68.45,21.577,72.11,11.419,,,0.454,cBioPortal,,True,68.45,,,,neutral,neutral,neutral,,True,72.11,,,,neutral,neutral,neutral,,,,-0.2155,2.0195,-2.3404,loss_of_function,-0.972126353393272,0.2035,benign,10.1101/2022.10.22.513328
L93V,0.53862,0.35351333333333335,0.7870339526889002,Neutral,Neutral,0.70396,2.038206666666667,0.4531177664328343,Uncertain,Neutral,68.45,21.577,72.11,11.419,,,0.523,cBioPortal,,True,68.45,,,,neutral,neutral,neutral,,True,72.11,,,,neutral,neutral,neutral,,,,-0.056,2.0195,-4.9727,loss_of_function,-1.6273262742249,0.1396,benign,10.1101/2022.10.22.513328; 37085483
S94L,0.09536,0.12846000000000002,-0.5710922664269714,Neutral,Neutral,3.2932,2.2426299999999997,-0.41865166782295926,Uncertain,Uncertain,48.942,33.444,4.995,5.267,,,0.553,"cBioPortal,COSMIC,somatic_muts,clinvar",,True,48.942,,,,uncertain,,,,True,4.995,,,,uncertain,,,1796426,Likely benign,1,-0.2248,1.3645,-20.7472,loss_of_function,-3.70352067652373,0.418,ambiguous,10.1101/2022.10.22.513328; 37085483
S94P,1.19311,1.3052133333333333,1.281548094253962,Neutral,Neutral,2.21553,4.51417,3.7774501805520004,Uncertain,Uncertain,48.942,33.444,4.995,5.267,,,0.528,COSMIC,,True,48.942,,,,uncertain,,,,True,4.995,,,,uncertain,,,,,,-0.3008,1.3645,-20.7472,loss_of_function,-3.4641723347253,0.3757,ambiguous,10.1101/2022.10.22.513328; 37085483
S94T,0.09313,0.21995666666666666,-0.02696067475918883,Neutral,Neutral,1.43977,0.028003333333333307,0.3703497425509655,Neutral,Neutral,48.942,33.444,4.995,5.267,,,0.533,"COSMIC,somatic_muts",,True,48.942,,,,neutral,,,,True,4.995,,,,neutral,,,,,,-0.0474,1.3645,-3.0,loss_of_function,-1.25737220118974,0.1639,benign,10.1101/2022.10.22.513328; 37085483
S95F,1.74619,0.5620200000000001,-0.26329131994361743,Neutral,Neutral,-0.22084,-0.9526066666666667,-0.4532279622948094,Neutral,Neutral,49.262,31.551,100.2,8.793,,,0.751,"cBioPortal,COSMIC,somatic_muts,clinvar",,True,49.262,,,,uncertain,,,,True,100.2,,,,uncertain,,,1796813,Uncertain significance,2,-0.1558,1.4458,-8.5848,loss_of_function,-4.7110723281636,0.5749,pathogenic,10.1101/2022.10.22.513328; 37085483
S95T,0.4971,0.27982,0.01655386850294834,Neutral,Neutral,0.39463,0.2564633333333333,0.2222486426020672,Neutral,Neutral,49.262,31.551,100.2,8.793,,,,somatic_muts,,True,49.262,,,,neutral,,,,True,100.2,,,,neutral,,,,,,-0.0468,1.4458,-4.337,loss_of_function,-2.06507932473082,0.208,benign,10.1101/2022.10.22.513328
S96C,-0.08053,0.37245,0.5150514441347465,Neutral,Neutral,0.17079,0.5964833333333334,0.6411386170957271,Neutral,Neutral,47.287,17.968,57.865,21.25,,,0.497,"COSMIC,somatic_muts",,True,47.287,,,,uncertain,,,,True,57.865,,,,uncertain,,,,,,-0.0779,1.939,-7.6036,loss_of_function,-0.34128869387561,0.0735,benign,10.1101/2022.10.22.513328; 37085483
S96F,-0.88508,-0.36247333333333337,-0.549436875396517,Neutral,Neutral,0.09224,-0.32018,-0.4480239396041246,Neutral,Neutral,47.287,17.968,57.865,21.25,,,0.401,"cBioPortal,COSMIC,somatic_muts",,True,47.287,,,,uncertain,,,,True,57.865,,,,uncertain,,,,,,-0.0875,1.939,-4.0801,loss_of_function,-1.07794336160378,0.1005,benign,10.1101/2022.10.22.513328; 37085483
S96P,1.65282,1.1464866666666667,3.0733325031793997,Neutral,Uncertain,2.86931,8.030386666666667,4.641061570943368,Uncertain,Uncertain,47.287,17.968,57.865,21.25,,,0.522,COSMIC,,True,47.287,,,,uncertain,,,,True,57.865,,,,uncertain,,,,,,-0.1859,1.939,-8.6035,loss_of_function,-3.03071754527268,0.3417,ambiguous,10.1101/2022.10.22.513328; 37085483
S96Y,-0.69138,-0.52687,-0.45797993788125635,Neutral,Neutral,0.27126,-0.27142666666666665,-0.36307948643868887,Neutral,Neutral,47.287,17.968,57.865,21.25,,,0.565,"cBioPortal,COSMIC",,True,47.287,,,,uncertain,,,,True,57.865,,,,uncertain,,,,,,-0.1832,1.939,-21.8913,loss_of_function,-4.01761161957871,0.176,benign,10.1101/2022.10.22.513328; 37085483
V97A,0.99184,1.4624733333333333,1.832743038882157,Neutral,Neutral,-0.29745,0.23820666666666668,0.8152643809035595,Neutral,Neutral,50.183,16.883,32.95,26.271,,,0.854,"cBioPortal,COSMIC,clinvar",,False,50.183,,,,neutral,neutral,neutral,,False,32.95,,,,neutral,neutral,neutral,1797574,Uncertain significance,1,-0.252,1.0688,-22.1111,loss_of_function,-5.36511122484401,0.9394,pathogenic,10.1101/2022.10.22.513328; 37085483
V97D,1.07165,1.6597533333333334,2.3752582457373745,Neutral,Uncertain,0.66576,0.4689366666666667,1.0484412617183085,Neutral,Neutral,50.183,16.883,32.95,26.271,,,0.937,"cBioPortal,COSMIC,clinvar",,False,50.183,,,,neutral,neutral,neutral,,False,32.95,,,,neutral,neutral,neutral,182924,Uncertain significance,2,-0.4186,1.0688,-22.1111,loss_of_function,-5.76966537956288,0.9926,pathogenic,10.1101/2022.10.22.513328; 37085483
V97F,0.80064,0.8103166666666667,1.0852642567783437,Neutral,Neutral,0.50202,0.24195,0.0711407838128177,Neutral,Neutral,50.183,16.883,32.95,26.271,,,0.789,"cBioPortal,somatic_muts,clinvar",,False,50.183,,,,neutral,neutral,neutral,,False,32.95,,,,neutral,neutral,neutral,458532,Conflicting interpretations of pathogenicity,1,-0.2532,1.0688,-7.2384,loss_of_function,-4.01003087254825,0.7555,pathogenic,10.1101/2022.10.22.513328; 37085483
V97I,-0.51574,-0.04183666666666667,0.2742594842319905,Neutral,Neutral,-0.05638,0.2992066666666667,0.2287762503242067,Neutral,Neutral,50.183,16.883,32.95,26.271,,0.0,0.593,"COSMIC,clinvar",,False,50.183,,,,neutral,neutral,neutral,,False,32.95,,,,neutral,neutral,neutral,1026336,Uncertain significance,2,-0.078,1.0688,-0.6585,loss_of_function,-0.624748642106392,0.1238,benign,10.1101/2022.10.22.513328; 37085483
V97L,-0.34955,0.9285733333333331,0.5946226511664642,Neutral,Neutral,-0.48505,-0.3675733333333333,-0.026023098705320796,Neutral,Neutral,50.183,16.883,32.95,26.271,,,,clinvar,,False,50.183,,,,neutral,neutral,neutral,,False,32.95,,,,neutral,neutral,neutral,182962,Uncertain significance,2,-0.1848,1.0688,-8.8232,loss_of_function,-2.50386002494792,0.7885,pathogenic,10.1101/2022.10.22.513328; 37085483
P98A,2.0859,1.3369600000000001,0.2965316508097364,Uncertain,Uncertain,2.15949,1.3575966666666666,0.12468685668069568,Uncertain,Uncertain,18.604,7.342,21.81,12.717,,,,clinvar,,False,18.604,,,,neutral,neutral,neutral,,False,21.81,,,,neutral,neutral,neutral,1039474,Uncertain significance,2,-0.3233,0.0409,-22.1143,loss_of_function,-7.42683667603059,0.9289,pathogenic,10.1101/2022.10.22.513328; 37085483
P98F,1.15032,1.3380933333333331,-0.3370847279196556,Neutral,Neutral,3.04441,0.71769,-0.7700875420961694,Uncertain,Uncertain,18.604,7.342,21.81,12.717,,,,COSMIC,,False,18.604,,,,neutral,neutral,neutral,,False,21.81,,,,neutral,neutral,neutral,,,,-0.3844,0.0409,-22.1143,loss_of_function,-6.84653774232336,0.9973,pathogenic,10.1101/2022.10.22.513328; 37085483
P98H,2.77516,1.4411566666666669,0.015630951855988545,Uncertain,Uncertain,4.1118,1.4209733333333334,-0.4230763177057177,Uncertain,Uncertain,18.604,7.342,21.81,12.717,,,0.953,cBioPortal,,False,18.604,,,,neutral,neutral,neutral,,False,21.81,,,,neutral,neutral,neutral,,,,-0.362,0.0409,-22.1143,loss_of_function,-6.34933447998002,0.9956,pathogenic,10.1101/2022.10.22.513328; 37085483
P98L,1.28624,0.5331066666666667,-0.6968985233275813,Neutral,Neutral,1.48466,-0.09965999999999998,-1.0349998479406386,Neutral,Neutral,18.604,7.342,21.81,12.717,,3.9800361387e-06,0.943,"cBioPortal,COSMIC,somatic_muts,clinvar",,False,18.604,,,,neutral,neutral,neutral,,False,21.81,,,,neutral,neutral,neutral,528236,Uncertain significance,2,-0.2991,0.0409,-7.8265,loss_of_function,-3.6959843729838,0.9328,pathogenic,10.1101/2022.10.22.513328; 37085483
P98R,2.90073,2.6854866666666664,0.5504347751907896,Uncertain,Uncertain,3.87678,2.481856666666667,-0.18186923699379262,Uncertain,Uncertain,18.604,7.342,21.81,12.717,,,,clinvar,,False,18.604,,,,neutral,neutral,neutral,,False,21.81,,,,neutral,neutral,neutral,1444043,Uncertain significance,2,-0.3931,0.0409,-22.1143,loss_of_function,-6.74972083521465,0.9928,pathogenic,10.1101/2022.10.22.513328; 37085483
P98S,2.78085,2.1570300000000002,0.736353161679388,Uncertain,Uncertain,2.82225,1.8125833333333332,0.4170340454291628,Uncertain,Uncertain,18.604,7.342,21.81,12.717,,,0.952,"cBioPortal,COSMIC,somatic_muts,clinvar",,False,18.604,,,,neutral,neutral,neutral,,False,21.81,,,,neutral,neutral,neutral,822279,Uncertain significance,1,-0.323,0.0409,-22.1143,loss_of_function,-7.42683667603059,0.9911,pathogenic,10.1101/2022.10.22.513328; 37085483
P98T,2.40379,1.9060100000000002,0.45256029359143285,Uncertain,Uncertain,3.2446,1.6569166666666668,0.19540044982636384,Uncertain,Uncertain,18.604,7.342,21.81,12.717,,,0.957,"COSMIC,clinvar",,False,18.604,,,,neutral,neutral,neutral,,False,21.81,,,,neutral,neutral,neutral,1465351,Uncertain significance,1,-0.3351,0.0409,-22.1143,loss_of_function,-7.42683667603059,0.9793,pathogenic,10.1101/2022.10.22.513328; 37085483
S99C,0.00654,0.7098633333333334,0.9017605714526745,Neutral,Neutral,0.12863,-0.03832,0.8942229611133296,Neutral,Neutral,47.049,8.11,61.13,20.703,,,,clinvar,P,False,47.049,-0.626,,,damaging,neutral,uncertain,P,False,61.13,-0.049,,,damaging,neutral,uncertain,566954,Uncertain significance,1,-0.1793,0.8482,-7.8169,loss_of_function,-2.10999191868723,0.1223,benign,10.1101/2022.10.22.513328; 37085483
S99F,-0.18742,0.053743333333333386,-0.07466892668904379,Neutral,Neutral,-0.25745,-0.24795999999999999,-0.14112826109985302,Neutral,Neutral,47.049,8.11,61.13,20.703,,,0.748,"cBioPortal,COSMIC,clinvar",P,False,47.049,-0.626,,,damaging,neutral,uncertain,P,False,61.13,-0.049,,,damaging,neutral,uncertain,579376,Uncertain significance,1,-0.212,0.8482,-8.8168,loss_of_function,-4.37964932676007,0.7366,pathogenic,10.1101/2022.10.22.513328; 37085483
S99P,-0.74514,-0.8535133333333332,1.200367181011967,Neutral,Neutral,0.39379,-0.14524000000000004,1.1655677396608883,Neutral,Neutral,47.049,8.11,61.13,20.703,,,0.730,"COSMIC,somatic_muts",P,False,47.049,-0.626,,,damaging,neutral,uncertain,P,False,61.13,-0.049,,,damaging,neutral,uncertain,,,,-0.2793,0.8482,-7.232,loss_of_function,-3.58565861016749,0.4968,ambiguous,10.1101/2022.10.22.513328; 37085483
Q100H,0.6297,0.09501,0.3099820321011138,Neutral,Neutral,1.04471,0.13344333333333333,0.365332907298181,Neutral,Neutral,42.539,10.772,37.065,15.431,,,0.417,COSMIC,,False,42.539,,,,neutral,neutral,neutral,,False,37.065,,,,neutral,neutral,neutral,,,,-0.0754,1.6191,-7.232,loss_of_function,-2.00345320419082,0.2951,benign,10.1101/2022.10.22.513328; 37085483
Q100K,0.03698,0.5030633333333334,0.7744248586466996,Neutral,Neutral,-0.2151,0.7091833333333334,1.187805087501548,Neutral,Neutral,42.539,10.772,37.065,15.431,,,0.541,COSMIC,,False,42.539,,,,neutral,neutral,neutral,,False,37.065,,,,neutral,neutral,neutral,,,,-0.1834,1.6191,-22.1047,loss_of_function,-4.73372398165281,0.2262,benign,10.1101/2022.10.22.513328; 37085483
K101E,-0.29298,-0.0028333333333333322,-0.019649953329112232,Neutral,Neutral,0.19725,-0.5422933333333333,0.16123782633280456,Neutral,Neutral,74.462,5.411,73.02,8.958,,,,clinvar,,False,74.462,,,,neutral,neutral,neutral,,False,73.02,,,,neutral,neutral,neutral,1059163,Uncertain significance,2,-0.1136,1.5495,-4.3576,loss_of_function,-1.55515076737838,0.1266,benign,10.1101/2022.10.22.513328; 37085483
K101N,0.1419,0.10124666666666667,0.15326516737589777,Neutral,Neutral,0.2234,-0.23934333333333335,0.2147419987017971,Neutral,Neutral,74.462,5.411,73.02,8.958,,,0.340,"COSMIC,clinvar",,False,74.462,,,,neutral,neutral,neutral,,False,73.02,,,,neutral,neutral,neutral,237947,Uncertain significance,2,-0.1154,1.5495,-6.0096,loss_of_function,-0.423504332481986,0.2094,benign,10.1101/2022.10.22.513328; 37085483
K101Q,0.08794,-0.4605433333333333,0.23277897770069847,Neutral,Neutral,0.17352,-0.5573666666666667,0.31376589390094595,Neutral,Neutral,74.462,5.411,73.02,8.958,,,,clinvar,,False,74.462,,,,neutral,neutral,neutral,,False,73.02,,,,neutral,neutral,neutral,649735,Uncertain significance,1,-0.1107,1.5495,-8.8168,loss_of_function,-3.04929158452359,0.1082,benign,10.1101/2022.10.22.513328; 37085483
K101R,0.0624,0.2797066666666667,-0.09119249922187023,Neutral,Neutral,-0.02975,-0.55669,-0.015715841441106465,Neutral,Neutral,74.462,5.411,73.02,8.958,,,0.533,"COSMIC,somatic_muts",,False,74.462,,,,neutral,neutral,neutral,,False,73.02,,,,neutral,neutral,neutral,,,,-0.045,1.5495,-8.8168,loss_of_function,-2.01201884746741,0.0904,benign,10.1101/2022.10.22.513328; 37085483
T102A,-0.11059,0.50068,0.2916250055019898,Neutral,Neutral,0.1923,0.3620166666666667,0.3343836231953298,Neutral,Neutral,72.831,8.733,72.26,9.913,,,0.540,"cBioPortal,clinvar",,False,72.831,,,,uncertain,,,,False,72.26,,,,uncertain,,,1799231,Uncertain significance,1,-0.1776,0.7787,-7.8201,loss_of_function,-2.53667362556609,0.081,benign,10.1101/2022.10.22.513328; 37085483
T102I,-0.41146,-0.17324333333333333,-0.6470229009219525,Neutral,Neutral,-0.32454,-0.7040799999999999,-0.40593800267573976,Neutral,Neutral,72.831,8.733,72.26,9.913,,,0.540,"cBioPortal,COSMIC,somatic_muts,clinvar",,False,72.831,,,,uncertain,,,,False,72.26,,,,uncertain,,,186132,Conflicting interpretations of pathogenicity,1,-0.2086,0.7787,-8.82,loss_of_function,-1.7672563726994,0.1692,benign,10.1101/2022.10.22.513328; 37085483
T102P,-0.96979,-0.41848,0.9219746249071776,Neutral,Neutral,0.22913,0.013719999999999987,0.9964431488212852,Neutral,Neutral,72.831,8.733,72.26,9.913,,,0.542,COSMIC,,False,72.831,,,,uncertain,,,,False,72.26,,,,uncertain,,,,,,-0.347,0.7787,-8.82,loss_of_function,-1.84925043894037,0.076,benign,10.1101/2022.10.22.513328; 37085483
T102S,0.13624,0.49206666666666665,0.42770155583175745,Neutral,Neutral,0.28891,0.2647366666666667,0.3556526916868268,Neutral,Neutral,72.831,8.733,72.26,9.913,,,,clinvar,,False,72.831,,,,neutral,,,,False,72.26,,,,neutral,,,582041,Uncertain significance,2,-0.2142,0.7787,-22.1079,loss_of_function,-3.36761345082637,0.0959,benign,10.1101/2022.10.22.513328; 37085483
Y103C,0.73683,1.6052166666666665,2.044296162203128,Neutral,Uncertain,0.44276,1.089,1.7722337004486068,Neutral,Neutral,49.328,4.914,57.22,10.125,,,0.870,cBioPortal,,False,49.328,,,,uncertain,,,,False,57.22,,,,uncertain,,,,,,-0.4045,0.1909,-22.1174,loss_of_function,-7.00222762676875,0.4456,ambiguous,10.1101/2022.10.22.513328; 37085483
Y103F,-0.15262,0.2591833333333333,0.3126905017274362,Neutral,Neutral,-0.08271,0.02154333333333332,0.2794738386823152,Neutral,Neutral,49.328,4.914,57.22,10.125,,,0.775,COSMIC,,False,49.328,,,,uncertain,,,,False,57.22,,,,uncertain,,,,,,-0.1985,0.1909,-7.8297,loss_of_function,-0.729552418459478,0.1061,benign,10.1101/2022.10.22.513328; 37085483
Y103H,0.77645,0.8176866666666666,0.9842246122097073,Neutral,Neutral,0.5687,0.2951266666666667,0.7251438672516205,Neutral,Neutral,49.328,4.914,57.22,10.125,,,0.870,cBioPortal,,False,49.328,,,,uncertain,,,,False,57.22,,,,uncertain,,,,,,-0.2585,0.1909,-5.8297,loss_of_function,-2.42969434848,0.4862,ambiguous,10.1101/2022.10.22.513328; 37085483
Q104H,0.34053,-0.3249433333333333,-0.2958844732114631,Neutral,Neutral,0.36222,0.18752666666666665,-0.12403942576010109,Neutral,Neutral,63.127,10.858,51.585,11.472,,,0.336,"cBioPortal,COSMIC,somatic_muts",,False,63.127,,,,neutral,neutral,neutral,,False,51.585,,,,neutral,neutral,neutral,,,,-0.0948,1.2981,-5.2416,loss_of_function,-0.346936379405604,0.0754,benign,10.1101/2022.10.22.513328; 37085483
Q104L,-0.50451,-0.4303866666666667,-0.5125879803076111,Neutral,Neutral,-0.03489,-0.28492333333333336,-0.5940081503918689,Neutral,Neutral,63.127,10.858,51.585,11.472,,,0.520,"cBioPortal,COSMIC,somatic_muts,clinvar",,False,63.127,,,,neutral,neutral,neutral,,False,51.585,,,,neutral,neutral,neutral,945802,Conflicting interpretations of pathogenicity,1,-0.1309,1.2981,-8.8264,loss_of_function,-3.67544421069349,0.097,benign,10.1101/2022.10.22.513328; 37085483
G105A,3.00287,2.0630366666666666,2.2132017768137326,Uncertain,Uncertain,2.86047,2.47007,1.6464255819793747,Uncertain,Uncertain,35.526,9.454,41.095,22.42,,,0.905,"COSMIC,somatic_muts,clinvar",,True,35.526,,,,neutral,neutral,neutral,,True,41.095,,,,neutral,neutral,neutral,"2035647, 822977","Uncertain significance, Uncertain significance","1, 1",-0.3766,0.0719,-22.1395,loss_of_function,-6.74333955675446,0.91,pathogenic,10.1101/2022.10.22.513328; 37085483
G105C,4.6122,5.293423333333333,3.2760198767484,Destabilizing,Destabilizing,3.9387,3.6466,2.0592382593659386,Destabilizing,Uncertain,35.526,9.454,41.095,22.42,,,0.942,"cBioPortal,COSMIC,germline_muts,somatic_muts,clinvar",,True,35.526,,,,neutral,neutral,neutral,,True,41.095,,,,neutral,neutral,neutral,1802439,Pathogenic,0,-0.4363,0.0719,-22.1395,loss_of_function,-6.74333955675446,0.9886,pathogenic,10.1101/2022.10.22.513328; 37085483
G105D,5.85026,1.7835600000000003,3.185611719888357,Uncertain,Destabilizing,4.42539,2.82018,1.5382718982897459,Uncertain,Uncertain,35.526,9.454,41.095,22.42,,0.0,0.884,"cBioPortal,COSMIC,somatic_muts,clinvar",,True,35.526,,,,neutral,neutral,neutral,,True,41.095,,,,neutral,neutral,neutral,141114,Uncertain significance,2,-0.4368,0.0719,-22.1395,loss_of_function,-7.12293207473506,0.9794,pathogenic,10.1101/2022.10.22.513328; 37085483
G105F,5.33819,5.104873333333333,3.2513487941141093,Destabilizing,Destabilizing,6.60629,8.078003333333333,1.3569372956239036,Destabilizing,Uncertain,35.526,9.454,41.095,22.42,,,,cBioPortal,,True,35.526,,,,neutral,neutral,neutral,,True,41.095,,,,neutral,neutral,neutral,,,,-0.4744,0.0719,-22.1395,loss_of_function,-7.12293207473506,0.9956,pathogenic,10.1101/2022.10.22.513328; 37085483
G105R,5.00632,5.10034,3.3703840899646402,Destabilizing,Destabilizing,4.94036,5.441836666666667,1.6503566116287673,Destabilizing,Uncertain,35.526,9.454,41.095,22.42,,,0.918,"cBioPortal,COSMIC,somatic_muts,clinvar",,True,35.526,,,,neutral,neutral,neutral,,True,41.095,,,,neutral,neutral,neutral,406574,Pathogenic/Likely pathogenic,2,-0.4531,0.0719,-22.1395,loss_of_function,-7.12293207473506,0.9962,pathogenic,10.1101/2022.10.22.513328; 37085483
G105S,4.08137,1.7897999999999998,2.7652684399455496,Uncertain,Uncertain,3.66973,1.6696133333333334,1.8428376612152266,Uncertain,Uncertain,35.526,9.454,41.095,22.42,,,0.883,"cBioPortal,COSMIC,somatic_muts,clinvar",,True,35.526,,,,neutral,neutral,neutral,,True,41.095,,,,neutral,neutral,neutral,428884,Pathogenic/Likely pathogenic,2,-0.3044,0.0719,-6.8517,loss_of_function,-4.36994679958428,0.9562,pathogenic,10.1101/2022.10.22.513328; 37085483
G105V,7.01647,8.643196666666666,4.348439733056206,Destabilizing,Destabilizing,6.48524,4.068933333333333,2.588070195482747,Destabilizing,Uncertain,35.526,9.454,41.095,22.42,,,0.919,"cBioPortal,COSMIC,germline_muts,somatic_muts,clinvar",,True,35.526,,,,neutral,neutral,neutral,,True,41.095,,,,neutral,neutral,neutral,634708,Likely pathogenic,1,-0.4633,0.0719,-22.1395,loss_of_function,-7.12293207473506,0.9868,pathogenic,10.1101/2022.10.22.513328; 37085483
S106I,-0.5484,-0.3815199999999999,-0.2578929491965372,Neutral,Neutral,-0.3259,-0.37199333333333334,0.42067991149044026,Neutral,Neutral,88.432,6.404,75.315,18.547,,,0.450,"cBioPortal,COSMIC,clinvar",P,True,88.432,-0.108,,,damaging,neutral,potentially_damaging,P,True,75.315,0.198,,,damaging,neutral,potentially_damaging,629791,Uncertain significance,2,-0.1594,2.1928,-22.1426,loss_of_function,-2.28545542961298,0.0984,benign,10.1101/2022.10.22.513328; 37085483
S106R,-0.62831,-0.43129333333333336,-0.31908052043052804,Neutral,Neutral,-0.9864,-0.56587,-0.24399022828737124,Neutral,Neutral,88.432,6.404,75.315,18.547,,,0.635,"cBioPortal,COSMIC,germline_muts,somatic_muts,clinvar",P,True,88.432,-0.108,,,damaging,neutral,potentially_damaging,P,True,75.315,0.198,,,damaging,neutral,potentially_damaging,492752,Uncertain significance,1,-0.1721,2.1928,-22.1426,loss_of_function,-2.35626639900643,0.1535,benign,10.1101/2022.10.22.513328; 37085483
Y107C,1.62067,2.1417266666666666,3.7689082690284312,Uncertain,Uncertain,-5.51536,2.1481866666666667,3.4345775882458773,Uncertain,Uncertain,24.379,3.396,3.605,6.971,,,0.883,"cBioPortal,COSMIC,clinvar",,True,24.379,,,,uncertain,,,,True,3.605,,,,uncertain,,,142691,Uncertain significance,2,-0.2299,1.2242,-6.5329,loss_of_function,-3.04953526536538,0.1054,benign,10.1101/2022.10.22.513328; 37085483
Y107D,2.88449,2.5514733333333335,4.560507390489937,Uncertain,Uncertain,-2.44702,3.53492,4.423491544451951,Uncertain,Uncertain,24.379,3.396,3.605,6.971,,,0.893,"cBioPortal,COSMIC,somatic_muts,clinvar",,True,24.379,,,,uncertain,,,,True,3.605,,,,uncertain,,,641482,Uncertain significance,1,-0.2853,1.2242,-8.8547,loss_of_function,-5.59159700627411,0.8344,pathogenic,10.1101/2022.10.22.513328; 37085483
Y107H,1.68887,1.1769833333333333,2.3294889272098076,Neutral,Uncertain,-0.50075,1.8995466666666665,2.4870574427422825,Neutral,Uncertain,24.379,3.396,3.605,6.971,0.00041422380831,8.35488362841e-05,0.569,"COSMIC,germline_muts,somatic_muts,clinvar",,True,24.379,,,,uncertain,,,,True,3.605,,,,uncertain,,,140786,Benign,3,-0.1365,1.2242,-0.5695,loss_of_function,-1.59656500473781,0.1966,benign,10.1101/2022.10.22.513328; 37085483
Y107N,1.7031,2.0793666666666666,3.568892918896497,Uncertain,Uncertain,-4.40064,2.76712,3.384527190733363,Uncertain,Uncertain,24.379,3.396,3.605,6.971,,,,clinvar,,True,24.379,,,,uncertain,,,,True,3.605,,,,uncertain,,,406572,Uncertain significance,1,-0.3321,1.2242,-22.1426,loss_of_function,-5.28636910841999,0.4591,ambiguous,10.1101/2022.10.22.513328; 37085483
Y107Q,1.74348,2.1693866666666666,3.7654777604336878,Uncertain,Uncertain,-3.82912,2.4498866666666665,3.512212723686938,Uncertain,Uncertain,24.379,3.396,3.605,6.971,,,,COSMIC,,True,24.379,,,,uncertain,,,,True,3.605,,,,uncertain,,,,,,-0.3566,1.2242,-22.1426,loss_of_function,-5.59159700627411,0.7612,pathogenic,10.1101/2022.10.22.513328; 37085483
Y107S,2.52963,3.0705199999999997,4.42747793422619,Uncertain,Uncertain,-4.44622,3.054873333333333,4.0312042701637285,Uncertain,Uncertain,24.379,3.396,3.605,6.971,,,0.854,"cBioPortal,clinvar",,True,24.379,,,,uncertain,,,,True,3.605,,,,uncertain,,,142414,Uncertain significance,1,-0.3436,1.2242,-22.1426,loss_of_function,-4.2778193350046,0.448,ambiguous,10.1101/2022.10.22.513328; 37085483
G108A,4.26215,1.1973933333333333,1.4734931419910238,Uncertain,Uncertain,0.05993,1.20363,1.0064577126746943,Neutral,Neutral,9.977,5.768,26.055,11.817,,,0.668,cBioPortal,,True,9.977,,,,neutral,neutral,neutral,,True,26.055,,,,neutral,neutral,neutral,,,,-0.0759,2.4188,-5.536,loss_of_function,-1.49794798507654,0.1908,benign,10.1101/2022.10.22.513328; 37085483
G108C,4.80119,1.7158766666666667,1.9038987434985197,Uncertain,Uncertain,0.14677,1.65125,1.618690696468238,Neutral,Neutral,9.977,5.768,26.055,11.817,,7.9577918719e-06,0.654,"cBioPortal,COSMIC,clinvar",,True,9.977,,,,neutral,neutral,neutral,,True,26.055,,,,neutral,neutral,neutral,1487358,Uncertain significance,1,-0.1526,2.4188,-8.8578,loss_of_function,-1.84053211638479,0.2214,benign,10.1101/2022.10.22.513328; 37085483
G108D,5.35465,2.9740366666666667,1.2302581502169276,Uncertain,Uncertain,0.56757,3.389,0.9832362386264863,Uncertain,Neutral,9.977,5.768,26.055,11.817,,,0.651,"cBioPortal,COSMIC,germline_muts,somatic_muts,clinvar",,True,9.977,,,,neutral,neutral,neutral,,True,26.055,,,,neutral,neutral,neutral,1371608,Uncertain significance,1,-0.13,2.4188,-4.3344,loss_of_function,-0.592226911613634,0.2549,benign,10.1101/2022.10.22.513328; 37085483
G108R,4.67146,1.4395699999999998,0.879190932819948,Uncertain,Uncertain,-0.11997,2.9396833333333334,1.0133180151431518,Uncertain,Neutral,9.977,5.768,26.055,11.817,,,,"COSMIC,clinvar",,True,9.977,,,,neutral,neutral,neutral,,True,26.055,,,,neutral,neutral,neutral,458535,Uncertain significance,2,-0.1613,2.4188,-7.273,loss_of_function,-2.2979062061763,0.3172,benign,10.1101/2022.10.22.513328; 37085483
G108S,4.80247,1.3340133333333333,1.512608829233124,Uncertain,Uncertain,0.38846,1.88322,1.0206143498483977,Neutral,Neutral,9.977,5.768,26.055,11.817,,1.19366878079e-05,0.612,"cBioPortal,COSMIC,germline_muts,clinvar",,True,9.977,,,,neutral,neutral,neutral,,True,26.055,,,,neutral,neutral,neutral,142431,Likely benign,3,-0.0618,2.4188,-1.6196,loss_of_function,-1.31631783038784,0.1259,benign,10.1101/2022.10.22.513328; 37085483
G108V,7.24045,4.82585,2.5470910559695983,Destabilizing,Uncertain,0.46224,2.825623333333333,1.5849746661286603,Uncertain,Neutral,9.977,5.768,26.055,11.817,,,,clinvar,,True,9.977,,,,neutral,neutral,neutral,,True,26.055,,,,neutral,neutral,neutral,1729287,Uncertain significance,1,-0.2474,2.4188,-22.1457,loss_of_function,-3.87038867333747,0.6061,pathogenic,10.1101/2022.10.22.513328
F109C,5.05983,3.9980733333333327,4.465418988855035,Destabilizing,Destabilizing,0.77391,3.38424,3.205016887538705,Uncertain,Uncertain,0.506,0.551,0.415,0.545,,,0.965,"cBioPortal,COSMIC,somatic_muts,clinvar",,True,0.506,,,,neutral,neutral,neutral,,True,0.415,,,,neutral,neutral,neutral,634784,Likely pathogenic,0,-0.4041,0.1397,-22.1457,loss_of_function,-7.31938189731103,0.9844,pathogenic,10.1101/2022.10.22.513328; 37085483
F109I,3.6281,3.993536666666666,3.1414971205447646,Destabilizing,Destabilizing,0.40847,2.1591833333333335,1.9003787816045214,Uncertain,Neutral,0.506,0.551,0.415,0.545,,,0.837,"cBioPortal,COSMIC",,True,0.506,,,,neutral,neutral,neutral,,True,0.415,,,,neutral,neutral,neutral,,,,-0.3799,0.1397,-22.1457,loss_of_function,-6.12358780216624,0.9571,pathogenic,10.1101/2022.10.22.513328; 37085483
F109L,2.70118,2.06678,2.279546780394441,Uncertain,Uncertain,0.60501,2.47812,1.3298070257714187,Uncertain,Neutral,0.506,0.551,0.415,0.545,,,0.715,"cBioPortal,COSMIC,somatic_muts",,True,0.506,,,,neutral,neutral,neutral,,True,0.415,,,,neutral,neutral,neutral,,,,-0.261,0.1397,-6.273,loss_of_function,-3.87109101487644,0.9839,pathogenic,10.1101/2022.10.22.513328; 37085483
F109N,5.39595,4.243196666666667,4.283753878140195,Destabilizing,Destabilizing,2.03129,4.169953333333333,3.1238736470444337,Uncertain,Uncertain,0.506,0.551,0.415,0.545,,,,clinvar,,True,0.506,,,,neutral,neutral,neutral,,True,0.415,,,,neutral,neutral,neutral,2417541,Uncertain significance,1,-0.4886,0.1397,-22.1457,loss_of_function,-7.31938189731103,0.9983,pathogenic,10.1101/2022.10.22.513328
F109S,6.3279,5.02109,5.299410812042382,Destabilizing,Destabilizing,1.76073,4.53254,4.090569452787202,Uncertain,Uncertain,0.506,0.551,0.415,0.545,,,0.952,"cBioPortal,COSMIC,germline_muts,somatic_muts,clinvar",,True,0.506,,,,neutral,neutral,neutral,,True,0.415,,,,neutral,neutral,neutral,423970,Uncertain significance,2,-0.4149,0.1397,-22.1457,loss_of_function,-7.31938189731103,0.9989,pathogenic,10.1101/2022.10.22.513328; 37085483
F109V,3.97066,3.1877566666666666,3.31138315011078,Destabilizing,Destabilizing,0.22905,2.396373333333333,2.0250255111917563,Uncertain,Uncertain,0.506,0.551,0.415,0.545,,,0.875,"cBioPortal,COSMIC,clinvar",,True,0.506,,,,neutral,neutral,neutral,,True,0.415,,,,neutral,neutral,neutral,389644,Likely pathogenic,1,-0.3013,0.1397,-7.8579,loss_of_function,-6.12358780216624,0.9749,pathogenic,10.1101/2022.10.22.513328; 37085483
F109Y,1.60958,0.54093,0.7117830835394617,Neutral,Neutral,2.08873,1.3953533333333332,0.9886574994347642,Uncertain,Uncertain,0.506,0.551,0.415,0.545,,,0.848,"cBioPortal,clinvar",,True,0.506,,,,neutral,neutral,neutral,,True,0.415,,,,neutral,neutral,neutral,1054035,Uncertain significance,1,-0.3278,0.1397,-22.1457,loss_of_function,-4.40622457131549,0.8463,pathogenic,10.1101/2022.10.22.513328; 37085483
R110C,0.83615,1.5629266666666668,1.239424073376668,Neutral,Neutral,0.5029,0.8064633333333333,1.201154091967136,Neutral,Neutral,40.26,6.733,65.27,10.092,,1.98974881411e-05,0.471,"cBioPortal,COSMIC,somatic_muts,clinvar",,False,40.26,,,,neutral,neutral,neutral,,False,65.27,,,,neutral,neutral,neutral,142206,Uncertain significance,2,-0.1241,2.3313,-6.536,loss_of_function,-1.39081632871217,0.0983,benign,10.1101/2022.10.22.513328; 37085483
R110G,1.321,2.68209,1.4694285779208889,Uncertain,Neutral,0.93069,1.6834466666666665,1.4970178754959278,Neutral,Neutral,40.26,6.733,65.27,10.092,,,0.577,"cBioPortal,COSMIC,somatic_muts,clinvar",,False,40.26,,,,neutral,neutral,neutral,,False,65.27,,,,neutral,neutral,neutral,823452,Uncertain significance,1,-0.2303,2.3313,-22.1457,loss_of_function,-3.3371356995395,0.2211,benign,10.1101/2022.10.22.513328; 37085483
R110H,1.0972,0.87857,0.3478873007051076,Neutral,Neutral,0.89647,0.3098666666666667,0.24255223155616176,Neutral,Neutral,40.26,6.733,65.27,10.092,3.18694626809e-05,4.7754731698e-05,0.592,"cBioPortal,COSMIC,germline_muts,clinvar",,False,40.26,,,,neutral,neutral,neutral,,False,65.27,,,,neutral,neutral,neutral,127808,Likely benign,3,-0.0748,2.3313,-4.5361,loss_of_function,-0.70853961877809,0.0631,benign,10.1101/2022.10.22.513328; 37085483
R110L,0.59942,1.02982,-0.013518402098111601,Neutral,Neutral,0.056,0.33854999999999996,0.042625320546934964,Neutral,Neutral,40.26,6.733,65.27,10.092,,0.0,0.632,"cBioPortal,COSMIC,germline_muts,somatic_muts,clinvar",,False,40.26,,,,neutral,neutral,neutral,,False,65.27,,,,neutral,neutral,neutral,406597,Pathogenic/Likely pathogenic,2,-0.1244,2.3313,-7.8579,loss_of_function,-2.17467226116893,0.2152,benign,10.1101/2022.10.22.513328; 37085483
R110P,5.14927,7.937639999999999,4.488239002910404,Destabilizing,Destabilizing,3.73284,2.107936666666667,3.0881321031092455,Uncertain,Destabilizing,40.26,6.733,65.27,10.092,,,0.593,"cBioPortal,COSMIC,germline_muts,somatic_muts,clinvar",,False,40.26,,,,neutral,neutral,neutral,,False,65.27,,,,neutral,neutral,neutral,"641505, 233627","Pathogenic, Pathogenic","1, 2",-0.337,2.3313,-22.1457,loss_of_function,-4.23188871816848,0.9045,pathogenic,10.1101/2022.10.22.513328; 37085483
R110S,0.91206,1.47381,0.9642744642445672,Neutral,Neutral,0.56343,0.96576,0.9403774141473497,Neutral,Neutral,40.26,6.733,65.27,10.092,,,0.525,"COSMIC,clinvar",,False,40.26,,,,neutral,neutral,neutral,,False,65.27,,,,neutral,neutral,neutral,140921,Uncertain significance,2,-0.1954,2.3313,-22.1457,loss_of_function,-2.41640473303228,0.2343,benign,10.1101/2022.10.22.513328; 37085483
L111M,0.34424,1.4984133333333334,1.4907653159407372,Neutral,Neutral,0.48819,1.4224500000000002,1.473014805343748,Neutral,Neutral,17.157,4.571,3.605,4.306,,,0.517,"cBioPortal,COSMIC,clinvar",,False,17.157,,,,neutral,neutral,neutral,,False,3.605,,,,neutral,neutral,neutral,836750,Uncertain significance,1,-0.1505,1.0662,-8.8609,loss_of_function,-3.546138403816,0.3444,ambiguous,10.1101/2022.10.22.513328; 37085483
L111P,3.45893,3.77279,6.811184331448868,Destabilizing,Destabilizing,1.01792,3.8420633333333334,6.1985548133387445,Uncertain,Uncertain,17.157,4.571,3.605,4.306,,,0.864,"cBioPortal,COSMIC,germline_muts,somatic_muts,clinvar",,False,17.157,,,,neutral,neutral,neutral,,False,3.605,,,,neutral,neutral,neutral,376630,Conflicting interpretations of pathogenicity,1,-0.4043,1.0662,-22.1488,loss_of_function,-6.86455845713059,0.9584,pathogenic,10.1101/2022.10.22.513328; 37085483
L111Q,3.22469,2.987643333333333,3.0520470715141457,Uncertain,Destabilizing,2.89446,2.8969399999999994,2.8627613784857573,Uncertain,Uncertain,17.157,4.571,3.605,4.306,,,0.869,"cBioPortal,COSMIC,somatic_muts,clinvar",,False,17.157,,,,neutral,neutral,neutral,,False,3.605,,,,neutral,neutral,neutral,376632,Uncertain significance,1,-0.3417,1.0662,-22.1488,loss_of_function,-6.86455845713059,0.9593,pathogenic,10.1101/2022.10.22.513328; 37085483
L111R,5.1043,4.245466666666666,4.189862403967236,Destabilizing,Destabilizing,7.11225,5.18356,3.6961562817400018,Destabilizing,Destabilizing,17.157,4.571,3.605,4.306,,,0.862,"cBioPortal,COSMIC,somatic_muts,clinvar",,False,17.157,,,,neutral,neutral,neutral,,False,3.605,,,,neutral,neutral,neutral,376631,Likely pathogenic,0,-0.4011,1.0662,-22.1488,loss_of_function,-6.86455845713059,0.9601,pathogenic,10.1101/2022.10.22.513328; 37085483
L111V,2.22608,1.53594,1.633586171505238,Uncertain,Uncertain,-0.34605,2.797506666666667,1.469804042575254,Uncertain,Neutral,17.157,4.571,3.605,4.306,,,0.456,"cBioPortal,clinvar",,False,17.157,,,,neutral,neutral,neutral,,False,3.605,,,,neutral,neutral,neutral,1730178,Uncertain significance,1,-0.1219,1.0662,-0.7012,loss_of_function,-0.706742687105901,0.1396,benign,10.1101/2022.10.22.513328; 37085483
G112C,0.66786,0.6901366666666666,1.2218505416678098,Neutral,Neutral,-0.42314,1.5805,0.5601729863934406,Neutral,Neutral,16.098,6.56,57.365,15.775,,,,COSMIC,,False,16.098,,,,neutral,neutral,neutral,,False,57.365,,,,neutral,neutral,neutral,,,,-0.1639,2.296,-8.8609,loss_of_function,-1.53299814309711,0.3776,ambiguous,10.1101/2022.10.22.513328; 37085483
G112D,1.03587,0.0627,0.53617482714416,Neutral,Neutral,-0.37903,0.6362800000000001,0.1223734366335381,Neutral,Neutral,16.098,6.56,57.365,15.775,,,,"COSMIC,clinvar",,False,16.098,,,,neutral,neutral,neutral,,False,57.365,,,,neutral,neutral,neutral,1319402,Uncertain significance,2,-0.1644,2.296,-8.8609,loss_of_function,-0.99843218722014,0.4302,ambiguous,10.1101/2022.10.22.513328; 37085483
G112R,0.67663,0.033900000000000007,0.17695188686031074,Neutral,Neutral,-0.3888,1.6373000000000004,-0.46184747252455655,Neutral,Neutral,16.098,6.56,57.365,15.775,,,,cBioPortal,,False,16.098,,,,neutral,neutral,neutral,,False,57.365,,,,neutral,neutral,neutral,,,,-0.151,2.296,-3.0537,loss_of_function,-1.653371145859,0.5622,ambiguous,10.1101/2022.10.22.513328
G112S,0.97124,0.01621333333333334,0.8637550292307247,Neutral,Neutral,-0.16642,0.7227899999999999,0.4536857862571145,Neutral,Neutral,16.098,6.56,57.365,15.775,,3.9798777382e-06,,"COSMIC,somatic_muts,clinvar",,False,16.098,,,,neutral,neutral,neutral,,False,57.365,,,,neutral,neutral,neutral,492575,Uncertain significance,2,-0.0705,2.296,-1.1129,loss_of_function,0.334341221521181,0.1593,benign,10.1101/2022.10.22.513328; 37085483
F113C,3.67206,3.635146666666667,3.586983331264866,Destabilizing,Destabilizing,-1.34734,2.475963333333333,3.1059549358732075,Uncertain,Uncertain,25.101,6.733,4.055,8.69,,,0.952,"cBioPortal,COSMIC,somatic_muts,clinvar",,False,25.101,,,,neutral,neutral,neutral,,False,4.055,,,,neutral,neutral,neutral,634690,Uncertain significance,1,-0.4149,0.0223,-22.1457,loss_of_function,-5.3182039737857,0.9677,pathogenic,10.1101/2022.10.22.513328; 37085483
F113G,5.20406,4.86882,5.077688357365515,Destabilizing,Destabilizing,-0.57622,3.377776666666667,4.334133958487581,Uncertain,Uncertain,25.101,6.733,4.055,8.69,,,,"cBioPortal,somatic_muts",,False,25.101,,,,neutral,neutral,neutral,,False,4.055,,,,neutral,neutral,neutral,,,,-0.4821,0.0223,-22.1457,loss_of_function,-7.21795550754685,0.9967,pathogenic,10.1101/2022.10.22.513328; 37085483
F113I,2.87156,4.268820000000001,2.0493091855044763,Uncertain,Uncertain,-1.28772,1.6562366666666666,2.049867566500397,Neutral,Uncertain,25.101,6.733,4.055,8.69,,,,"cBioPortal,COSMIC,clinvar",,False,25.101,,,,neutral,neutral,neutral,,False,4.055,,,,neutral,neutral,neutral,1469551,Uncertain significance,1,-0.3907,0.0223,-22.1457,loss_of_function,-4.62039939052872,0.9262,pathogenic,10.1101/2022.10.22.513328; 37085483
F113L,2.03432,3.0096366666666667,1.603806771507533,Uncertain,Uncertain,-1.81861,1.4363933333333332,1.5948633147308893,Neutral,Neutral,25.101,6.733,4.055,8.69,,,0.783,"cBioPortal,COSMIC,somatic_muts,clinvar",,False,25.101,,,,neutral,neutral,neutral,,False,4.055,,,,neutral,neutral,neutral,2125367,Likely pathogenic,1,-0.3528,0.0223,-22.1457,loss_of_function,-4.5916909414059,0.9964,pathogenic,10.1101/2022.10.22.513328; 37085483
F113P,5.15957,5.184236666666666,6.010821904677936,Destabilizing,Destabilizing,-0.57084,5.34898,6.5521571925723805,Uncertain,Uncertain,25.101,6.733,4.055,8.69,,,,"cBioPortal,COSMIC",,False,25.101,,,,neutral,neutral,neutral,,False,4.055,,,,neutral,neutral,neutral,,,,-0.5701,0.0223,-22.1457,loss_of_function,-7.21795550754685,0.9993,pathogenic,10.1101/2022.10.22.513328; 37085483
F113S,4.68659,4.009523333333334,4.0960700905169105,Destabilizing,Destabilizing,-0.54105,2.9341266666666663,3.529885500039722,Uncertain,Uncertain,25.101,6.733,4.055,8.69,,,0.952,"cBioPortal,COSMIC,somatic_muts,clinvar",,False,25.101,,,,neutral,neutral,neutral,,False,4.055,,,,neutral,neutral,neutral,823709,Uncertain significance,2,-0.4258,0.0223,-22.1457,loss_of_function,-6.13349417321062,0.9952,pathogenic,10.1101/2022.10.22.513328; 37085483
F113V,3.24652,3.07381,2.4389003508898224,Destabilizing,Uncertain,-1.69667,2.16939,2.150152586967908,Uncertain,Uncertain,25.101,6.733,4.055,8.69,,,,"cBioPortal,COSMIC,somatic_muts,clinvar",,False,25.101,,,,neutral,neutral,neutral,,False,4.055,,,,neutral,neutral,neutral,141302,Conflicting interpretations of pathogenicity,1,-0.385,0.0223,-22.1457,loss_of_function,-5.04973460316859,0.9446,pathogenic,10.1101/2022.10.22.513328; 37085483
L114F,0.42358,0.34558,0.8976743821728652,Neutral,Neutral,0.05708,0.47834666666666664,0.16733608795547836,Neutral,Neutral,45.06,10.968,79.985,9.243,,,,"cBioPortal,COSMIC,somatic_muts",,False,45.06,,,,neutral,neutral,neutral,,False,79.985,,,,neutral,neutral,neutral,,,,-0.2395,1.2277,-22.1457,loss_of_function,-4.11368345820104,0.2723,benign,10.1101/2022.10.22.513328; 37085483
L114S,1.19405,1.1931966666666665,2.290430916273014,Neutral,Uncertain,0.01258,0.5776633333333333,0.6825154805755983,Neutral,Neutral,45.06,10.968,79.985,9.243,,,,clinvar,,False,45.06,,,,neutral,neutral,neutral,,False,79.985,,,,neutral,neutral,neutral,458536,Conflicting interpretations of pathogenicity,1,-0.3365,1.2277,-22.1457,loss_of_function,-3.11324781431236,0.4267,ambiguous,10.1101/2022.10.22.513328; 37085483
L114V,0.67211,0.2709766666666667,0.9135428274226279,Neutral,Neutral,0.69911,0.71032,0.6290965146335729,Neutral,Neutral,45.06,10.968,79.985,9.243,,,,clinvar,,False,45.06,,,,neutral,neutral,neutral,,False,79.985,,,,neutral,neutral,neutral,1011474,Uncertain significance,1,-0.1487,1.2277,-8.8578,loss_of_function,-2.82763989652406,0.1575,benign,10.1101/2022.10.22.513328; 37085483
H115N,-0.02441,0.39818666666666663,1.125117712002757,Neutral,Neutral,-0.29993,0.23140666666666668,0.324301665024207,Neutral,Neutral,50.964,23.091,46.325,14.27,,,,clinvar,,False,50.964,,,,neutral,neutral,neutral,,False,46.325,,,,neutral,neutral,neutral,480741,Conflicting interpretations of pathogenicity,1,-0.0998,1.2631,-5.0506,loss_of_function,0.308822816233988,0.059,benign,10.1101/2022.10.22.513328; 37085483
H115R,0.11326,0.7269833333333334,0.8890301887329407,Neutral,Neutral,-0.33911,0.5916100000000001,0.2037327274086255,Neutral,Neutral,50.964,23.091,46.325,14.27,,,,clinvar,,False,50.964,,,,neutral,neutral,neutral,,False,46.325,,,,neutral,neutral,neutral,182925,Likely benign,3,-0.1489,1.2631,-8.8578,loss_of_function,-0.639219997941988,0.0837,benign,10.1101/2022.10.22.513328; 37085483
H115Y,-0.53453,-0.7055566666666667,-0.34159679567383766,Neutral,Neutral,-0.21133,-0.18469333333333338,0.08090185143215829,Neutral,Neutral,50.964,23.091,46.325,14.27,,,0.517,"cBioPortal,COSMIC,somatic_muts",,False,50.964,,,,neutral,neutral,neutral,,False,46.325,,,,neutral,neutral,neutral,,,,-0.1522,1.2631,-22.1457,loss_of_function,-3.31338370914593,0.1234,benign,10.1101/2022.10.22.513328; 37085483
S116A,0.07697,-0.003516666666666677,0.09796022859271779,Neutral,Neutral,0.46573,0.19558,-0.26139779665644564,Neutral,Neutral,48.175,16.585,61.285,23.204,,,,clinvar,,False,48.175,,,,uncertain,,,,False,61.285,,,,uncertain,,,649358,Uncertain significance,2,-0.1914,0.2264,-8.8578,loss_of_function,-2.00341217169089,0.1921,benign,10.1101/2022.10.22.513328; 37085483
S116C,0.00361,0.6839,0.538789475488223,Neutral,Neutral,0.27214,0.4579366666666667,0.33009888251225034,Neutral,Neutral,48.175,16.585,61.285,23.204,,,0.706,"cBioPortal,COSMIC,somatic_muts",,False,48.175,,,,uncertain,,,,False,61.285,,,,uncertain,,,,,,-0.2419,0.2264,-8.8578,loss_of_function,-2.45105725928614,0.2552,benign,10.1101/2022.10.22.513328; 37085483
S116F,-0.17705,-0.039909999999999946,-0.4384938356187915,Neutral,Neutral,0.41256,0.19059,-0.8488716831658291,Neutral,Neutral,48.175,16.585,61.285,23.204,,,0.728,"cBioPortal,COSMIC",,False,48.175,,,,uncertain,,,,False,61.285,,,,uncertain,,,,,,-0.2643,0.2264,-7.8579,loss_of_function,-4.33430097327344,0.6667,pathogenic,10.1101/2022.10.22.513328; 37085483
S116P,0.05403,1.8577100000000002,1.8321267256090268,Neutral,Neutral,2.27828,3.3786833333333335,3.87954633128221,Uncertain,Uncertain,48.175,16.585,61.285,23.204,,,,"COSMIC,somatic_muts",,False,48.175,,,,uncertain,,,,False,61.285,,,,uncertain,,,,,,-0.4126,0.2264,-22.1457,loss_of_function,-4.16912442701375,0.693,pathogenic,10.1101/2022.10.22.513328; 37085483
G117A,0.82463,0.30476,0.13585380934102517,Neutral,Neutral,1.98307,-0.13492,0.3980794590655394,Neutral,Neutral,77.232,26.61,89.125,26.802,,3.9826357083e-06,0.778,"cBioPortal,clinvar",,False,77.232,,,,neutral,neutral,neutral,,False,89.125,,,,neutral,neutral,neutral,1055289,Uncertain significance,1,-0.2944,0.9651,-22.1457,loss_of_function,-3.3959861353324,0.539,ambiguous,10.1101/2022.10.22.513328; 37085483
G117E,0.82202,-0.66145,-0.0866587125129622,Neutral,Neutral,2.21904,-0.7407033333333333,0.18408723439118765,Uncertain,Uncertain,77.232,26.61,89.125,26.802,,3.9826357083e-06,0.784,"COSMIC,somatic_muts,clinvar",,False,77.232,,,,neutral,neutral,neutral,,False,89.125,,,,neutral,neutral,neutral,2450745,Uncertain significance,1,-0.354,0.9651,-22.1457,loss_of_function,-3.5766581696358,0.9517,pathogenic,10.1101/2022.10.22.513328; 37085483
G117R,0.98855,0.17199666666666666,-0.14129539342051356,Neutral,Neutral,2.3268,0.07585333333333337,-0.08410836404251121,Uncertain,Uncertain,77.232,26.61,89.125,26.802,,,0.770,"COSMIC,somatic_muts,clinvar",,False,77.232,,,,neutral,neutral,neutral,,False,89.125,,,,neutral,neutral,neutral,"1462102, 480758","Uncertain significance, Uncertain significance","1, 1",-0.3031,0.9651,-8.8578,loss_of_function,-2.8438013983937,0.9297,pathogenic,10.1101/2022.10.22.513328; 37085483
G117V,1.66892,0.5497766666666667,0.45914563196483177,Neutral,Neutral,4.17445,0.9393433333333335,0.6181936507736939,Uncertain,Uncertain,77.232,26.61,89.125,26.802,,,0.832,"cBioPortal,COSMIC,clinvar",,False,77.232,,,,neutral,neutral,neutral,,False,89.125,,,,neutral,neutral,neutral,837018,Uncertain significance,1,-0.3812,0.9651,-22.1457,loss_of_function,-4.80793000393827,0.8929,pathogenic,10.1101/2022.10.22.513328; 37085483
T118A,0.14783,1.0913833333333331,0.40294965177290826,Neutral,Neutral,-0.41709,0.2573666666666667,0.2887926313286206,Neutral,Neutral,83.888,29.309,38.605,18.356,,,0.842,COSMIC,,False,83.888,,,,uncertain,,,,False,38.605,,,,uncertain,,,,,,-0.2351,0.2115,-8.8578,loss_of_function,-3.04870572018323,0.3644,ambiguous,10.1101/2022.10.22.513328; 37085483
T118I,-0.20581,0.5945600000000001,-0.09642464993162476,Neutral,Neutral,0.02413,0.4370766666666667,-0.4364320866566919,Neutral,Neutral,83.888,29.309,38.605,18.356,,,0.897,"cBioPortal,COSMIC,germline_muts,clinvar",,False,83.888,,,,uncertain,,,,False,38.605,,,,uncertain,,,419837,Uncertain significance,3,-0.2609,0.2115,-8.8578,loss_of_function,-3.94190866086847,0.7032,pathogenic,10.1101/2022.10.22.513328; 37085483
T118R,0.08285,0.6736966666666667,-0.09337139274090393,Neutral,Neutral,0.20555,1.25873,0.006299159124078169,Neutral,Neutral,83.888,29.309,38.605,18.356,,,0.907,COSMIC,,False,83.888,,,,uncertain,,,,False,38.605,,,,uncertain,,,,,,-0.3888,0.2115,-22.1457,loss_of_function,-4.92809207480131,0.6794,pathogenic,10.1101/2022.10.22.513328; 37085483
A119D,-0.11764,0.5329933333333333,0.3969688957868526,Neutral,Neutral,-0.23911,-0.4120166666666667,-0.103992393160607,Neutral,Neutral,42.583,20.978,76.5,11.593,,,0.944,"cBioPortal,COSMIC,clinvar",,False,42.583,,,,neutral,neutral,neutral,,False,76.5,,,,neutral,neutral,neutral,1732774,Uncertain significance,1,-0.3417,0.1344,-8.8671,loss_of_function,-6.3051272670469,0.9957,pathogenic,10.1101/2022.10.22.513328; 37085483
A119G,0.37623,1.38492,1.0561525375469463,Neutral,Neutral,0.12281,0.6346933333333333,0.5660967076257888,Neutral,Neutral,42.583,20.978,76.5,11.593,,,0.856,"cBioPortal,COSMIC,germline_muts,clinvar",,False,42.583,,,,neutral,neutral,neutral,,False,76.5,,,,neutral,neutral,neutral,949408,Uncertain significance,1,-0.3213,0.1344,-22.155,loss_of_function,-5.75946166142197,0.8488,pathogenic,10.1101/2022.10.22.513328; 37085483
A119P,0.57614,2.390363333333333,1.2607986588469136,Uncertain,Neutral,2.47948,2.4997700000000003,3.381123770302999,Uncertain,Uncertain,42.583,20.978,76.5,11.593,,,,clinvar,,False,42.583,,,,neutral,neutral,neutral,,False,76.5,,,,neutral,neutral,neutral,481073,Uncertain significance,1,-0.4492,0.1344,-22.155,loss_of_function,-4.29837734991741,0.9356,pathogenic,10.1101/2022.10.22.513328; 37085483
A119T,0.64568,1.02823,0.11802236138098181,Neutral,Neutral,0.77272,0.16337666666666664,-0.04230365207279446,Neutral,Neutral,42.583,20.978,76.5,11.593,,,,somatic_muts,,False,42.583,,,,neutral,neutral,neutral,,False,76.5,,,,neutral,neutral,neutral,,,,-0.2163,0.1344,-6.0599,loss_of_function,-1.94280040245004,0.6385,pathogenic,10.1101/2022.10.22.513328
A119V,0.41682,0.7613366666666668,-0.31373179225313647,Neutral,Neutral,0.73988,0.8529466666666666,-0.26025621057775505,Neutral,Neutral,42.583,20.978,76.5,11.593,,,0.906,COSMIC,,False,42.583,,,,neutral,neutral,neutral,,False,76.5,,,,neutral,neutral,neutral,,,,-0.2955,0.1344,-22.155,loss_of_function,-5.19463022480001,0.9157,pathogenic,10.1101/2022.10.22.513328; 37085483
K120E,-0.22422,-0.005556666666666664,-0.2152555625139622,Neutral,Neutral,-0.29453,-0.37255999999999995,-0.38542251322704013,Neutral,Neutral,88.323,10.555,84.915,12.308,,,0.925,"cBioPortal,COSMIC,somatic_muts,clinvar",,False,88.323,,,,neutral,neutral,neutral,,False,84.915,,,,neutral,neutral,neutral,141098,Conflicting interpretations of pathogenicity,1,-0.3429,0.0442,-22.155,loss_of_function,-4.63546258999546,0.9978,pathogenic,10.1101/2022.10.22.513328; 37085483
K120M,0.18806,-0.11020333333333333,0.004520072355937432,Neutral,Neutral,-0.07504,-0.10963666666666666,-0.23679455515940173,Neutral,Neutral,88.323,10.555,84.915,12.308,,,0.920,"cBioPortal,COSMIC,somatic_muts,clinvar",,False,88.323,,,,neutral,neutral,neutral,,False,84.915,,,,neutral,neutral,neutral,917693,Uncertain significance,1,-0.2603,0.0442,-8.8671,loss_of_function,-7.28062631544254,0.997,pathogenic,10.1101/2022.10.22.513328; 37085483
K120N,0.25399,-0.15226666666666666,0.016327496387745038,Neutral,Neutral,0.24704,-0.14648666666666668,-0.15745669360539427,Neutral,Neutral,88.323,10.555,84.915,12.308,,,0.862,"cBioPortal,COSMIC",,False,88.323,,,,neutral,neutral,neutral,,False,84.915,,,,neutral,neutral,neutral,,,,-0.3362,0.0442,-22.155,loss_of_function,-5.54074595282046,0.9987,pathogenic,10.1101/2022.10.22.513328; 37085483
K120Q,-0.03033,-0.3,0.13838468773355483,Neutral,Neutral,-0.00623,-0.34716333333333327,-0.041495416566590566,Neutral,Neutral,88.323,10.555,84.915,12.308,,,0.899,"cBioPortal,COSMIC,clinvar",,False,88.323,,,,neutral,neutral,neutral,,False,84.915,,,,neutral,neutral,neutral,423255,Uncertain significance,2,-0.3172,0.0442,-22.155,loss_of_function,-4.56771286265142,0.9942,pathogenic,10.1101/2022.10.22.513328; 37085483
K120R,0.05923,0.31655,-0.0815389040907521,Neutral,Neutral,0.02132,0.17483,-0.23383377136017158,Neutral,Neutral,88.323,10.555,84.915,12.308,,,0.861,"cBioPortal,COSMIC,somatic_muts,clinvar",,False,88.323,,,,neutral,neutral,neutral,,False,84.915,,,,neutral,neutral,neutral,1360099,Uncertain significance,1,-0.2516,0.0442,-22.155,loss_of_function,-3.63933736432837,0.6345,pathogenic,10.1101/2022.10.22.513328; 37085483
K120T,0.17886,0.06020333333333333,0.10237542437521356,Neutral,Neutral,0.37135,-0.3615633333333334,-0.06143453248943146,Neutral,Neutral,88.323,10.555,84.915,12.308,,,0.917,COSMIC,,False,88.323,,,,neutral,neutral,neutral,,False,84.915,,,,neutral,neutral,neutral,,,,-0.34,0.0442,-22.155,loss_of_function,-5.90090569288512,0.9939,pathogenic,10.1101/2022.10.22.513328; 37085483
S121F,-0.16748,0.14251666666666665,-0.06271362939119027,Neutral,Neutral,-0.5252,-0.4445566666666667,-0.23083847606862284,Neutral,Neutral,82.28,13.898,94.48,15.044,,,0.928,COSMIC,,False,82.28,,,,uncertain,,,,False,94.48,,,,uncertain,,,,,,-0.3561,0.0222,-22.155,loss_of_function,-3.87121486998236,0.9907,pathogenic,10.1101/2022.10.22.513328; 37085483
S121P,3.18061,3.3524933333333333,4.564459619355612,Destabilizing,Destabilizing,0.28869,2.4954666666666667,2.383427727118832,Uncertain,Uncertain,82.28,13.898,94.48,15.044,,,,clinvar,,False,82.28,,,,uncertain,,,,False,94.48,,,,uncertain,,,854451,Uncertain significance,2,-0.4315,0.0222,-22.155,loss_of_function,-7.22257451018822,0.9975,pathogenic,10.1101/2022.10.22.513328; 37085483
S121T,1.26872,1.1571433333333332,0.7934162638097289,Neutral,Neutral,-0.04586,0.1507933333333333,0.32174575363010954,Neutral,Neutral,82.28,13.898,94.48,15.044,,,,"germline_muts,somatic_muts",,False,82.28,,,,neutral,,,,False,94.48,,,,neutral,,,,,,-0.2687,0.0222,-22.155,loss_of_function,-2.93737178047625,0.8597,pathogenic,10.1101/2022.10.22.513328; 37085483
S121Y,-0.02521,0.05793666666666667,-0.05133693370679463,Neutral,Neutral,-0.46746,-0.5310666666666667,-0.13246424674833734,Neutral,Neutral,82.28,13.898,94.48,15.044,,,0.921,"cBioPortal,COSMIC",,False,82.28,,,,uncertain,,,,False,94.48,,,,uncertain,,,,,,-0.3609,0.0222,-22.155,loss_of_function,-5.93163641213085,0.977,pathogenic,10.1101/2022.10.22.513328; 37085483
V122A,0.42148,1.4824266666666668,1.1341023534773809,Neutral,Neutral,-1.97387,1.5396866666666666,1.3224194230849535,Neutral,Neutral,30.468,13.892,12.755,5.404,,,,clinvar,,False,30.468,,,,neutral,neutral,neutral,,False,12.755,,,,neutral,neutral,neutral,1465964,Uncertain significance,2,-0.1509,0.9804,-0.7004,loss_of_function,-1.76350618499936,0.7958,pathogenic,10.1101/2022.10.22.513328; 37085483
V122L,0.10866,1.6178,0.5530554137422379,Neutral,Neutral,1.93484,1.3548766666666667,1.2127712631686907,Neutral,Neutral,30.468,13.892,12.755,5.404,,,0.730,"COSMIC,somatic_muts,clinvar",,False,30.468,,,,neutral,neutral,neutral,,False,12.755,,,,neutral,neutral,neutral,2121740,Uncertain significance,1,-0.1932,0.9804,-8.8702,loss_of_function,-2.71835073884853,0.9597,pathogenic,10.1101/2022.10.22.513328; 37085483
V122M,0.08937,1.5884333333333334,0.9562153109277185,Neutral,Neutral,0.1591,1.2268700000000001,1.390937888937825,Neutral,Neutral,30.468,13.892,12.755,5.404,,,0.770,"cBioPortal,clinvar",,False,30.468,,,,neutral,neutral,neutral,,False,12.755,,,,neutral,neutral,neutral,141101,Likely benign,3,-0.2701,0.9804,-22.1581,loss_of_function,-3.60531022220006,0.8281,pathogenic,10.1101/2022.10.22.513328; 37085483
T123I,-0.24521,0.9733533333333334,-0.09750119879214443,Neutral,Neutral,-0.13208,0.2672366666666667,-0.18815409102200267,Neutral,Neutral,37.718,8.947,31.685,11.228,,,0.859,"COSMIC,clinvar",,False,37.718,,,,uncertain,,,,False,31.685,,,,uncertain,,,480737,Uncertain significance,1,-0.2498,0.2461,-7.2884,loss_of_function,-3.81089778015391,0.7275,pathogenic,10.1101/2022.10.22.513328; 37085483
T123S,-0.01379,0.45,0.3443417645646301,Neutral,Neutral,-0.6831,0.47279,0.17135917912988793,Neutral,Neutral,37.718,8.947,31.685,11.228,,,,clinvar,,False,37.718,,,,neutral,,,,False,31.685,,,,neutral,,,1460570,Uncertain significance,1,-0.2635,0.2461,-22.1612,loss_of_function,-2.83100541577873,0.5218,ambiguous,10.1101/2022.10.22.513328; 37085483
C124F,2.06278,1.4163266666666667,-0.20822726896894536,Uncertain,Uncertain,14.49033,3.281633333333333,0.6466124988270975,Destabilizing,Uncertain,7.518,7.071,0.27,0.508,,,0.792,COSMIC,,True,7.518,,,,neutral,neutral,neutral,,True,0.27,,,,neutral,neutral,neutral,,,,-0.283,1.4701,-8.8733,loss_of_function,-1.9121478721896,0.4765,ambiguous,10.1101/2022.10.22.513328; 37085483
C124G,1.50225,2.57506,2.3072999720781895,Uncertain,Uncertain,0.14789,2.5481866666666666,2.4391535262818103,Uncertain,Uncertain,7.518,7.071,0.27,0.508,,,0.843,"cBioPortal,COSMIC,clinvar",,True,7.518,,,,neutral,neutral,neutral,,True,0.27,,,,neutral,neutral,neutral,230661,Uncertain significance,1,-0.2815,1.4701,-8.8733,loss_of_function,-5.88245089714293,0.5754,pathogenic,10.1101/2022.10.22.513328; 37085483
C124L,0.15342,2.4786866666666665,-0.3911593270291485,Uncertain,Neutral,3.054,1.7503400000000002,-0.5868540872133663,Uncertain,Uncertain,7.518,7.071,0.27,0.508,,,,"cBioPortal,COSMIC",,True,7.518,,,,neutral,neutral,neutral,,True,0.27,,,,neutral,neutral,neutral,,,,-0.4138,1.4701,-22.1612,loss_of_function,-3.54227661798402,0.8639,pathogenic,10.1101/2022.10.22.513328; 37085483
C124R,3.40308,5.06984,1.4759102363727195,Destabilizing,Uncertain,11.5456,6.443993333333334,2.2993868476171886,Destabilizing,Uncertain,7.518,7.071,0.27,0.508,,,0.883,"cBioPortal,COSMIC,somatic_muts",,True,7.518,,,,neutral,neutral,neutral,,True,0.27,,,,neutral,neutral,neutral,,,,-0.4091,1.4701,-22.1612,loss_of_function,-5.29044806310019,0.9764,pathogenic,10.1101/2022.10.22.513328; 37085483
C124S,0.88032,1.49195,1.3880337841901271,Neutral,Neutral,0.47955,1.40941,1.4811109332322951,Neutral,Neutral,7.518,7.071,0.27,0.508,,,0.668,"COSMIC,somatic_muts,clinvar",,True,7.518,,,,neutral,neutral,neutral,,True,0.27,,,,neutral,neutral,neutral,"1021578, 182926","Uncertain significance, Uncertain significance","1, 3",-0.2506,1.4701,-3.1455,loss_of_function,-1.74552172632798,0.4372,ambiguous,10.1101/2022.10.22.513328; 37085483
C124W,5.6304,5.117913333333334,0.7953651353562142,Destabilizing,Uncertain,23.10774,5.90238,1.7954034168174697,Destabilizing,Uncertain,7.518,7.071,0.27,0.508,,,,somatic_muts,,True,7.518,,,,neutral,neutral,neutral,,True,0.27,,,,neutral,neutral,neutral,,,,-0.2445,1.4701,-0.7186,loss_of_function,-0.067669720157014,0.7055,pathogenic,10.1101/2022.10.22.513328
C124Y,3.42956,3.1800466666666662,0.4094826607331263,Destabilizing,Uncertain,18.29257,6.838549999999999,1.5948777091994444,Destabilizing,Uncertain,7.518,7.071,0.27,0.508,,,0.713,"cBioPortal,COSMIC",,True,7.518,,,,neutral,neutral,neutral,,True,0.27,,,,neutral,neutral,neutral,,,,-0.277,1.4701,-5.8734,loss_of_function,-1.02496409689317,0.6263,pathogenic,10.1101/2022.10.22.513328; 37085483
T125A,1.5058,0.7709733333333334,0.31096227608579347,Neutral,Neutral,-0.37242,0.5719933333333334,0.461404533557544,Neutral,Neutral,4.495,5.269,1.7,2.139,,,0.943,"cBioPortal,COSMIC,clinvar",,True,4.495,,,,uncertain,,,,True,1.7,,,,uncertain,,,1734453,Uncertain significance,1,-0.3143,0.088,-22.1612,loss_of_function,-3.69569381712477,0.9598,pathogenic,10.1101/2022.10.22.513328; 37085483
T125I,1.43596,1.489,-0.015348512878126108,Neutral,Neutral,-0.19693,1.05431,-0.6338789981906942,Neutral,Neutral,4.495,5.269,1.7,2.139,,,,cBioPortal,,True,4.495,,,,uncertain,,,,True,1.7,,,,uncertain,,,,,,-0.3402,0.088,-22.1612,loss_of_function,-5.00501852348552,0.9893,pathogenic,10.1101/2022.10.22.513328; 37085483
T125K,4.88883,6.10476,1.1575611894574391,Destabilizing,Uncertain,3.53393,7.649886666666667,1.3016694667997473,Destabilizing,Uncertain,4.495,5.269,1.7,2.139,,,0.963,"cBioPortal,COSMIC,germline_muts,somatic_muts,clinvar",,True,4.495,,,,uncertain,,,,True,1.7,,,,uncertain,,,216465,Pathogenic/Likely pathogenic,2,-0.3974,0.088,-22.1612,loss_of_function,-2.4608657686824,0.9893,pathogenic,10.1101/2022.10.22.513328; 37085483
T125M,1.25207,2.1612233333333335,0.19663528870003996,Uncertain,Neutral,0.39173,2.6481866666666667,-0.09540248289972782,Uncertain,Neutral,4.495,5.269,1.7,2.139,3.1847133758e-05,,0.925,"cBioPortal,COSMIC,germline_muts,somatic_muts,clinvar",,True,4.495,,,,uncertain,,,,True,1.7,,,,uncertain,,,183748,Conflicting interpretations of pathogenicity,1,-0.2913,0.088,-8.8733,loss_of_function,-3.69157310336068,0.9602,pathogenic,10.1101/2022.10.22.513328; 37085483
T125N,2.42682,2.4089566666666666,0.5728760229123705,Uncertain,Uncertain,0.43704,1.41066,0.39252734306339004,Neutral,Neutral,4.495,5.269,1.7,2.139,,,,cBioPortal,,True,4.495,,,,uncertain,,,,True,1.7,,,,uncertain,,,,,,-0.3699,0.088,-22.1612,loss_of_function,-3.73799870025625,0.9794,pathogenic,10.1101/2022.10.22.513328
T125P,3.96314,4.914966666666666,5.093010492580056,Destabilizing,Destabilizing,2.33575,4.437416666666667,4.011419790285473,Uncertain,Uncertain,4.495,5.269,1.7,2.139,,,0.945,"cBioPortal,COSMIC,germline_muts,somatic_muts,clinvar",,True,4.495,,,,uncertain,,,,True,1.7,,,,uncertain,,,376666,Uncertain significance,1,-0.4786,0.088,-22.1612,loss_of_function,-5.32216348223569,0.9855,pathogenic,10.1101/2022.10.22.513328; 37085483
T125R,7.51574,6.049093333333334,0.5210751151490114,Destabilizing,Uncertain,5.55374,9.016436666666666,0.6670851210157102,Destabilizing,Uncertain,4.495,5.269,1.7,2.139,,,0.963,"cBioPortal,COSMIC,germline_muts,somatic_muts,clinvar",,True,4.495,,,,uncertain,,,,True,1.7,,,,uncertain,,,376667,Pathogenic/Likely pathogenic,2,-0.3324,0.088,-8.8733,loss_of_function,-5.1784825919015,0.9823,pathogenic,10.1101/2022.10.22.513328; 37085483
Y126C,2.86646,3.3637200000000003,3.7438727905611024,Uncertain,Uncertain,-0.06205,2.27415,3.013775052587216,Uncertain,Uncertain,21.948,7.86,22.23,7.687,,,0.981,"cBioPortal,COSMIC,germline_muts,somatic_muts,clinvar",P,True,21.948,-0.156,,,damaging,uncertain,potentially_damaging,P,True,22.23,-0.405,,,damaging,neutral,potentially_damaging,458541,Conflicting interpretations of pathogenicity,1,-0.3975,0.2714,-22.1946,loss_of_function,-7.66884365354854,0.8716,pathogenic,10.1101/2022.10.22.513328; 37085483
Y126D,4.17442,5.14875,4.433797696087389,Destabilizing,Destabilizing,0.55699,4.261793333333333,4.036674015095346,Uncertain,Uncertain,21.948,7.86,22.23,7.687,,,0.979,"cBioPortal,COSMIC,somatic_muts,clinvar",P,True,21.948,-0.156,,,damaging,damaging,potentially_damaging,P,True,22.23,-0.405,,,damaging,neutral,potentially_damaging,265333,Conflicting interpretations of pathogenicity,1,-0.441,0.2714,-22.1946,loss_of_function,-7.66884365354854,0.995,pathogenic,10.1101/2022.10.22.513328; 37085483
Y126H,2.74204,2.7061233333333337,2.1453264745479057,Uncertain,Uncertain,1.11364,1.5265300000000002,2.041417678800776,Neutral,Uncertain,21.948,7.86,22.23,7.687,,,0.961,"cBioPortal,COSMIC,somatic_muts,clinvar",P,True,21.948,-0.156,,,damaging,uncertain,potentially_damaging,P,True,22.23,-0.405,,,damaging,neutral,potentially_damaging,1734755,Conflicting interpretations of pathogenicity,1,-0.3346,0.2714,-22.1946,loss_of_function,-2.81945396308076,0.9448,pathogenic,10.1101/2022.10.22.513328; 37085483
Y126N,3.12953,4.03061,3.340382099904017,Destabilizing,Destabilizing,0.56624,2.521546666666666,2.878496715283324,Uncertain,Uncertain,21.948,7.86,22.23,7.687,,,0.965,"cBioPortal,COSMIC,somatic_muts,clinvar",P,True,21.948,-0.156,,,damaging,damaging,potentially_damaging,P,True,22.23,-0.405,,,damaging,neutral,potentially_damaging,428871,Uncertain significance,2,-0.42,0.2714,-22.1946,loss_of_function,-7.66884365354854,0.9806,pathogenic,10.1101/2022.10.22.513328; 37085483
Y126S,4.12205,4.48424,4.1729391807079645,Destabilizing,Destabilizing,0.75038,2.908053333333333,3.5295076430915557,Uncertain,Uncertain,21.948,7.86,22.23,7.687,,,0.972,"cBioPortal,COSMIC,somatic_muts,clinvar",P,True,21.948,-0.156,,,uncertain,damaging,potentially_damaging,P,True,22.23,-0.405,,,uncertain,neutral,potentially_damaging,1054765,Uncertain significance,1,-0.4316,0.2714,-22.1946,loss_of_function,-7.66884365354854,0.97,pathogenic,10.1101/2022.10.22.513328; 37085483
S127C,0.63569,-0.22199666666666665,0.5771538798892294,Neutral,Neutral,-0.36542,-0.41122,0.23245576317075875,Neutral,Neutral,0.055,0.444,5.555,5.104,,,0.916,"cBioPortal,COSMIC,clinvar",,True,0.055,,,,uncertain,,,,True,5.555,,,,uncertain,,,219532,Pathogenic,1,-0.3307,0.0001,-22.1976,loss_of_function,-4.84694629009541,0.8325,pathogenic,10.1101/2022.10.22.513328; 37085483
S127F,11.27279,4.402496666666667,2.94081772293636,Destabilizing,Uncertain,0.01289,1.6128133333333334,-0.7412933730455785,Neutral,Neutral,0.055,0.444,5.555,5.104,,,0.925,"cBioPortal,COSMIC,somatic_muts,clinvar",,True,0.055,,,,uncertain,,,,True,5.555,,,,uncertain,,,182928,Conflicting interpretations of pathogenicity,1,-0.3583,0.0001,-22.1976,loss_of_function,-8.07108885348846,0.9947,pathogenic,10.1101/2022.10.22.513328; 37085483
S127P,2.82674,3.8521533333333333,5.709204999612877,Uncertain,Uncertain,4.44205,1.884126666666667,6.2334558522877215,Uncertain,Destabilizing,0.055,0.444,5.555,5.104,,,0.957,"cBioPortal,COSMIC,germline_muts,somatic_muts,clinvar",,True,0.055,,,,uncertain,,,,True,5.555,,,,uncertain,,,934410,Pathogenic,2,-0.4337,0.0001,-22.1976,loss_of_function,-8.07108885348846,0.9962,pathogenic,10.1101/2022.10.22.513328; 37085483
S127T,1.52434,0.27721,0.6628887834216405,Neutral,Neutral,0.79849,-0.05838666666666668,0.1302968063134142,Neutral,Neutral,0.055,0.444,5.555,5.104,,,0.924,"cBioPortal,COSMIC,germline_muts,somatic_muts,clinvar",,True,0.055,,,,neutral,,,,True,5.555,,,,neutral,,,824232,Conflicting interpretations of pathogenicity,1,-0.2709,0.0001,-22.1976,loss_of_function,-4.84694629009541,0.8718,pathogenic,10.1101/2022.10.22.513328; 37085483
S127Y,14.19332,3.2331066666666666,3.795087196751112,Destabilizing,Destabilizing,1.94147,2.6908166666666666,-0.29141961131668154,Uncertain,Neutral,0.055,0.444,5.555,5.104,,,0.918,"cBioPortal,COSMIC,somatic_muts,clinvar",,True,0.055,,,,uncertain,,,,True,5.555,,,,uncertain,,,656751,Pathogenic,3,-0.3631,0.0001,-22.1976,loss_of_function,-8.07108885348846,0.9839,pathogenic,10.1101/2022.10.22.513328; 37085483
P128A,1.40828,0.77041,-0.3567227611273395,Neutral,Neutral,1.39993,1.3107733333333333,0.08755254771107705,Neutral,Neutral,64.293,7.172,59.685,5.444,,,0.482,"cBioPortal,COSMIC",,True,64.293,,,,neutral,neutral,neutral,,True,59.685,,,,neutral,neutral,neutral,,,,-0.0883,1.774,-7.3249,loss_of_function,-1.54778559425076,0.0757,benign,10.1101/2022.10.22.513328; 37085483
P128F,1.00727,0.7692733333333334,-0.8347909671678669,Neutral,Neutral,1.46517,1.52052,-0.33510896585111727,Neutral,Neutral,64.293,7.172,59.685,5.444,,,,cBioPortal,,True,64.293,,,,neutral,neutral,neutral,,True,59.685,,,,neutral,neutral,neutral,,,,-0.1575,1.774,-8.9098,loss_of_function,-2.62455036394329,0.4162,ambiguous,10.1101/2022.10.22.513328; 37085483
P128L,1.06127,0.94739,-0.8706335659703105,Neutral,Neutral,1.33598,1.0706333333333333,-0.45064522728604534,Neutral,Neutral,64.293,7.172,59.685,5.444,,,0.501,"cBioPortal,COSMIC,somatic_muts,clinvar",,True,64.293,,,,neutral,neutral,neutral,,True,59.685,,,,neutral,neutral,neutral,824286,Uncertain significance,2,-0.135,1.774,-6.9099,loss_of_function,-2.31336388121896,0.1109,benign,10.1101/2022.10.22.513328; 37085483
P128R,1.20379,1.0397933333333333,-0.6157552153914766,Neutral,Neutral,1.48304,1.2250566666666667,-0.25650945090099275,Neutral,Neutral,64.293,7.172,59.685,5.444,,,,"somatic_muts,clinvar",,True,64.293,,,,neutral,neutral,neutral,,True,59.685,,,,neutral,neutral,neutral,1718564,Uncertain significance,1,-0.2341,1.774,-22.1976,loss_of_function,-4.46718637714041,0.1368,benign,10.1101/2022.10.22.513328
P128S,1.47367,0.8151933333333333,-0.2666894779555657,Neutral,Neutral,1.45607,0.9501133333333334,-0.0244843997107783,Neutral,Neutral,64.293,7.172,59.685,5.444,,,0.516,"cBioPortal,COSMIC,somatic_muts",,True,64.293,,,,neutral,neutral,neutral,,True,59.685,,,,neutral,neutral,neutral,,,,-0.08,1.774,-5.74,loss_of_function,-0.552517416553064,0.1068,benign,10.1101/2022.10.22.513328; 37085483
P128T,1.83034,1.0214299999999998,-0.27174592282689813,Neutral,Neutral,2.03383,0.9590733333333334,-0.05795229927163157,Uncertain,Uncertain,64.293,7.172,59.685,5.444,,,,clinvar,,True,64.293,,,,neutral,neutral,neutral,,True,59.685,,,,neutral,neutral,neutral,480743,Conflicting interpretations of pathogenicity,1,-0.0688,1.774,-1.182,loss_of_function,-1.64287482783618,0.0922,benign,10.1101/2022.10.22.513328; 37085483
A129D,0.49218,0.23707666666666663,0.18351190508605064,Neutral,Neutral,0.83169,-0.34308333333333335,0.4751427399476486,Neutral,Neutral,68.824,8.27,68.135,18.157,,,0.553,"COSMIC,somatic_muts,clinvar",,True,68.824,,,,neutral,neutral,neutral,,True,68.135,,,,neutral,neutral,neutral,1735669,Benign,1,-0.0757,2.6798,-2.6245,loss_of_function,0.297108760232245,0.0679,benign,10.1101/2022.10.22.513328; 37085483
A129G,0.62183,1.0259666666666667,0.6785985650895398,Neutral,Neutral,-1.57167,-0.9707500000000001,0.7543869243960414,Neutral,Neutral,68.824,8.27,68.135,18.157,,,0.407,"COSMIC,clinvar",,True,68.824,,,,neutral,neutral,neutral,,True,68.135,,,,neutral,neutral,neutral,458542,Uncertain significance,1,-0.0195,2.6798,-8.9098,loss_of_function,-1.34299511046981,0.0979,benign,10.1101/2022.10.22.513328; 37085483
A129S,0.44557,0.19240333333333334,0.21123902747946288,Neutral,Neutral,0.47784,-0.29626,0.6634424324628079,Neutral,Neutral,68.824,8.27,68.135,18.157,,,,"cBioPortal,clinvar",,True,68.824,,,,neutral,neutral,neutral,,True,68.135,,,,neutral,neutral,neutral,824314,Conflicting interpretations of pathogenicity,1,0.0338,2.6798,-4.1025,gain_of_function,-0.253874820879764,0.0672,benign,10.1101/2022.10.22.513328; 37085483
A129T,0.35975,-0.014399999999999994,0.09002641172475989,Neutral,Neutral,0.8408,-0.9275533333333333,0.9423113391739549,Neutral,Neutral,68.824,8.27,68.135,18.157,,,0.438,"COSMIC,somatic_muts,clinvar",,True,68.824,,,,neutral,neutral,neutral,,True,68.135,,,,neutral,neutral,neutral,482217,Conflicting interpretations of pathogenicity,1,0.025,2.6798,-4.662,gain_of_function,-0.0060963391508014,0.063,benign,10.1101/2022.10.22.513328; 37085483
A129V,0.11102,-0.16439666666666666,-0.23732942485961894,Neutral,Neutral,1.02458,1.4661,0.7195316443909988,Neutral,Neutral,68.824,8.27,68.135,18.157,,,0.468,"COSMIC,somatic_muts,clinvar",,True,68.824,,,,neutral,neutral,neutral,,True,68.135,,,,neutral,neutral,neutral,133280,not provided,0,0.024,2.6798,-5.4505,gain_of_function,-0.0124595129485265,0.0707,benign,10.1101/2022.10.22.513328; 37085483
L130F,1.04931,0.9051033333333333,1.0653357981105016,Neutral,Neutral,0.16772,0.7654200000000001,0.32689682612305593,Neutral,Neutral,36.942,6.552,67.615,14.483,,,0.921,"cBioPortal,COSMIC,germline_muts,somatic_muts,clinvar",,False,36.942,,,,neutral,neutral,neutral,,False,67.615,,,,neutral,neutral,neutral,216466,Conflicting interpretations of pathogenicity,1,-0.3508,0.0216,-22.2006,loss_of_function,-7.40410911027577,0.8335,pathogenic,10.1101/2022.10.22.513328; 37085483
L130H,1.52599,0.94728,1.6459895396074373,Neutral,Neutral,0.46391,0.7572533333333333,0.36029855164044805,Neutral,Neutral,36.942,6.552,67.615,14.483,,,0.924,"cBioPortal,COSMIC,germline_muts,somatic_muts,clinvar",,False,36.942,,,,neutral,neutral,neutral,,False,67.615,,,,neutral,neutral,neutral,824351,Pathogenic,1,-0.4597,0.0216,-22.2006,loss_of_function,-6.63614231326096,0.916,pathogenic,10.1101/2022.10.22.513328; 37085483
L130I,1.24594,0.85102,0.9939146628169305,Neutral,Neutral,0.14862,0.16916333333333333,0.28064953505600393,Neutral,Neutral,36.942,6.552,67.615,14.483,,,0.795,"cBioPortal,COSMIC,somatic_muts",,False,36.942,,,,neutral,neutral,neutral,,False,67.615,,,,neutral,neutral,neutral,,,,-0.2236,0.0216,-8.9128,loss_of_function,-2.74581486455328,0.4647,ambiguous,10.1101/2022.10.22.513328; 37085483
L130P,2.57737,4.59059,5.3372858145700235,Uncertain,Uncertain,0.13513,4.1168933333333335,3.8631573115453257,Uncertain,Uncertain,36.942,6.552,67.615,14.483,,,0.927,"cBioPortal,COSMIC,germline_muts,somatic_muts,clinvar",,False,36.942,,,,neutral,neutral,neutral,,False,67.615,,,,neutral,neutral,neutral,428873,Pathogenic,2,-0.5007,0.0216,-22.2006,loss_of_function,-7.93738882511137,0.9844,pathogenic,10.1101/2022.10.22.513328; 37085483
L130R,0.55735,1.0193866666666667,1.6046940192562467,Neutral,Neutral,0.04631,0.6075966666666667,0.3545513071538773,Neutral,Neutral,36.942,6.552,67.615,14.483,,,0.918,"cBioPortal,COSMIC,somatic_muts",,False,36.942,,,,neutral,neutral,neutral,,False,67.615,,,,neutral,neutral,neutral,,,,-0.4975,0.0216,-22.2006,loss_of_function,-5.59660198154064,0.6991,pathogenic,10.1101/2022.10.22.513328; 37085483
L130V,2.06235,0.9091833333333333,1.3758239932652903,Uncertain,Uncertain,0.42206,0.18027,0.35865439344443556,Neutral,Neutral,36.942,6.552,67.615,14.483,,,0.887,"cBioPortal,COSMIC,somatic_muts,clinvar",,False,36.942,,,,neutral,neutral,neutral,,False,67.615,,,,neutral,neutral,neutral,458543,Conflicting interpretations of pathogenicity,1,-0.3277,0.0216,-22.2006,loss_of_function,-3.61657390990045,0.4003,ambiguous,10.1101/2022.10.22.513328; 37085483
N131D,0.04461,0.6751666666666667,0.4340984019537508,Neutral,Neutral,-0.56385,1.0392266666666667,0.12211765513292842,Neutral,Neutral,66.971,4.019,53.24,12.195,,,0.724,"cBioPortal,somatic_muts",,False,66.971,,,,neutral,neutral,neutral,,False,53.24,,,,neutral,neutral,neutral,,,,-0.2355,1.048,-22.2006,loss_of_function,-3.41354932165107,0.1983,benign,10.1101/2022.10.22.513328; 37085483
N131H,0.65302,0.8571466666666666,0.41249998781784764,Neutral,Neutral,0.37607,0.46712,-0.25902440181201913,Neutral,Neutral,66.971,4.019,53.24,12.195,,,0.820,"COSMIC,somatic_muts",,False,66.971,,,,neutral,neutral,neutral,,False,53.24,,,,neutral,neutral,neutral,,,,-0.1694,1.048,-8.9128,loss_of_function,-4.08943111458614,0.1721,benign,10.1101/2022.10.22.513328; 37085483
N131I,3.09878,5.202496666666666,2.2134266433729475,Destabilizing,Uncertain,1.10253,1.0651933333333332,-0.04160679296889589,Neutral,Neutral,66.971,4.019,53.24,12.195,,,0.939,"cBioPortal,COSMIC,germline_muts,somatic_muts,clinvar",,False,66.971,,,,neutral,neutral,neutral,,False,53.24,,,,neutral,neutral,neutral,428902,Pathogenic,2,-0.2147,1.048,-8.9128,loss_of_function,-3.95781788600926,0.9111,pathogenic,10.1101/2022.10.22.513328; 37085483
N131K,0.08464,1.10669,0.5085600029767273,Neutral,Neutral,-0.2551,0.23922999999999997,0.11293555285511714,Neutral,Neutral,66.971,4.019,53.24,12.195,3.18613394507e-05,1.1969740496e-05,"0.661, 0.662","cBioPortal,COSMIC,somatic_muts,clinvar",,False,66.971,,,,neutral,neutral,neutral,,False,53.24,,,,neutral,neutral,neutral,246429,Uncertain significance,3,-0.1261,1.048,-0.7631,loss_of_function,-2.08630271146585,0.3836,ambiguous,10.1101/2022.10.22.513328; 37085483
N131S,0.80261,1.7730166666666667,0.958165666688037,Neutral,Neutral,0.63867,0.9395700000000001,0.27752750321638525,Neutral,Neutral,66.971,4.019,53.24,12.195,,,0.859,"cBioPortal,COSMIC,germline_muts,somatic_muts,clinvar",,False,66.971,,,,neutral,neutral,neutral,,False,53.24,,,,neutral,neutral,neutral,1057941,Uncertain significance,2,-0.2022,1.048,-22.2006,loss_of_function,-5.06631023309027,0.1566,benign,10.1101/2022.10.22.513328; 37085483
N131T,2.46415,2.593313333333333,1.7094881656425607,Uncertain,Uncertain,0.77423,1.0975033333333333,0.24078023927049327,Neutral,Neutral,66.971,4.019,53.24,12.195,,,0.907,"cBioPortal,COSMIC,somatic_muts",,False,66.971,,,,neutral,neutral,neutral,,False,53.24,,,,neutral,neutral,neutral,,,,-0.1788,1.048,-7.9128,loss_of_function,-3.83700919409569,0.5533,ambiguous,10.1101/2022.10.22.513328; 37085483
N131Y,0.50558,1.3320866666666666,0.776900478998404,Neutral,Neutral,-0.01416,0.20567,-0.2467553931925328,Neutral,Neutral,66.971,4.019,53.24,12.195,,,0.879,"cBioPortal,COSMIC,somatic_muts,clinvar",,False,66.971,,,,neutral,neutral,neutral,,False,53.24,,,,neutral,neutral,neutral,141988,Pathogenic,1,-0.273,1.048,-22.2006,loss_of_function,-6.0282901283126,0.5291,ambiguous,10.1101/2022.10.22.513328; 37085483
K132E,2.26837,1.96338,1.991285496394859,Uncertain,Uncertain,2.83844,1.0858266666666667,1.0602145803838854,Uncertain,Uncertain,10.041,4.067,12.68,6.789,,3.988544899e-06,0.968,"cBioPortal,COSMIC,germline_muts,somatic_muts,clinvar",,False,10.041,,,,neutral,neutral,neutral,,False,12.68,,,,neutral,neutral,neutral,376626,Pathogenic/Likely pathogenic,2,-0.3422,0.0546,-22.2036,loss_of_function,-7.55769165067509,0.9978,pathogenic,10.1101/2022.10.22.513328; 37085483
K132I,0.12481,-0.8226733333333334,0.16301083993710272,Neutral,Neutral,0.62702,-1.66383,-0.4630952791168323,Neutral,Neutral,10.041,4.067,12.68,6.789,,,,cBioPortal,,False,10.041,,,,neutral,neutral,neutral,,False,12.68,,,,neutral,neutral,neutral,,,,-0.3556,0.0546,-22.2036,loss_of_function,-6.84932683484845,0.997,pathogenic,10.1101/2022.10.22.513328; 37085483
K132M,-1.11502,-0.4289133333333333,0.35217174493818915,Neutral,Neutral,-0.74018,-0.57789,-0.26250117926907307,Neutral,Neutral,10.041,4.067,12.68,6.789,,,,"cBioPortal,COSMIC,somatic_muts,clinvar",,False,10.041,,,,neutral,neutral,neutral,,False,12.68,,,,neutral,neutral,neutral,376629,Uncertain significance,1,-0.2515,0.0546,-7.3309,loss_of_function,-3.94411653735206,0.9874,pathogenic,10.1101/2022.10.22.513328; 37085483
K132N,1.32215,2.0173466666666666,1.5246814620372684,Uncertain,Neutral,0.94995,1.0407033333333333,0.6970723345569826,Neutral,Neutral,10.041,4.067,12.68,6.789,,,,"cBioPortal,COSMIC,somatic_muts,clinvar",,False,10.041,,,,neutral,neutral,neutral,,False,12.68,,,,neutral,neutral,neutral,"634773, 376624","Pathogenic/Likely pathogenic, Likely pathogenic","2, 3",-0.3355,0.0546,-22.2036,loss_of_function,-7.55769165067509,0.9987,pathogenic,10.1101/2022.10.22.513328; 37085483
K132Q,0.61728,0.69286,1.2631472539278645,Neutral,Neutral,0.64447,0.27834333333333333,0.5161726868746207,Neutral,Neutral,10.041,4.067,12.68,6.789,,,0.944,"cBioPortal,COSMIC,germline_muts,somatic_muts,clinvar",,False,10.041,,,,neutral,neutral,neutral,,False,12.68,,,,neutral,neutral,neutral,376628,Uncertain significance,1,-0.3165,0.0546,-22.2036,loss_of_function,-7.55769165067509,0.9807,pathogenic,10.1101/2022.10.22.513328; 37085483
K132R,-0.03293,0.05215333333333335,0.6655338066487565,Neutral,Neutral,-0.08235,-0.26474,-0.07293554667199297,Neutral,Neutral,10.041,4.067,12.68,6.789,,0.0,,"cBioPortal,COSMIC,germline_muts,somatic_muts,clinvar",,False,10.041,,,,neutral,neutral,neutral,,False,12.68,,,,neutral,neutral,neutral,376625,Pathogenic,2,-0.2509,0.0546,-22.2036,loss_of_function,-4.12552491681601,0.5077,ambiguous,10.1101/2022.10.22.513328; 37085483
K132T,1.06562,0.3705233333333333,1.4131641701933748,Neutral,Neutral,0.77992,-0.23174666666666668,0.49794203402604137,Neutral,Neutral,10.041,4.067,12.68,6.789,,,,"cBioPortal,COSMIC,somatic_muts,clinvar",,False,10.041,,,,neutral,neutral,neutral,,False,12.68,,,,neutral,neutral,neutral,376627,Likely pathogenic,0,-0.3393,0.0546,-22.2036,loss_of_function,-7.8200062696862,0.9872,pathogenic,10.1101/2022.10.22.513328; 37085483
K132W,4.17212,0.98027,-0.05435955757946829,Uncertain,Uncertain,1.66782,-0.16780000000000003,-0.9322759115372022,Neutral,Neutral,10.041,4.067,12.68,6.789,,,,"COSMIC,somatic_muts",,False,10.041,,,,neutral,neutral,neutral,,False,12.68,,,,neutral,neutral,neutral,,,,-0.3974,0.0546,-22.2036,loss_of_function,-7.8200062696862,0.9994,pathogenic,10.1101/2022.10.22.513328; 37085483
M133I,2.11971,1.5667799999999998,0.21498312210214113,Uncertain,Uncertain,0.58849,0.48390333333333335,0.4989158086633634,Neutral,Neutral,1.237,1.277,1.33,0.78,,7.9728286001e-06,"0.477, 0.479","cBioPortal,COSMIC,somatic_muts,clinvar",,False,1.237,,,,neutral,neutral,neutral,,False,1.33,,,,neutral,neutral,neutral,421437,Conflicting interpretations of pathogenicity,1,-0.2907,0.306,-22.2066,loss_of_function,-3.928979085432,0.5785,pathogenic,10.1101/2022.10.22.513328; 37085483
M133K,3.50805,4.1081666666666665,3.156884748443184,Destabilizing,Destabilizing,3.66539,3.3286866666666666,1.9693244328947952,Destabilizing,Uncertain,1.237,1.277,1.33,0.78,,,0.845,"cBioPortal,COSMIC,somatic_muts,clinvar",,False,1.237,,,,neutral,neutral,neutral,,False,1.33,,,,neutral,neutral,neutral,2430159,Likely pathogenic,0,-0.4359,0.306,-22.2066,loss_of_function,-7.34409950369429,0.9651,pathogenic,10.1101/2022.10.22.513328; 37085483
M133L,0.244,0.20521666666666669,-0.21673986837698278,Neutral,Neutral,0.25145,0.07415000000000001,-0.1262886579070129,Neutral,Neutral,1.237,1.277,1.33,0.78,,,0.426,"COSMIC,somatic_muts",,False,1.237,,,,neutral,neutral,neutral,,False,1.33,,,,neutral,neutral,neutral,,,,-0.1447,0.306,-0.0765,loss_of_function,-0.324119412855083,0.0735,benign,10.1101/2022.10.22.513328; 37085483
M133R,4.12969,3.9620166666666665,1.9968989104882817,Destabilizing,Uncertain,4.92389,2.9984133333333336,1.230351901022144,Uncertain,Uncertain,1.237,1.277,1.33,0.78,,,0.849,"cBioPortal,COSMIC,germline_muts,somatic_muts",,False,1.237,,,,neutral,neutral,neutral,,False,1.33,,,,neutral,neutral,neutral,,,,-0.4632,0.306,-22.2066,loss_of_function,-7.34409950369429,0.969,pathogenic,10.1101/2022.10.22.513328; 37085483
M133T,3.41363,2.6999999999999997,1.9039590224919205,Uncertain,Uncertain,2.29609,2.6268700000000003,1.9637428595696882,Uncertain,Uncertain,1.237,1.277,1.33,0.78,,,0.780,"cBioPortal,COSMIC,germline_muts,somatic_muts,clinvar",,False,1.237,,,,neutral,neutral,neutral,,False,1.33,,,,neutral,neutral,neutral,12357,Pathogenic,2,-0.3445,0.306,-22.2066,loss_of_function,-6.95369664079319,0.9114,pathogenic,10.1101/2022.10.22.513328; 37085483
M133V,1.51133,1.11485,0.5488394058344884,Neutral,Neutral,0.86057,0.8232433333333334,0.8634743894587863,Neutral,Neutral,1.237,1.277,1.33,0.78,,3.9868275219e-06,0.503,"COSMIC,somatic_muts,clinvar",,False,1.237,,,,neutral,neutral,neutral,,False,1.33,,,,neutral,neutral,neutral,528246,Uncertain significance,1,-0.2549,0.306,-8.9187,loss_of_function,-3.96856910757131,0.2123,benign,10.1101/2022.10.22.513328; 37085483
F134C,3.70326,3.94626,4.7298848286719055,Destabilizing,Destabilizing,2.6887,2.9781200000000005,3.8339893263989304,Uncertain,Uncertain,0.073,0.353,2.775,2.611,,3.9849845781e-06,0.949,"cBioPortal,COSMIC,somatic_muts,clinvar",,False,0.073,,,,neutral,neutral,neutral,,False,2.775,,,,neutral,neutral,neutral,230477,Likely pathogenic,1,-0.3372,0.8705,-22.2066,loss_of_function,-7.13917580462256,0.9992,pathogenic,10.1101/2022.10.22.513328; 37085483
F134I,1.84005,1.8939899999999998,2.750117229830971,Neutral,Uncertain,1.06701,1.7431999999999999,1.8029887548435202,Neutral,Neutral,0.073,0.353,2.775,2.611,,,0.955,"cBioPortal,COSMIC,somatic_muts,clinvar",,False,0.073,,,,neutral,neutral,neutral,,False,2.775,,,,neutral,neutral,neutral,480953,Pathogenic,1,-0.313,0.8705,-22.2066,loss_of_function,-6.89973504256994,0.9978,pathogenic,10.1101/2022.10.22.513328; 37085483
F134L,1.55104,2.81213,2.2579016474781475,Uncertain,Uncertain,0.81456,1.70204,1.3329257233741105,Neutral,Neutral,0.073,0.353,2.775,2.611,,,"0.872, 0.942","cBioPortal,COSMIC,germline_muts,somatic_muts,clinvar",,False,0.073,,,,neutral,neutral,neutral,,False,2.775,,,,neutral,neutral,neutral,"1018290, 871293, 80710","Uncertain significance, Conflicting interpretations of pathogenicity, Uncertain significance","1, 1, 1",-0.2751,0.8705,-22.2066,loss_of_function,-6.01506292260617,0.9996,pathogenic,10.1101/2022.10.22.513328; 37085483
F134S,5.17705,5.10476,5.600850957409166,Destabilizing,Destabilizing,3.63165,3.35941,4.334287978191088,Destabilizing,Destabilizing,0.073,0.353,2.775,2.611,,,0.942,"cBioPortal,COSMIC,somatic_muts,clinvar",,False,0.073,,,,neutral,neutral,neutral,,False,2.775,,,,neutral,neutral,neutral,1519634,Uncertain significance,1,-0.348,0.8705,-22.2066,loss_of_function,-7.13917580462256,0.9992,pathogenic,10.1101/2022.10.22.513328; 37085483
F134V,2.57389,2.09354,3.1496349755111908,Uncertain,Uncertain,1.41817,1.7626966666666668,2.197896846204562,Neutral,Uncertain,0.073,0.353,2.775,2.611,,,0.959,"cBioPortal,COSMIC,somatic_muts,clinvar",,False,0.073,,,,neutral,neutral,neutral,,False,2.775,,,,neutral,neutral,neutral,988615,Conflicting interpretations of pathogenicity,1,-0.3073,0.8705,-22.2066,loss_of_function,-6.89973504256994,0.9977,pathogenic,10.1101/2022.10.22.513328; 37085483
F134Y,1.14653,0.5815199999999999,1.0983239942667051,Neutral,Neutral,0.3023,0.19966000000000003,0.4996469422699276,Neutral,Neutral,0.073,0.353,2.775,2.611,,,,"germline_muts,clinvar",,False,0.073,,,,neutral,neutral,neutral,,False,2.775,,,,neutral,neutral,neutral,1509393,Uncertain significance,1,-0.1501,0.8705,-0.4968,loss_of_function,-1.865470728872,0.4046,ambiguous,10.1101/2022.10.22.513328; 37085483
C135F,5.36352,2.9837866666666666,0.3189361926979605,Uncertain,Uncertain,12.61752,2.72086,0.38570562311504414,Uncertain,Uncertain,0.357,0.512,0.235,0.348,,,0.960,"cBioPortal,COSMIC,somatic_muts,clinvar",,False,0.357,,,,neutral,neutral,neutral,,False,0.235,,,,neutral,neutral,neutral,376559,Pathogenic,2,-0.4863,0.0001,-22.2066,loss_of_function,-7.76909942258231,0.986,pathogenic,10.1101/2022.10.22.513328; 37085483
C135G,2.24981,2.7903633333333335,3.423201562951686,Uncertain,Uncertain,0.28793,2.3752833333333334,2.0416951138284696,Uncertain,Uncertain,0.357,0.512,0.235,0.348,,,0.965,"cBioPortal,COSMIC,somatic_muts,clinvar",,False,0.357,,,,neutral,neutral,neutral,,False,0.235,,,,neutral,neutral,neutral,376563,Likely pathogenic,3,-0.4848,0.0001,-22.2066,loss_of_function,-7.19112192806731,0.9352,pathogenic,10.1101/2022.10.22.513328; 37085483
C135R,7.33965,6.327323333333333,2.5967381687759743,Destabilizing,Uncertain,12.69396,5.334583333333334,2.437971640789274,Destabilizing,Uncertain,0.357,0.512,0.235,0.348,,,0.964,"cBioPortal,COSMIC,somatic_muts,clinvar",,False,0.357,,,,neutral,neutral,neutral,,False,0.235,,,,neutral,neutral,neutral,376560,Pathogenic,1,-0.5446,0.0001,-22.2066,loss_of_function,-7.76909942258231,0.9978,pathogenic,10.1101/2022.10.22.513328; 37085483
C135S,1.45467,1.59569,1.9933297466807398,Neutral,Neutral,0.83561,1.3675733333333333,1.1457604221825266,Neutral,Neutral,0.357,0.512,0.235,0.348,,,"0.954, 0.957","cBioPortal,COSMIC,somatic_muts,clinvar",,False,0.357,,,,neutral,neutral,neutral,,False,0.235,,,,neutral,neutral,neutral,376562,Uncertain significance,1,-0.4831,0.0001,-22.2066,loss_of_function,-4.68415718676229,0.958,pathogenic,10.1101/2022.10.22.513328; 37085483
C135T,0.2205,0.59002,0.6860274936315506,Neutral,Neutral,0.50325,0.6156466666666667,0.45374866980007705,Neutral,Neutral,0.357,0.512,0.235,0.348,,,,"COSMIC,somatic_muts",,False,0.357,,,,neutral,neutral,neutral,,False,0.235,,,,neutral,neutral,neutral,,,,-0.5178,0.0001,-22.2066,loss_of_function,-4.03339101020224,0.9364,pathogenic,10.1101/2022.10.22.513328; 37085483
C135W,15.79798,7.820070000000001,1.6924837781764746,Destabilizing,Uncertain,26.85575,7.610206666666667,1.381502338164163,Destabilizing,Uncertain,0.357,0.512,0.235,0.348,,,0.884,"cBioPortal,COSMIC,somatic_muts,clinvar",,False,0.357,,,,neutral,neutral,neutral,,False,0.235,,,,neutral,neutral,neutral,376561,Conflicting interpretations of pathogenicity,1,-0.4894,0.0001,-22.2066,loss_of_function,-7.76909942258231,0.9986,pathogenic,10.1101/2022.10.22.513328; 37085483
C135Y,9.19674,3.957596666666667,1.3362248657130735,Destabilizing,Uncertain,17.08422,4.40703,1.1581764445800846,Destabilizing,Uncertain,0.357,0.512,0.235,0.348,,0.0,0.955,"cBioPortal,COSMIC,somatic_muts,clinvar",,False,0.357,,,,neutral,neutral,neutral,,False,0.235,,,,neutral,neutral,neutral,141762,Conflicting interpretations of pathogenicity,1,-0.4956,0.0001,-22.2066,loss_of_function,-7.76909942258231,0.998,pathogenic,10.1101/2022.10.22.513328; 37085483
Q136E,1.07288,1.01916,0.5361405872393861,Neutral,Neutral,-0.12217,0.74399,0.25271732686228304,Neutral,Neutral,34.176,5.819,39.855,8.065,,,0.862,"cBioPortal,COSMIC,somatic_muts,clinvar",,False,34.176,,,,neutral,neutral,neutral,,False,39.855,,,,neutral,neutral,neutral,480751,Conflicting interpretations of pathogenicity,1,-0.2972,0.0831,-22.2066,loss_of_function,-3.96356314997428,0.7507,pathogenic,10.1101/2022.10.22.513328; 37085483
Q136H,1.17458,0.8324266666666666,0.19482991038012207,Neutral,Neutral,0.38941,0.3202933333333334,-0.17108186345344756,Neutral,Neutral,34.176,5.819,39.855,8.065,,,0.946,"cBioPortal,COSMIC,somatic_muts,clinvar",,False,34.176,,,,neutral,neutral,neutral,,False,39.855,,,,neutral,neutral,neutral,"482213, 186301","Uncertain significance, Uncertain significance","2, 2",-0.2931,0.0831,-22.2066,loss_of_function,-5.9678328038887,0.9347,pathogenic,10.1101/2022.10.22.513328; 37085483
Q136K,-0.57592,0.5851500000000001,0.40359895021364905,Neutral,Neutral,-0.15931,0.8524933333333333,0.1343625533346217,Neutral,Neutral,34.176,5.819,39.855,8.065,,,0.869,"COSMIC,somatic_muts",,False,34.176,,,,neutral,neutral,neutral,,False,39.855,,,,neutral,neutral,neutral,,,,-0.3252,0.0831,-22.2066,loss_of_function,-4.52687386162523,0.7678,pathogenic,10.1101/2022.10.22.513328; 37085483
Q136L,-0.91744,0.5879833333333333,-0.39306190649450157,Neutral,Neutral,-0.59006,-0.3795933333333334,-0.6798693565762628,Neutral,Neutral,34.176,5.819,39.855,8.065,,,0.959,"cBioPortal,COSMIC,somatic_muts",,False,34.176,,,,neutral,neutral,neutral,,False,39.855,,,,neutral,neutral,neutral,,,,-0.311,0.0831,-22.2066,loss_of_function,-4.75013824650229,0.7798,pathogenic,10.1101/2022.10.22.513328; 37085483
Q136P,5.32474,6.522786666666666,5.641625034729782,Destabilizing,Destabilizing,-1.46634,4.571996666666666,4.6781385735695435,Uncertain,Uncertain,34.176,5.819,39.855,8.065,,,0.964,"cBioPortal,COSMIC,somatic_muts,clinvar",,False,34.176,,,,neutral,neutral,neutral,,False,39.855,,,,neutral,neutral,neutral,580807,Uncertain significance,1,-0.4657,0.0831,-22.2066,loss_of_function,-7.55484873899529,0.9437,pathogenic,10.1101/2022.10.22.513328; 37085483
Q136R,-0.37896,0.39830000000000004,0.009188595924975666,Neutral,Neutral,0.07558,0.6043066666666667,-0.1843188231563432,Neutral,Neutral,34.176,5.819,39.855,8.065,,,0.877,"COSMIC,somatic_muts",,False,34.176,,,,neutral,neutral,neutral,,False,39.855,,,,neutral,neutral,neutral,,,,-0.2441,0.0831,-6.5969,loss_of_function,-3.00005215368022,0.6506,pathogenic,10.1101/2022.10.22.513328; 37085483
L137E,0.77002,-3.322903333333333,1.5271381418380348,Uncertain,Neutral,-0.04076,0.6878666666666667,1.0758040776002733,Neutral,Neutral,32.515,4.834,40.17,8.695,,,,clinvar,,False,32.515,,,,neutral,neutral,neutral,,False,40.17,,,,neutral,neutral,neutral,1713937,Uncertain significance,1,-0.4025,1.1568,-22.2066,loss_of_function,-6.5824339581492,0.98,pathogenic,10.1101/2022.10.22.513328
L137M,0.31379,0.07902666666666665,0.817750977625136,Neutral,Neutral,-0.06558,0.39172333333333337,0.6468313361176034,Neutral,Neutral,32.515,4.834,40.17,8.695,,,0.637,"COSMIC,somatic_muts",,False,32.515,,,,neutral,neutral,neutral,,False,40.17,,,,neutral,neutral,neutral,,,,-0.1248,1.1568,-5.4594,loss_of_function,-0.737629429540157,0.3219,benign,10.1101/2022.10.22.513328; 37085483
L137P,1.53522,4.1305000000000005,3.348480113031922,Uncertain,Uncertain,-0.73878,-0.13106333333333334,2.1971677837685015,Neutral,Uncertain,32.515,4.834,40.17,8.695,,,0.950,"COSMIC,somatic_muts",,False,32.515,,,,neutral,neutral,neutral,,False,40.17,,,,neutral,neutral,neutral,,,,-0.3963,1.1568,-22.2066,loss_of_function,-4.98533951832152,0.9377,pathogenic,10.1101/2022.10.22.513328; 37085483
L137Q,0.93725,-0.8316300000000001,1.491692195798713,Neutral,Neutral,0.41671,0.44943333333333335,1.0391146625896088,Neutral,Neutral,32.515,4.834,40.17,8.695,,,0.951,"cBioPortal,COSMIC,somatic_muts",,False,32.515,,,,neutral,neutral,neutral,,False,40.17,,,,neutral,neutral,neutral,,,,-0.3337,1.1568,-22.2066,loss_of_function,-6.23359532734253,0.9075,pathogenic,10.1101/2022.10.22.513328; 37085483
L137V,0.98003,0.6099766666666667,0.6139816916628615,Neutral,Neutral,0.97771,0.52449,0.7112432733446327,Neutral,Neutral,32.515,4.834,40.17,8.695,,,0.731,"cBioPortal,COSMIC,somatic_muts,clinvar",,False,32.515,,,,neutral,neutral,neutral,,False,40.17,,,,neutral,neutral,neutral,1005829,Uncertain significance,1,-0.1504,1.1568,-7.9188,loss_of_function,-2.4585383477174,0.4695,ambiguous,10.1101/2022.10.22.513328; 37085483
A138D,0.56055,-2.8522666666666665,0.3358826629855418,Uncertain,Neutral,0.23566,-0.03594000000000001,0.10963734083380376,Neutral,Neutral,43.045,6.211,55.29,16.162,,,0.901,"COSMIC,somatic_muts,clinvar",,True,43.045,,,,neutral,neutral,neutral,,True,55.29,,,,neutral,neutral,neutral,528270,Uncertain significance,1,-0.4016,0.2233,-22.2066,loss_of_function,-3.70793948350202,0.9364,pathogenic,10.1101/2022.10.22.513328; 37085483
A138G,-1.06397,-0.44750666666666666,0.9091705080603396,Neutral,Neutral,-0.25848,0.19762,0.7439211298806598,Neutral,Neutral,43.045,6.211,55.29,16.162,,,,clinvar,,True,43.045,,,,neutral,neutral,neutral,,True,55.29,,,,neutral,neutral,neutral,1375764,Uncertain significance,1,-0.2313,0.2233,-6.1115,loss_of_function,-2.94024134866916,0.2073,benign,10.1101/2022.10.22.513328; 37085483
A138P,5.63821,5.878683333333334,3.5633435763275716,Destabilizing,Destabilizing,1.16606,2.417346666666667,2.378814313449943,Uncertain,Uncertain,43.045,6.211,55.29,16.162,,,0.949,"cBioPortal,COSMIC,germline_muts,somatic_muts,clinvar",,True,43.045,,,,neutral,neutral,neutral,,True,55.29,,,,neutral,neutral,neutral,12376,Pathogenic/Likely pathogenic,2,-0.4413,0.2233,-22.2066,loss_of_function,-7.56742875363704,0.9887,pathogenic,10.1101/2022.10.22.513328; 37085483
A138S,-0.48883,0.16201666666666667,0.514036915012864,Neutral,Neutral,0.54517,-0.08945666666666667,0.2565984919549235,Neutral,Neutral,43.045,6.211,55.29,16.162,,,0.911,"COSMIC,germline_muts",,True,43.045,,,,neutral,neutral,neutral,,True,55.29,,,,neutral,neutral,neutral,,,,-0.2087,0.2233,-7.3339,loss_of_function,-2.23612043909446,0.174,benign,10.1101/2022.10.22.513328; 37085483
A138T,0.9446,0.6213166666666666,0.42243700268305195,Neutral,Neutral,0.77741,0.3927433333333333,0.2902698858403819,Neutral,Neutral,43.045,6.211,55.29,16.162,,,0.910,"cBioPortal,COSMIC,somatic_muts,clinvar",,True,43.045,,,,neutral,neutral,neutral,,True,55.29,,,,neutral,neutral,neutral,1053218,Uncertain significance,1,-0.2905,0.2233,-22.2066,loss_of_function,-4.55908750981123,0.7817,pathogenic,10.1101/2022.10.22.513328; 37085483
A138V,1.04953,3.524033333333333,-0.0397276250977028,Uncertain,Neutral,0.80972,0.6574833333333333,0.07819223008195113,Neutral,Neutral,43.045,6.211,55.29,16.162,,0.0,0.870,"cBioPortal,COSMIC,germline_muts,somatic_muts,clinvar",,True,43.045,,,,neutral,neutral,neutral,,True,55.29,,,,neutral,neutral,neutral,184863,Conflicting interpretations of pathogenicity,1,-0.2876,0.2233,-22.2066,loss_of_function,-6.7213668870673,0.9331,pathogenic,10.1101/2022.10.22.513328; 37085483
K139E,0.32227,0.8471666666666667,0.1664757489221145,Neutral,Neutral,0.23424,1.3190466666666667,0.17182060310075276,Neutral,Neutral,46.299,5.839,48.195,16.529,,,0.844,"cBioPortal,COSMIC,somatic_muts,clinvar",,True,46.299,,,,neutral,neutral,neutral,,True,48.195,,,,neutral,neutral,neutral,658923,Uncertain significance,1,-0.3402,0.0758,-22.2066,loss_of_function,-5.50675267393172,0.9567,pathogenic,10.1101/2022.10.22.513328; 37085483
K139N,0.47704,0.5634933333333333,0.214185760614764,Neutral,Neutral,0.19726,0.25703,-0.05706408254264903,Neutral,Neutral,46.299,5.839,48.195,16.529,,,0.730,"cBioPortal,COSMIC,somatic_muts,clinvar",,True,46.299,,,,neutral,neutral,neutral,,True,48.195,,,,neutral,neutral,neutral,584923,Uncertain significance,2,-0.3336,0.0758,-22.2066,loss_of_function,-5.9949319493192,0.9818,pathogenic,10.1101/2022.10.22.513328; 37085483
K139Q,0.39066,-0.4377533333333334,0.14703416327127813,Neutral,Neutral,0.47875,-0.1455766666666667,0.14630165680758123,Neutral,Neutral,46.299,5.839,48.195,16.529,,,0.768,"COSMIC,somatic_muts,clinvar",,True,46.299,,,,neutral,neutral,neutral,,True,48.195,,,,neutral,neutral,neutral,1692473,Uncertain significance,2,-0.2468,0.0758,-8.9187,loss_of_function,-3.759511359164,0.772,pathogenic,10.1101/2022.10.22.513328; 37085483
K139R,0.01932,0.21224333333333334,-0.181885665821813,Neutral,Neutral,0.46867,0.8750566666666667,-0.1746663216182207,Neutral,Neutral,46.299,5.839,48.195,16.529,,,0.760,"COSMIC,somatic_muts,clinvar",,True,46.299,,,,neutral,neutral,neutral,,True,48.195,,,,neutral,neutral,neutral,1500748,Uncertain significance,1,-0.1731,0.0758,-7.3339,loss_of_function,-2.05403664958797,0.174,benign,10.1101/2022.10.22.513328; 37085483
K139T,0.96079,0.31066,0.16238551116890856,Neutral,Neutral,1.48292,1.1927433333333333,0.3769080008809181,Neutral,Neutral,46.299,5.839,48.195,16.529,,,0.800,"cBioPortal,COSMIC,somatic_muts,clinvar",,True,46.299,,,,neutral,neutral,neutral,,True,48.195,,,,neutral,neutral,neutral,1338658,Uncertain significance,2,-0.3373,0.0758,-22.2066,loss_of_function,-4.58963231057883,0.8955,pathogenic,10.1101/2022.10.22.513328; 37085483
T140A,0.2996,0.5826566666666667,0.1916391357684473,Neutral,Neutral,-0.38003,0.12653,0.6487359676913188,Neutral,Neutral,40.914,7.443,37.13,12.775,,,0.806,"cBioPortal,somatic_muts,clinvar",,True,40.914,,,,uncertain,,,,True,37.13,,,,uncertain,,,644101,Uncertain significance,1,-0.2282,0.2014,-7.3339,loss_of_function,-1.68949918052894,0.559,ambiguous,10.1101/2022.10.22.513328; 37085483
T140I,-0.4264,-0.38650999999999996,-0.7981642167171921,Neutral,Neutral,-0.40009,-0.13911333333333334,-0.3925957647626694,Neutral,Neutral,40.914,7.443,37.13,12.775,,,0.842,"cBioPortal,COSMIC,somatic_muts",,True,40.914,,,,uncertain,,,,True,37.13,,,,uncertain,,,,,,-0.33,0.2014,-22.2066,loss_of_function,-4.78355061393865,0.9262,pathogenic,10.1101/2022.10.22.513328; 37085483
T140N,0.35287,0.7739233333333333,0.21363948789870038,Neutral,Neutral,-0.03362,0.4483,0.49378342926325497,Neutral,Neutral,40.914,7.443,37.13,12.775,,,0.783,"cBioPortal,COSMIC,clinvar",,True,40.914,,,,uncertain,,,,True,37.13,,,,uncertain,,,185918,Uncertain significance,1,-0.2919,0.2014,-8.9187,loss_of_function,-5.50005840003409,0.7784,pathogenic,10.1101/2022.10.22.513328; 37085483
T140P,-0.5359,-0.4858266666666667,0.9884448182196897,Neutral,Neutral,0.27469,1.4020399999999997,1.9968656026173608,Neutral,Neutral,40.914,7.443,37.13,12.775,,,,somatic_muts,,True,40.914,,,,uncertain,,,,True,37.13,,,,uncertain,,,,,,-0.3887,0.2014,-6.5969,loss_of_function,-3.39200897491382,0.3055,benign,10.1101/2022.10.22.513328
T140S,0.74454,1.0497733333333332,0.5897711651854637,Neutral,Neutral,-0.21523,0.48016,0.8860693745770938,Neutral,Neutral,40.914,7.443,37.13,12.775,,,,"somatic_muts,clinvar",,True,40.914,,,,neutral,,,,True,37.13,,,,neutral,,,1525853,Uncertain significance,1,-0.2,0.2014,-8.9187,loss_of_function,-0.782318311586425,0.6699,pathogenic,10.1101/2022.10.22.513328; 37085483
C141A,0.88652,-0.0012466666666666553,0.8795272161873394,Neutral,Neutral,-0.26061,0.24546333333333328,0.25848887378455965,Neutral,Neutral,0.35,0.621,0.485,0.67,,,,"COSMIC,somatic_muts",,True,0.35,,,,neutral,neutral,neutral,,True,0.485,,,,neutral,neutral,neutral,,,,-0.4493,0.4684,-22.2096,loss_of_function,-4.49506374661009,0.8948,pathogenic,10.1101/2022.10.22.513328; 37085483
C141F,4.10312,2.4726766666666666,0.7233733001268713,Uncertain,Uncertain,13.76789,2.29388,1.3025262778708206,Uncertain,Uncertain,0.35,0.621,0.485,0.67,,,0.880,"cBioPortal,COSMIC,somatic_muts,clinvar",,True,0.35,,,,neutral,neutral,neutral,,True,0.485,,,,neutral,neutral,neutral,376568,Conflicting interpretations of pathogenicity,1,-0.4432,0.4684,-22.2096,loss_of_function,-5.3511347302336,0.8882,pathogenic,10.1101/2022.10.22.513328; 37085483
C141G,2.18573,5.3045366666666665,2.934346611839573,Uncertain,Uncertain,0.16471,4.8641733333333335,2.2303671188310914,Uncertain,Uncertain,0.35,0.621,0.485,0.67,,,0.859,"cBioPortal,COSMIC,somatic_muts,clinvar",,True,0.35,,,,neutral,neutral,neutral,,True,0.485,,,,neutral,neutral,neutral,376566,Likely pathogenic,0,-0.4417,0.4684,-22.2096,loss_of_function,-7.47567734522593,0.906,pathogenic,10.1101/2022.10.22.513328; 37085483
C141R,7.81149,8.039906666666665,2.13520847943609,Destabilizing,Uncertain,11.80401,3.783673333333333,2.454710825205615,Destabilizing,Uncertain,0.35,0.621,0.485,0.67,,,0.861,"cBioPortal,COSMIC,somatic_muts,clinvar",,True,0.35,,,,neutral,neutral,neutral,,True,0.485,,,,neutral,neutral,neutral,376565,Conflicting interpretations of pathogenicity,1,-0.5015,0.4684,-22.2096,loss_of_function,-7.47567734522593,0.9943,pathogenic,10.1101/2022.10.22.513328; 37085483
C141S,1.78027,1.37245,1.7669596204278104,Neutral,Neutral,0.86609,1.4822,1.489401753659935,Neutral,Neutral,0.35,0.621,0.485,0.67,,,"0.790, 0.813","cBioPortal,COSMIC,somatic_muts,clinvar",,True,0.35,,,,neutral,neutral,neutral,,True,0.485,,,,neutral,neutral,neutral,376567,Likely pathogenic,0,-0.3477,0.4684,-4.1145,loss_of_function,-2.43914295419929,0.8319,pathogenic,10.1101/2022.10.22.513328; 37085483
C141W,11.63515,5.952723333333334,1.8851302234907497,Destabilizing,Uncertain,24.01076,3.7236966666666667,2.03899926653735,Destabilizing,Uncertain,0.35,0.621,0.485,0.67,,,0.808,"cBioPortal,COSMIC,germline_muts,somatic_muts,clinvar",,True,0.35,,,,neutral,neutral,neutral,,True,0.485,,,,neutral,neutral,neutral,376564,Conflicting interpretations of pathogenicity,1,-0.4464,0.4684,-22.2096,loss_of_function,-6.35585448522327,0.9877,pathogenic,10.1101/2022.10.22.513328; 37085483
C141Y,7.18438,5.08787,1.579933994116195,Destabilizing,Uncertain,19.60113,4.681633333333333,2.2225593319376755,Destabilizing,Uncertain,0.35,0.621,0.485,0.67,,,0.897,"cBioPortal,COSMIC,germline_muts,somatic_muts,clinvar",,True,0.35,,,,neutral,neutral,neutral,,True,0.485,,,,neutral,neutral,neutral,140801,Pathogenic,2,-0.3847,0.4684,-8.9217,loss_of_function,-2.49137110623133,0.9774,pathogenic,10.1101/2022.10.22.513328; 37085483
P142A,1.34988,1.4680266666666666,-0.22148896413292518,Neutral,Neutral,1.66887,0.8783466666666667,0.2197577223140059,Neutral,Neutral,13.769,5.69,17.94,8.458,,,0.901,"COSMIC,somatic_muts",,True,13.769,,,,neutral,neutral,neutral,,True,17.94,,,,neutral,neutral,neutral,,,,-0.3162,0.1232,-22.2096,loss_of_function,-6.68937636218592,0.6572,pathogenic,10.1101/2022.10.22.513328; 37085483
P142F,2.79195,1.5471666666666666,-0.38836218430456443,Uncertain,Uncertain,5.04939,-0.33582666666666666,-0.5056395131816172,Uncertain,Uncertain,13.769,5.69,17.94,8.458,,,,"cBioPortal,COSMIC,somatic_muts",,True,13.769,,,,neutral,neutral,neutral,,True,17.94,,,,neutral,neutral,neutral,,,,-0.3773,0.1232,-22.2096,loss_of_function,-7.11434995405517,0.9934,pathogenic,10.1101/2022.10.22.513328; 37085483
P142H,4.04224,2.3747166666666666,-0.2670913842743044,Uncertain,Uncertain,5.20619,0.7112266666666666,-0.3173841193591294,Uncertain,Uncertain,13.769,5.69,17.94,8.458,,,0.914,"COSMIC,somatic_muts",,True,13.769,,,,neutral,neutral,neutral,,True,17.94,,,,neutral,neutral,neutral,,,,-0.3549,0.1232,-22.2096,loss_of_function,-6.89061955736869,0.9499,pathogenic,10.1101/2022.10.22.513328; 37085483
P142L,1.04546,1.1517033333333333,-0.5539370356924358,Neutral,Neutral,1.84385,-0.0029499999999999943,-0.7433359817778832,Neutral,Neutral,13.769,5.69,17.94,8.458,,3.9800678204e-06,0.879,"cBioPortal,COSMIC,somatic_muts,clinvar",,True,13.769,,,,neutral,neutral,neutral,,True,17.94,,,,neutral,neutral,neutral,864520,Uncertain significance,1,-0.289,0.1232,-7.3368,loss_of_function,-4.58121343403265,0.8091,pathogenic,10.1101/2022.10.22.513328; 37085483
P142R,1.48811,2.0684766666666667,-0.018042024751505792,Uncertain,Neutral,2.09844,1.1716533333333334,-0.1650942928496287,Uncertain,Uncertain,13.769,5.69,17.94,8.458,,,0.907,"cBioPortal,somatic_muts",,True,13.769,,,,neutral,neutral,neutral,,True,17.94,,,,neutral,neutral,neutral,,,,-0.386,0.1232,-22.2096,loss_of_function,-7.02887704815977,0.9261,pathogenic,10.1101/2022.10.22.513328; 37085483
P142S,2.56859,2.262356666666667,0.21760737489217608,Uncertain,Uncertain,2.78872,1.61553,0.38500643671714685,Uncertain,Uncertain,13.769,5.69,17.94,8.458,,,0.887,"cBioPortal,COSMIC,somatic_muts,clinvar",,True,13.769,,,,neutral,neutral,neutral,,True,17.94,,,,neutral,neutral,neutral,824720,Uncertain significance,2,-0.3159,0.1232,-22.2096,loss_of_function,-6.24313249476341,0.8928,pathogenic,10.1101/2022.10.22.513328; 37085483
P142T,2.24097,2.1802733333333335,0.08520035220707232,Uncertain,Uncertain,3.34154,1.2967133333333332,0.21393368367095242,Uncertain,Uncertain,13.769,5.69,17.94,8.458,,,0.891,"COSMIC,somatic_muts",,True,13.769,,,,neutral,neutral,neutral,,True,17.94,,,,neutral,neutral,neutral,,,,-0.328,0.1232,-22.2096,loss_of_function,-7.06923434007735,0.8496,pathogenic,10.1101/2022.10.22.513328; 37085483
V143A,3.1698,2.890473333333334,2.6002047199802396,Uncertain,Uncertain,0.02606,2.4619033333333333,2.116844272391852,Uncertain,Uncertain,0.405,0.73,3.615,2.884,,,0.574,"cBioPortal,COSMIC,germline_muts,somatic_muts,clinvar",,True,0.405,,,,neutral,neutral,neutral,,True,3.615,,,,neutral,neutral,neutral,804214,Likely pathogenic,3,-0.2549,1.0422,-22.2096,loss_of_function,-5.41695611372048,0.9245,pathogenic,10.1101/2022.10.22.513328; 37085483
V143E,3.19166,3.87551,3.473345098977521,Destabilizing,Destabilizing,3.08037,4.237073333333333,2.7641747321992667,Destabilizing,Uncertain,0.405,0.73,3.615,2.884,,,0.683,"cBioPortal,COSMIC,somatic_muts",,True,0.405,,,,neutral,neutral,neutral,,True,3.615,,,,neutral,neutral,neutral,,,,-0.3788,1.0422,-22.2096,loss_of_function,-7.13843299043174,0.997,pathogenic,10.1101/2022.10.22.513328; 37085483
V143G,4.66748,5.238433333333334,4.655278323422915,Destabilizing,Destabilizing,0.43139,4.87143,4.018358763987106,Uncertain,Uncertain,0.405,0.73,3.615,2.884,,,0.692,"cBioPortal,COSMIC,somatic_muts,clinvar",,True,0.405,,,,neutral,neutral,neutral,,True,3.615,,,,neutral,neutral,neutral,486556,Uncertain significance,2,-0.3807,1.0422,-22.2096,loss_of_function,-7.13843299043174,0.9773,pathogenic,10.1101/2022.10.22.513328; 37085483
V143L,-0.36613,0.8752833333333333,0.3176835714221807,Neutral,Neutral,-0.218,1.3931966666666666,-0.036718924271209076,Neutral,Neutral,0.405,0.73,3.615,2.884,,,0.607,"cBioPortal,COSMIC,somatic_muts,clinvar",,True,0.405,,,,neutral,neutral,neutral,,True,3.615,,,,neutral,neutral,neutral,185729,Uncertain significance,2,-0.1775,1.0422,-6.9218,loss_of_function,-2.09599099504191,0.5804,pathogenic,10.1101/2022.10.22.513328; 37085483
V143M,-0.2137,1.4595266666666664,1.1695953355025852,Neutral,Neutral,-0.54202,1.5282333333333333,0.6325878300814792,Neutral,Neutral,0.405,0.73,3.615,2.884,,,0.659,"cBioPortal,COSMIC,germline_muts,somatic_muts,clinvar",,True,0.405,,,,neutral,neutral,neutral,,True,3.615,,,,neutral,neutral,neutral,142657,Conflicting interpretations of pathogenicity,1,-0.1968,1.0422,-8.9217,loss_of_function,-2.51110586768785,0.6458,pathogenic,10.1101/2022.10.22.513328; 37085483
Q144H,1.79401,1.3323133333333332,0.39288931523632226,Neutral,Neutral,0.33629,2.5162166666666668,-0.02840535075988064,Uncertain,Neutral,25.66,6.386,34.45,11.833,,,0.708,"cBioPortal,COSMIC,somatic_muts,clinvar",,True,25.66,,,,neutral,neutral,neutral,,True,34.45,,,,neutral,neutral,neutral,376648,Uncertain significance,1,-0.1458,0.8595,-7.3398,loss_of_function,-3.77890391248845,0.628,pathogenic,10.1101/2022.10.22.513328; 37085483
Q144K,-0.2887,1.2459166666666668,1.1085414872897812,Neutral,Neutral,-0.69894,2.774713333333333,0.490905348916477,Uncertain,Neutral,25.66,6.386,34.45,11.833,,,0.763,"COSMIC,somatic_muts",,True,25.66,,,,neutral,neutral,neutral,,True,34.45,,,,neutral,neutral,neutral,,,,-0.186,0.8595,-8.9247,loss_of_function,-3.95325504913402,0.335,benign,10.1101/2022.10.22.513328; 37085483
Q144L,-1.03555,-0.7132666666666667,-0.6530388692551138,Neutral,Neutral,-0.89178,0.0787966666666667,-0.7182869179276788,Neutral,Neutral,25.66,6.386,34.45,11.833,,,0.764,"cBioPortal,COSMIC,germline_muts,somatic_muts,clinvar",,True,25.66,,,,neutral,neutral,neutral,,True,34.45,,,,neutral,neutral,neutral,376647,Uncertain significance,3,-0.1541,0.8595,-5.4654,loss_of_function,-3.41436173687567,0.344,ambiguous,10.1101/2022.10.22.513328; 37085483
Q144P,1.21667,3.3785733333333337,4.262563512650652,Uncertain,Uncertain,1.13599,5.4705200000000005,2.397444650142901,Uncertain,Uncertain,25.66,6.386,34.45,11.833,,,0.801,"cBioPortal,COSMIC,somatic_muts,clinvar",,True,25.66,,,,neutral,neutral,neutral,,True,34.45,,,,neutral,neutral,neutral,186594,Conflicting interpretations of pathogenicity,1,-0.3943,0.8595,-22.2125,loss_of_function,-6.98438276993221,0.9497,pathogenic,10.1101/2022.10.22.513328; 37085483
Q144R,-0.08262,0.8569133333333334,0.47957681156240345,Neutral,Neutral,-0.1899,2.1248333333333336,0.0677164046191993,Uncertain,Neutral,25.66,6.386,34.45,11.833,,,0.751,"COSMIC,somatic_muts,clinvar",,True,25.66,,,,neutral,neutral,neutral,,True,34.45,,,,neutral,neutral,neutral,2080519,Uncertain significance,1,-0.1846,0.8595,-8.9247,loss_of_function,-4.06059577501546,0.3028,benign,10.1101/2022.10.22.513328; 37085483
L145M,-0.16542,0.6261899999999999,1.4616858613796333,Neutral,Neutral,-0.21174,1.3137166666666669,1.0355168725960648,Neutral,Neutral,0.585,0.766,1.34,1.235,,,0.505,"COSMIC,somatic_muts",,False,0.585,,,,neutral,neutral,neutral,,False,1.34,,,,neutral,neutral,neutral,,,,-0.077,1.5915,-3.9248,loss_of_function,-1.64445050242912,0.2145,benign,10.1101/2022.10.22.513328; 37085483
L145P,5.32037,4.954763333333333,7.245123851962649,Destabilizing,Destabilizing,4.79053,3.670633333333333,6.58691453378692,Destabilizing,Destabilizing,0.585,0.766,1.34,1.235,,0.0,0.818,"cBioPortal,COSMIC,somatic_muts,clinvar",,False,0.585,,,,neutral,neutral,neutral,,False,1.34,,,,neutral,neutral,neutral,142050,Conflicting interpretations of pathogenicity,1,-0.2885,1.5915,-8.9247,loss_of_function,-4.11807604586948,0.9946,pathogenic,10.1101/2022.10.22.513328; 37085483
L145Q,3.19831,2.3661000000000003,2.863124266299529,Uncertain,Uncertain,2.8597,1.8384366666666667,2.4110217481676677,Uncertain,Uncertain,0.585,0.766,1.34,1.235,,,0.846,"cBioPortal,COSMIC,somatic_muts,clinvar",,False,0.585,,,,neutral,neutral,neutral,,False,1.34,,,,neutral,neutral,neutral,480760,Pathogenic/Likely pathogenic,2,-0.2937,1.5915,-22.2125,loss_of_function,-6.46205310741211,0.9799,pathogenic,10.1101/2022.10.22.513328; 37085483
L145R,4.64517,5.379476666666666,4.105744606026154,Destabilizing,Destabilizing,4.94679,4.44592,2.98766345987493,Destabilizing,Uncertain,0.585,0.766,1.34,1.235,,,0.845,"cBioPortal,COSMIC,somatic_muts,clinvar",,False,0.585,,,,neutral,neutral,neutral,,False,1.34,,,,neutral,neutral,neutral,1027110,Uncertain significance,1,-0.2853,1.5915,-8.9247,loss_of_function,-6.46205310741211,0.9863,pathogenic,10.1101/2022.10.22.513328; 37085483
L145V,2.30112,1.5572566666666665,1.596503354083425,Uncertain,Uncertain,1.28916,1.01406,1.3754623087773525,Neutral,Neutral,0.585,0.766,1.34,1.235,,,0.462,"COSMIC,somatic_muts",,False,0.585,,,,neutral,neutral,neutral,,False,1.34,,,,neutral,neutral,neutral,,,,-0.0848,1.5915,-2.9024,loss_of_function,-0.436000769096075,0.1076,benign,10.1101/2022.10.22.513328; 37085483
W146C,0.86757,2.4445566666666667,2.9489623300320793,Uncertain,Uncertain,0.41616,2.269503333333333,2.318640155867667,Uncertain,Uncertain,34.597,4.982,47.395,9.486,,,0.629,"cBioPortal,COSMIC,somatic_muts,clinvar",,False,34.597,,,,neutral,neutral,neutral,,False,47.395,,,,neutral,neutral,neutral,"1740219, 824855","Uncertain significance, Uncertain significance","1, 2",-0.3418,1.8527,-22.2096,loss_of_function,-4.39907503912101,0.6342,pathogenic,10.1101/2022.10.22.513328; 37085483
W146G,1.84513,3.6602033333333335,3.8592776000871716,Uncertain,Uncertain,1.34397,3.6212000000000004,3.0891644319709286,Uncertain,Uncertain,34.597,4.982,47.395,9.486,,,0.536,"cBioPortal,COSMIC,clinvar",,False,34.597,,,,neutral,neutral,neutral,,False,47.395,,,,neutral,neutral,neutral,186587,Uncertain significance,3,-0.3912,1.8527,-22.2096,loss_of_function,-4.88435409899919,0.5479,ambiguous,10.1101/2022.10.22.513328; 37085483
W146L,-0.46573,1.1493200000000001,1.0813747491624437,Neutral,Neutral,-0.49644,1.424603333333333,0.8982298615271076,Neutral,Neutral,34.597,4.982,47.395,9.486,,,,somatic_muts,,False,34.597,,,,neutral,neutral,neutral,,False,47.395,,,,neutral,neutral,neutral,,,,-0.2574,1.8527,-3.3983,loss_of_function,-0.453222983900895,0.3508,ambiguous,10.1101/2022.10.22.513328
W146R,0.51326,1.6068033333333334,1.7352293424150045,Neutral,Neutral,0.21409,1.9691599999999998,1.2318616481006412,Neutral,Neutral,34.597,4.982,47.395,9.486,,,0.464,"COSMIC,somatic_muts",,False,34.597,,,,neutral,neutral,neutral,,False,47.395,,,,neutral,neutral,neutral,,,,-0.3031,1.8527,-5.2214,loss_of_function,-1.04959842261786,0.5671,pathogenic,10.1101/2022.10.22.513328; 37085483
W146S,1.62254,2.7087299999999996,3.0711539012799545,Uncertain,Uncertain,0.94686,3.1185966666666665,2.244847449530186,Uncertain,Uncertain,34.597,4.982,47.395,9.486,,,0.521,"cBioPortal,COSMIC,somatic_muts",,False,34.597,,,,neutral,neutral,neutral,,False,47.395,,,,neutral,neutral,neutral,,,,-0.4041,1.8527,-22.2096,loss_of_function,-3.56781936813426,0.3925,ambiguous,10.1101/2022.10.22.513328; 37085483
V147A,1.85701,1.69195,2.1067408272138173,Neutral,Uncertain,-3.33894,1.8260766666666666,2.1198669139775745,Uncertain,Uncertain,12.69,7.979,0.295,0.551,,,0.812,"cBioPortal,COSMIC,somatic_muts,clinvar",,True,12.69,,,,neutral,neutral,neutral,,True,0.295,,,,neutral,neutral,neutral,842812,Uncertain significance,2,-0.3045,0.5036,-22.2096,loss_of_function,-4.29904961719234,0.5938,pathogenic,10.1101/2022.10.22.513328; 37085483
V147D,2.75581,2.6242633333333334,3.430609467850514,Uncertain,Uncertain,2.88637,3.980046666666667,3.5537015074692655,Uncertain,Uncertain,12.69,7.979,0.295,0.551,,,0.896,"cBioPortal,COSMIC,somatic_muts,clinvar",,True,12.69,,,,neutral,neutral,neutral,,True,0.295,,,,neutral,neutral,neutral,1351017,Uncertain significance,1,-0.4711,0.5036,-22.2096,loss_of_function,-6.60001975419788,0.9858,pathogenic,10.1101/2022.10.22.513328; 37085483
V147E,1.87051,2.6783433333333337,3.149826401047722,Uncertain,Uncertain,5.44294,4.881403333333333,3.7397401393372274,Destabilizing,Destabilizing,12.69,7.979,0.295,0.551,,,,"COSMIC,somatic_muts",,True,12.69,,,,neutral,neutral,neutral,,True,0.295,,,,neutral,neutral,neutral,,,,-0.4284,0.5036,-22.2096,loss_of_function,-6.60001975419788,0.9668,pathogenic,10.1101/2022.10.22.513328; 37085483
V147F,0.68429,0.5263,0.43987034431482447,Neutral,Neutral,12.07297,3.857483333333333,1.8438743147559709,Destabilizing,Uncertain,12.69,7.979,0.295,0.551,,,0.747,"COSMIC,somatic_muts",,True,12.69,,,,neutral,neutral,neutral,,True,0.295,,,,neutral,neutral,neutral,,,,-0.3057,0.5036,-7.3368,loss_of_function,-1.76724972552787,0.6895,pathogenic,10.1101/2022.10.22.513328; 37085483
V147G,2.92752,3.5849200000000003,3.9303407872204175,Uncertain,Uncertain,-3.7068,4.306916666666667,3.926905159260143,Uncertain,Uncertain,12.69,7.979,0.295,0.551,,,0.895,"cBioPortal,COSMIC,somatic_muts",,True,12.69,,,,neutral,neutral,neutral,,True,0.295,,,,neutral,neutral,neutral,,,,-0.4303,0.5036,-22.2096,loss_of_function,-6.60001975419788,0.6169,pathogenic,10.1101/2022.10.22.513328; 37085483
V147I,0.29346,1.2196166666666668,0.7043538728609088,Neutral,Neutral,2.0972,0.6648499999999999,1.2212554480188922,Uncertain,Uncertain,12.69,7.979,0.295,0.551,,,0.549,"COSMIC,germline_muts,somatic_muts,clinvar",,True,12.69,,,,neutral,neutral,neutral,,True,0.295,,,,neutral,neutral,neutral,528255,Uncertain significance,1,-0.1671,0.5036,-7.9218,loss_of_function,-2.44074556637347,0.2039,benign,10.1101/2022.10.22.513328; 37085483
D148A,0.1493,1.3670066666666667,0.17180646721719448,Neutral,Neutral,-0.09842,0.9469366666666668,0.7282117788079864,Neutral,Neutral,74.959,6.239,69.145,16.194,,,,"somatic_muts,clinvar",,True,74.959,,,,neutral,neutral,neutral,,True,69.145,,,,neutral,neutral,neutral,485032,Uncertain significance,2,-0.0152,2.6864,-5.3369,loss_of_function,-0.334270581908593,0.1061,benign,10.1101/2022.10.22.513328; 37085483
D148E,0.06593,0.9803866666666666,-0.0346522899313815,Neutral,Neutral,-0.16555,0.12335666666666667,0.4587352828893762,Neutral,Neutral,74.959,6.239,69.145,16.194,,,0.289,"cBioPortal,COSMIC,somatic_muts,clinvar",,True,74.959,,,,neutral,neutral,neutral,,True,69.145,,,,neutral,neutral,neutral,1478891,Uncertain significance,1,0.0392,2.6864,-5.4624,gain_of_function,-0.292296604278704,0.1156,benign,10.1101/2022.10.22.513328; 37085483
D148G,0.19605,2.1615633333333335,0.8485084650147746,Uncertain,Neutral,-0.30797,1.1410433333333334,1.2435151131047961,Neutral,Neutral,74.959,6.239,69.145,16.194,,,0.467,COSMIC,,True,74.959,,,,neutral,neutral,neutral,,True,69.145,,,,neutral,neutral,neutral,,,,-0.0294,2.6864,-5.9218,loss_of_function,-1.80105349013127,0.1079,benign,10.1101/2022.10.22.513328; 37085483
D148H,0.44052,1.6168933333333333,-0.2085376185202549,Neutral,Neutral,0.14267,-0.003739999999999991,0.020854136552040364,Neutral,Neutral,74.959,6.239,69.145,16.194,,,0.482,"cBioPortal,COSMIC,somatic_muts",,True,74.959,,,,neutral,neutral,neutral,,True,69.145,,,,neutral,neutral,neutral,,,,-0.1107,2.6864,-22.2096,loss_of_function,-2.84148321697135,0.1571,benign,10.1101/2022.10.22.513328; 37085483
D148N,-0.16914,1.1777766666666667,-0.043681644320441436,Neutral,Neutral,0.06165,-0.10124666666666665,0.45953753197738073,Neutral,Neutral,74.959,6.239,69.145,16.194,,,0.277,"cBioPortal,COSMIC,somatic_muts,clinvar",,True,74.959,,,,neutral,neutral,neutral,,True,69.145,,,,neutral,neutral,neutral,568069,Uncertain significance,1,0.0222,2.6864,-4.5295,gain_of_function,-0.336671300426911,0.0719,benign,10.1101/2022.10.22.513328; 37085483
D148V,0.48751,1.3314033333333335,-0.022955777509579934,Neutral,Neutral,0.4795,1.9450100000000001,0.43420789226544554,Neutral,Neutral,74.959,6.239,69.145,16.194,,,0.551,COSMIC,,True,74.959,,,,neutral,neutral,neutral,,True,69.145,,,,neutral,neutral,neutral,,,,-0.1484,2.6864,-22.2096,loss_of_function,-1.36574732863833,0.1965,benign,10.1101/2022.10.22.513328; 37085483
D148Y,0.22632,1.4683666666666666,-0.12304282985176328,Neutral,Neutral,-0.26725,-0.3454633333333333,-0.09168436165071088,Neutral,Neutral,74.959,6.239,69.145,16.194,,3.9790859244e-06,0.531,"cBioPortal,COSMIC,somatic_muts,clinvar",,True,74.959,,,,neutral,neutral,neutral,,True,69.145,,,,neutral,neutral,neutral,428863,Uncertain significance,2,-0.1463,2.6864,-22.2096,loss_of_function,-3.47422679014876,0.208,benign,10.1101/2022.10.22.513328; 37085483
S149F,-0.0598,-0.22846,-0.7212448945427653,Neutral,Neutral,0.3823,1.69263,-0.27679673197027127,Neutral,Neutral,51.213,4.564,75.8,12.788,,,0.457,"COSMIC,somatic_muts,clinvar",P,True,51.213,0.15,,,damaging,neutral,potentially_damaging,P,True,75.8,0.583,,,damaging,neutral,potentially_damaging,486559,Uncertain significance,2,-0.0906,2.0855,-7.3398,loss_of_function,-2.29251350000616,0.1304,benign,10.1101/2022.10.22.513328; 37085483
S149P,2.9562,5.425623333333334,3.4228646572549537,Uncertain,Uncertain,1.53466,4.92608,3.680745624231379,Uncertain,Uncertain,51.213,4.564,75.8,12.788,,,0.558,"COSMIC,somatic_muts",P,True,51.213,0.15,,,damaging,uncertain,potentially_damaging,P,True,75.8,0.583,,,damaging,neutral,potentially_damaging,,,,-0.2419,2.0855,-22.2125,loss_of_function,-3.23974064391757,0.5992,pathogenic,10.1101/2022.10.22.513328; 37085483
S149T,0.17539,-0.29807,-0.2000039276695185,Neutral,Neutral,0.90011,-0.46814,0.3985245869922706,Neutral,Neutral,51.213,4.564,75.8,12.788,,,0.327,"COSMIC,somatic_muts",P,True,51.213,0.15,,,neutral,neutral,potentially_damaging,P,True,75.8,0.583,,,neutral,neutral,potentially_damaging,,,,0.0298,2.0855,-0.8587,gain_of_function,-1.28064812545963,0.0641,benign,10.1101/2022.10.22.513328; 37085483
S149Y,0.05518,-0.4442166666666667,-0.633427937418746,Neutral,Neutral,0.567,2.415646666666667,-0.24869631436987483,Uncertain,Neutral,51.213,4.564,75.8,12.788,,,0.448,"cBioPortal,COSMIC",P,True,51.213,0.15,,,uncertain,neutral,potentially_damaging,P,True,75.8,0.583,,,uncertain,neutral,potentially_damaging,,,,-0.1713,2.0855,-22.2125,loss_of_function,-3.6432437730098,0.1357,benign,10.1101/2022.10.22.513328; 37085483
T150A,0.51467,0.7905899999999999,0.43277501541421953,Neutral,Neutral,-1.35488,-0.39886666666666665,0.201113609147366,Neutral,Neutral,52.804,13.301,48.44,24.795,,,0.333,COSMIC,P,True,52.804,0.627,,,damaging,neutral,potentially_damaging,P,True,48.44,4.024,,,damaging,damaging,potentially_damaging,,,,-0.04,2.0879,-4.4654,loss_of_function,-0.0583395233845751,0.0591,benign,10.1101/2022.10.22.513328; 37085483
T150I,-0.76649,-0.41598666666666667,-0.772307997384153,Neutral,Neutral,0.74771,-0.026076666666666637,-0.1994563858954945,Neutral,Neutral,52.804,13.301,48.44,24.795,,,0.381,"COSMIC,somatic_muts,clinvar",P,True,52.804,0.627,,,damaging,neutral,potentially_damaging,P,True,48.44,4.024,,,damaging,damaging,potentially_damaging,1350373,Uncertain significance,1,-0.1564,2.0879,-22.2125,loss_of_function,-3.1252856324116,0.0817,benign,10.1101/2022.10.22.513328; 37085483
T150K,-0.36087,0.8568033333333333,0.44241480697154206,Neutral,Neutral,-0.20618,-0.040929999999999994,-0.08124095566146423,Neutral,Neutral,52.804,13.301,48.44,24.795,,,0.394,"COSMIC,somatic_muts",P,True,52.804,0.627,,,damaging,neutral,potentially_damaging,P,True,48.44,4.024,,,damaging,damaging,potentially_damaging,,,,-0.1407,2.0879,-7.9247,loss_of_function,-1.92414956095744,0.1507,benign,10.1101/2022.10.22.513328; 37085483
T150R,-0.32598,0.8501133333333333,-0.017204626187186472,Neutral,Neutral,0.19453,0.061676666666666664,-0.22194279832039768,Neutral,Neutral,52.804,13.301,48.44,24.795,,,0.441,COSMIC,P,True,52.804,0.627,,,damaging,neutral,potentially_damaging,P,True,48.44,4.024,,,damaging,damaging,potentially_damaging,,,,-0.2165,2.0879,-22.2125,loss_of_function,-2.56508867935359,0.123,benign,10.1101/2022.10.22.513328; 37085483
P151A,3.30549,1.24297,0.17790807731196803,Uncertain,Uncertain,1.42414,-0.8606566666666667,0.2925793306989369,Neutral,Neutral,1.986,1.691,25.88,18.572,,,0.889,"cBioPortal,COSMIC,germline_muts,somatic_muts,clinvar",,True,1.986,,,,neutral,neutral,neutral,,True,25.88,,,,neutral,neutral,neutral,376641,Pathogenic,2,-0.3057,0.2371,-22.2096,loss_of_function,-4.63399215214883,0.6047,pathogenic,10.1101/2022.10.22.513328; 37085483
P151F,7.45064,5.2619066666666665,-0.12716925256672654,Destabilizing,Uncertain,3.87802,-0.9307266666666667,-0.4376279030332175,Uncertain,Uncertain,1.986,1.691,25.88,18.572,,,,"cBioPortal,COSMIC,clinvar",,True,1.986,,,,neutral,neutral,neutral,,True,25.88,,,,neutral,neutral,neutral,824960,Likely pathogenic,1,-0.3668,0.2371,-22.2096,loss_of_function,-6.4931966516819,0.9875,pathogenic,10.1101/2022.10.22.513328; 37085483
P151H,8.38567,4.783446666666666,0.7852647169649595,Destabilizing,Uncertain,4.47946,0.74796,0.05408359967800258,Uncertain,Uncertain,1.986,1.691,25.88,18.572,,,0.870,"cBioPortal,COSMIC,somatic_muts,clinvar",,True,1.986,,,,neutral,neutral,neutral,,True,25.88,,,,neutral,neutral,neutral,376639,Uncertain significance,1,-0.2766,0.2371,-8.9217,loss_of_function,-6.83338577080362,0.992,pathogenic,10.1101/2022.10.22.513328; 37085483
P151L,1.77633,2.7834466666666664,-0.13740606333917252,Uncertain,Neutral,3.03633,-0.7907000000000001,-0.3596317486052831,Uncertain,Uncertain,1.986,1.691,25.88,18.572,,,0.771,"cBioPortal,COSMIC,somatic_muts",,True,1.986,,,,neutral,neutral,neutral,,True,25.88,,,,neutral,neutral,neutral,,,,-0.2734,0.2371,-6.3369,loss_of_function,-3.56420144651336,0.5469,ambiguous,10.1101/2022.10.22.513328; 37085483
P151R,6.86531,7.34875,2.112881625156725,Destabilizing,Uncertain,2.6252,0.6153066666666668,0.5226723839456863,Uncertain,Uncertain,1.986,1.691,25.88,18.572,,,0.912,"cBioPortal,COSMIC,somatic_muts,clinvar",,True,1.986,,,,neutral,neutral,neutral,,True,25.88,,,,neutral,neutral,neutral,376640,Pathogenic/Likely pathogenic,2,-0.3755,0.2371,-22.2096,loss_of_function,-6.73559736215129,0.9897,pathogenic,10.1101/2022.10.22.513328; 37085483
P151S,4.07136,2.543766666666667,1.3269280314059648,Uncertain,Uncertain,2.08325,-0.38492333333333334,0.6943869372817999,Uncertain,Uncertain,1.986,1.691,25.88,18.572,,,0.898,"cBioPortal,COSMIC,germline_muts,somatic_muts,clinvar",,True,1.986,,,,neutral,neutral,neutral,,True,25.88,,,,neutral,neutral,neutral,12370,Pathogenic/Likely pathogenic,2,-0.2325,0.2371,-7.9218,loss_of_function,-4.23585533397574,0.961,pathogenic,10.1101/2022.10.22.513328; 37085483
P151T,3.43116,1.9748299999999999,0.6512657775665898,Uncertain,Uncertain,3.4468,-1.0107733333333333,0.466349329316546,Uncertain,Uncertain,1.986,1.691,25.88,18.572,,,0.911,"cBioPortal,COSMIC,germline_muts,somatic_muts,clinvar",,True,1.986,,,,neutral,neutral,neutral,,True,25.88,,,,neutral,neutral,neutral,12369,Pathogenic/Likely pathogenic,2,-0.2497,0.2371,-8.9217,loss_of_function,-5.74914592533455,0.8944,pathogenic,10.1101/2022.10.22.513328; 37085483
P152A,2.17716,1.4600899999999999,0.06538592990482976,Uncertain,Uncertain,1.69444,-0.5768699999999999,0.47891097719225734,Neutral,Neutral,47.147,7.067,23.055,20.929,,,0.803,"COSMIC,somatic_muts",,True,47.147,,,,neutral,neutral,neutral,,True,23.055,,,,neutral,neutral,neutral,,,,-0.3216,0.0642,-22.2096,loss_of_function,-5.61534998839996,0.3011,benign,10.1101/2022.10.22.513328; 37085483
P152K,1.53407,1.2863933333333335,-0.29110999875429233,Neutral,Neutral,2.73265,2.9163266666666665,0.9853219260169911,Uncertain,Uncertain,47.147,7.067,23.055,20.929,,,,"cBioPortal,COSMIC",,True,47.147,,,,neutral,neutral,neutral,,True,23.055,,,,neutral,neutral,neutral,,,,-0.3557,0.0642,-22.2096,loss_of_function,-7.28055381223327,0.7899,pathogenic,10.1101/2022.10.22.513328; 37085483
P152L,1.79721,1.33458,-0.3745095549588225,Neutral,Neutral,3.11986,1.5088466666666667,-0.02815633030949254,Uncertain,Uncertain,47.147,7.067,23.055,20.929,,7.9594387004e-06,0.878,"cBioPortal,COSMIC,germline_muts,somatic_muts,clinvar",,True,47.147,,,,neutral,neutral,neutral,,True,23.055,,,,neutral,neutral,neutral,142766,Pathogenic,3,-0.3026,0.0642,-8.9217,loss_of_function,-4.24497340682494,0.3559,ambiguous,10.1101/2022.10.22.513328; 37085483
P152Q,1.79979,1.2642833333333334,-0.027170275561282167,Neutral,Neutral,2.90708,1.5498833333333335,1.0305695058421618,Uncertain,Uncertain,47.147,7.067,23.055,20.929,,,0.843,"cBioPortal,COSMIC,somatic_muts,clinvar",,True,47.147,,,,neutral,neutral,neutral,,True,23.055,,,,neutral,neutral,neutral,1058730,Uncertain significance,2,-0.35,0.0642,-22.2096,loss_of_function,-5.21034163519331,0.5994,pathogenic,10.1101/2022.10.22.513328; 37085483
P152R,1.41685,1.39093,-0.3349514760956486,Neutral,Neutral,2.94926,1.4236966666666664,0.34886803580040043,Uncertain,Uncertain,47.147,7.067,23.055,20.929,,,0.853,"cBioPortal,COSMIC,germline_muts,somatic_muts,clinvar",,True,47.147,,,,neutral,neutral,neutral,,True,23.055,,,,neutral,neutral,neutral,824998,Pathogenic/Likely pathogenic,2,-0.3914,0.0642,-22.2096,loss_of_function,-7.52848769412826,0.6385,pathogenic,10.1101/2022.10.22.513328; 37085483
P152S,2.19754,1.48424,-0.05023619032352653,Uncertain,Uncertain,2.31925,1.0998866666666667,1.063837437370049,Uncertain,Uncertain,47.147,7.067,23.055,20.929,,3.9791175909e-06,0.863,"cBioPortal,COSMIC,somatic_muts,clinvar",,True,47.147,,,,neutral,neutral,neutral,,True,23.055,,,,neutral,neutral,neutral,482230,Conflicting interpretations of pathogenicity,1,-0.3213,0.0642,-22.2096,loss_of_function,-5.6228131894386,0.4796,ambiguous,10.1101/2022.10.22.513328; 37085483
P152T,2.57816,1.677436666666667,-0.06367398838884,Uncertain,Uncertain,3.48005,0.9882066666666667,0.9099549483622674,Uncertain,Uncertain,47.147,7.067,23.055,20.929,,,0.866,"cBioPortal,COSMIC,somatic_muts",,True,47.147,,,,neutral,neutral,neutral,,True,23.055,,,,neutral,neutral,neutral,,,,-0.3335,0.0642,-22.2096,loss_of_function,-5.99199484505145,0.4973,ambiguous,10.1101/2022.10.22.513328; 37085483
P153A,1.7006,1.04195,0.11463783178410474,Neutral,Neutral,1.37961,0.33514666666666665,-0.17402164296445996,Neutral,Neutral,83.457,12.768,70.925,23.828,,,0.369,COSMIC,,False,83.457,,,,neutral,neutral,neutral,,False,70.925,,,,neutral,neutral,neutral,,,,-0.0671,1.8236,-4.0639,loss_of_function,-0.874315076869635,0.0565,benign,10.1101/2022.10.22.513328; 37085483
P153F,1.43641,1.4363933333333332,-0.3367713390063481,Neutral,Neutral,1.15815,0.4883200000000001,-0.4666027761082843,Neutral,Neutral,83.457,12.768,70.925,23.828,,,,"COSMIC,somatic_muts",,False,83.457,,,,neutral,neutral,neutral,,False,70.925,,,,neutral,neutral,neutral,,,,-0.2208,1.8236,-22.2096,loss_of_function,-1.24668585809957,0.2715,benign,10.1101/2022.10.22.513328; 37085483
P153H,1.76612,1.0480733333333332,-0.2657703190679195,Neutral,Neutral,1.45756,0.36372000000000004,-0.64072600698039,Neutral,Neutral,83.457,12.768,70.925,23.828,,,0.391,"cBioPortal,COSMIC",,False,83.457,,,,neutral,neutral,neutral,,False,70.925,,,,neutral,neutral,neutral,,,,-0.1163,1.8236,-6.1145,loss_of_function,-1.71797211950995,0.1129,benign,10.1101/2022.10.22.513328; 37085483
P153L,1.39362,1.1665533333333333,-0.4210363319461828,Neutral,Neutral,1.33271,0.12482666666666664,-0.6197583550763908,Neutral,Neutral,83.457,12.768,70.925,23.828,,,0.370,"cBioPortal,COSMIC,somatic_muts,clinvar",,False,83.457,,,,neutral,neutral,neutral,,False,70.925,,,,neutral,neutral,neutral,645432,Uncertain significance,1,-0.1182,1.8236,-4.5295,loss_of_function,-1.05022549185284,0.0741,benign,10.1101/2022.10.22.513328; 37085483
P153S,1.86592,1.1390033333333334,0.24605187994505465,Neutral,Neutral,1.26474,0.35283333333333333,-0.27567319856782235,Neutral,Neutral,83.457,12.768,70.925,23.828,,,0.359,"cBioPortal,COSMIC,somatic_muts,clinvar",,False,83.457,,,,neutral,neutral,neutral,,False,70.925,,,,neutral,neutral,neutral,422563,Uncertain significance,2,-0.0835,1.8236,-7.3368,loss_of_function,-2.15873427907793,0.0929,benign,10.1101/2022.10.22.513328; 37085483
P153T,1.81335,1.0819699999999999,0.12323049555844622,Neutral,Neutral,1.99812,0.51338,-0.25368507650307776,Neutral,Neutral,83.457,12.768,70.925,23.828,,,0.382,"COSMIC,somatic_muts",,False,83.457,,,,neutral,neutral,neutral,,False,70.925,,,,neutral,neutral,neutral,,,,-0.0957,1.8236,-7.3368,loss_of_function,-1.49432397380345,0.0862,benign,10.1101/2022.10.22.513328; 37085483
G154A,3.22417,1.8336733333333335,1.6001802303732475,Uncertain,Uncertain,1.65432,0.5003433333333333,1.4657403836936893,Neutral,Neutral,49.693,11.134,85.115,25.705,,,0.728,COSMIC,,False,49.693,,,,neutral,neutral,neutral,,False,85.115,,,,neutral,neutral,neutral,,,,-0.3571,0.2867,-22.2096,loss_of_function,-4.06697645914284,0.2768,benign,10.1101/2022.10.22.513328; 37085483
G154C,3.20221,2.4328800000000004,1.980337970683605,Uncertain,Uncertain,1.69576,0.6243766666666667,1.961970706565242,Neutral,Neutral,49.693,11.134,85.115,25.705,,,0.715,"cBioPortal,COSMIC,clinvar",,False,49.693,,,,neutral,neutral,neutral,,False,85.115,,,,neutral,neutral,neutral,1741887,Uncertain significance,1,-0.3491,0.2867,-8.9217,loss_of_function,-4.08463118414522,0.3408,ambiguous,10.1101/2022.10.22.513328; 37085483
G154D,3.21043,1.1970500000000002,0.8670244574176594,Uncertain,Uncertain,1.49281,0.24274666666666667,0.7330141922005319,Neutral,Neutral,49.693,11.134,85.115,25.705,,7.9595020536e-06,0.721,"cBioPortal,COSMIC,somatic_muts,clinvar",,False,49.693,,,,neutral,neutral,neutral,,False,85.115,,,,neutral,neutral,neutral,237950,Uncertain significance,3,-0.3415,0.2867,-7.3368,loss_of_function,-1.7982562863318,0.261,benign,10.1101/2022.10.22.513328; 37085483
G154I,4.92565,5.49671,2.745051432703105,Destabilizing,Uncertain,3.48323,3.825396666666667,2.235875930753446,Destabilizing,Uncertain,49.693,11.134,85.115,25.705,,,,"cBioPortal,COSMIC,somatic_muts",,False,49.693,,,,neutral,neutral,neutral,,False,85.115,,,,neutral,neutral,neutral,,,,-0.5007,0.2867,-22.2096,loss_of_function,-6.63131476926816,0.7892,pathogenic,10.1101/2022.10.22.513328; 37085483
G154R,2.61594,1.6967133333333333,0.9465890255918098,Uncertain,Uncertain,1.43336,0.5400233333333334,0.9773126800770466,Neutral,Neutral,49.693,11.134,85.115,25.705,,,,"COSMIC,clinvar",,False,49.693,,,,neutral,neutral,neutral,,False,85.115,,,,neutral,neutral,neutral,482229,Uncertain significance,2,-0.4337,0.2867,-22.2096,loss_of_function,-5.51523440597117,0.5843,pathogenic,10.1101/2022.10.22.513328; 37085483
G154S,3.46787,1.49297,1.3833009779344965,Uncertain,Uncertain,1.90543,0.3680266666666667,1.2835409624119325,Neutral,Neutral,49.693,11.134,85.115,25.705,0.0001593371574251,3.9800678204e-06,0.638,"cBioPortal,COSMIC,somatic_muts,clinvar",,False,49.693,,,,neutral,neutral,neutral,,False,85.115,,,,neutral,neutral,neutral,133284,Uncertain significance,2,-0.2799,0.2867,-5.9218,loss_of_function,-2.15790889825012,0.1525,benign,10.1101/2022.10.22.513328; 37085483
G154V,5.03213,5.6866200000000005,2.568385705096327,Destabilizing,Uncertain,3.2883,3.26474,2.185048073094549,Destabilizing,Uncertain,49.693,11.134,85.115,25.705,,,0.754,"cBioPortal,COSMIC,germline_muts,somatic_muts,clinvar",,False,49.693,,,,neutral,neutral,neutral,,False,85.115,,,,neutral,neutral,neutral,651769,Uncertain significance,1,-0.4439,0.2867,-22.2096,loss_of_function,-6.63131476926816,0.5817,pathogenic,10.1101/2022.10.22.513328; 37085483
T155A,1.23969,0.17686666666666664,1.2342425256721714,Neutral,Neutral,-0.84627,0.11916,0.12653585250309662,Neutral,Neutral,3.248,2.376,1.375,1.921,,7.9589319113e-06,0.337,"cBioPortal,COSMIC,somatic_muts,clinvar",P,False,3.248,9.196,,,uncertain,damaging,uncertain,P,False,1.375,14.358,,,uncertain,damaging,uncertain,458544,Conflicting interpretations of pathogenicity,1,-0.0844,1.4012,-0.7926,loss_of_function,-0.502175641617173,0.086,benign,10.1101/2022.10.22.513328; 37085483
T155F,2.32027,7.289113333333333,1.3522975186115034,Uncertain,Uncertain,11.14318,1.8213133333333333,0.14619013907862763,Uncertain,Uncertain,3.248,2.376,1.375,1.921,,,,cBioPortal,P,False,3.248,9.196,,,uncertain,uncertain,uncertain,P,False,1.375,14.358,,,uncertain,neutral,uncertain,,,,-0.301,1.4012,-22.2096,loss_of_function,-4.17937261647989,0.8902,pathogenic,10.1101/2022.10.22.513328; 37085483
T155I,-0.36205,0.5298166666666667,-0.28202109976428597,Neutral,Neutral,1.7577,0.13163333333333335,-0.173969809700627,Neutral,Neutral,3.248,2.376,1.375,1.921,,,0.597,"cBioPortal,COSMIC,germline_muts,somatic_muts,clinvar",P,False,3.248,9.196,,,uncertain,damaging,uncertain,P,False,1.375,14.358,,,uncertain,damaging,uncertain,1005876,Uncertain significance,1,-0.2196,1.4012,-22.2096,loss_of_function,-4.0458363280804,0.833,pathogenic,10.1101/2022.10.22.513328; 37085483
T155L,-0.39151,3.0948966666666666,0.05309858973372993,Uncertain,Neutral,0.79578,0.12879666666666667,-0.37917901797123116,Neutral,Neutral,3.248,2.376,1.375,1.921,,,,COSMIC,P,False,3.248,9.196,,,uncertain,damaging,uncertain,P,False,1.375,14.358,,,uncertain,damaging,uncertain,,,,-0.2716,1.4012,-22.2096,loss_of_function,-3.85120811517604,0.581,pathogenic,10.1101/2022.10.22.513328; 37085483
T155N,2.08508,2.351246666666667,1.6404109534140332,Uncertain,Uncertain,1.18408,1.1730166666666666,0.6923503569917514,Neutral,Neutral,3.248,2.376,1.375,1.921,3.18775900542e-05,,"0.424, 0.548","cBioPortal,COSMIC,germline_muts,somatic_muts,clinvar",P,False,3.248,9.196,,,uncertain,uncertain,uncertain,P,False,1.375,14.358,,,uncertain,damaging,uncertain,406564,Conflicting interpretations of pathogenicity,1,-0.2493,1.4012,-22.2096,loss_of_function,-4.96926233526373,0.7722,pathogenic,10.1101/2022.10.22.513328; 37085483
T155P,3.55489,8.66848,5.674851654215871,Destabilizing,Destabilizing,1.30063,5.231176666666667,4.606440551392961,Uncertain,Uncertain,3.248,2.376,1.375,1.921,,,0.581,"cBioPortal,COSMIC,somatic_muts",P,False,3.248,9.196,,,uncertain,neutral,uncertain,P,False,1.375,14.358,,,uncertain,damaging,uncertain,,,,-0.358,1.4012,-22.2096,loss_of_function,-5.80513631646375,0.9028,pathogenic,10.1101/2022.10.22.513328; 37085483
T155S,1.52811,1.0548766666666667,2.154122160035613,Neutral,Uncertain,-0.56271,0.8351466666666667,0.9843173732094987,Neutral,Neutral,3.248,2.376,1.375,1.921,3.18775900542e-05,,"0.359, 0.424","cBioPortal,COSMIC,somatic_muts,clinvar",P,False,3.248,9.196,,,neutral,damaging,uncertain,P,False,1.375,14.358,,,neutral,damaging,uncertain,186179,Conflicting interpretations of pathogenicity,1,-0.0588,1.4012,-2.8775,loss_of_function,-0.0793354338503833,0.0875,benign,10.1101/2022.10.22.513328; 37085483
R156C,1.10026,0.8243766666666666,1.57893951136409,Neutral,Neutral,0.65753,1.13696,1.2871310774352989,Neutral,Neutral,28.475,6.204,48.855,7.856,,3.9795926489e-06,0.493,"cBioPortal,COSMIC,germline_muts,somatic_muts,clinvar",,False,28.475,,,,neutral,neutral,neutral,,False,48.855,,,,neutral,neutral,neutral,127810,Conflicting interpretations of pathogenicity,1,-0.1596,1.8853,-5.4624,loss_of_function,-0.336239047499407,0.1809,benign,10.1101/2022.10.22.513328; 37085483
R156G,2.4499,1.9448999999999999,2.2264583339431154,Uncertain,Uncertain,1.88278,2.591156666666667,1.7998930745525994,Uncertain,Neutral,28.475,6.204,48.855,7.856,,,0.580,"cBioPortal,COSMIC,somatic_muts,clinvar",,False,28.475,,,,neutral,neutral,neutral,,False,48.855,,,,neutral,neutral,neutral,1517870,Conflicting interpretations of pathogenicity,1,-0.2716,1.8853,-22.2096,loss_of_function,-2.72461497518018,0.6544,pathogenic,10.1101/2022.10.22.513328; 37085483
R156H,1.29271,0.15136000000000002,0.731167546668674,Neutral,Neutral,0.59364,0.8339,0.2881278070947903,Neutral,Neutral,28.475,6.204,48.855,7.856,,1.59192575258e-05,0.627,"cBioPortal,COSMIC,germline_muts,somatic_muts,clinvar",,False,28.475,,,,neutral,neutral,neutral,,False,48.855,,,,neutral,neutral,neutral,127811,Uncertain significance,3,-0.1382,1.8853,-8.9217,loss_of_function,-1.69809690112553,0.1586,benign,10.1101/2022.10.22.513328; 37085483
R156L,-0.15649,-0.26315000000000005,0.12653151931473128,Neutral,Neutral,-0.69038,-0.2599766666666667,-0.15271311340066498,Neutral,Neutral,28.475,6.204,48.855,7.856,,,0.512,"cBioPortal,COSMIC,somatic_muts",,False,28.475,,,,neutral,neutral,neutral,,False,48.855,,,,neutral,neutral,neutral,,,,-0.1539,1.8853,-5.5999,loss_of_function,-0.83890271459001,0.3339,benign,10.1101/2022.10.22.513328; 37085483
R156P,2.98159,3.1345799999999997,4.422155802019631,Uncertain,Uncertain,3.75729,4.439453333333334,2.7587195051026687,Destabilizing,Uncertain,28.475,6.204,48.855,7.856,,,0.609,"cBioPortal,COSMIC,germline_muts,somatic_muts,clinvar",,False,28.475,,,,neutral,neutral,neutral,,False,48.855,,,,neutral,neutral,neutral,634768,Uncertain significance,2,-0.3783,1.8853,-22.2096,loss_of_function,-4.67495615038927,0.9793,pathogenic,10.1101/2022.10.22.513328; 37085483
R156S,1.92011,1.0274366666666668,1.6294264434674595,Neutral,Neutral,1.2846,1.5998866666666667,1.0639567768582487,Neutral,Neutral,28.475,6.204,48.855,7.856,,,0.523,"cBioPortal,COSMIC,somatic_muts,clinvar",,False,28.475,,,,neutral,neutral,neutral,,False,48.855,,,,neutral,neutral,neutral,1742298,Uncertain significance,1,-0.169,1.8853,-8.9217,loss_of_function,-2.74605685958695,0.6905,pathogenic,10.1101/2022.10.22.513328; 37085483
V157A,3.12431,2.9853733333333334,2.9127212278866548,Uncertain,Uncertain,1.62747,2.42823,2.2443479948885767,Uncertain,Uncertain,0.549,0.852,3.995,2.771,,,0.848,"cBioPortal,COSMIC,clinvar",,False,0.549,,,,neutral,neutral,neutral,,False,3.995,,,,neutral,neutral,neutral,428887,Pathogenic/Likely pathogenic,2,-0.2201,1.4207,-22.2096,loss_of_function,-6.03177136945862,0.9464,pathogenic,10.1101/2022.10.22.513328; 37085483
V157D,3.35087,4.157936666666667,4.284753869681277,Destabilizing,Destabilizing,3.82497,4.07812,3.454388592263159,Destabilizing,Destabilizing,0.549,0.852,3.995,2.771,,,0.863,"cBioPortal,COSMIC,germline_muts,somatic_muts,clinvar",,False,0.549,,,,neutral,neutral,neutral,,False,3.995,,,,neutral,neutral,neutral,482231,Conflicting interpretations of pathogenicity,1,-0.3867,1.4207,-22.2096,loss_of_function,-6.54106190246927,0.9992,pathogenic,10.1101/2022.10.22.513328; 37085483
V157E,3.02531,3.9150799999999997,4.1550240130481235,Destabilizing,Destabilizing,3.91019,3.6478466666666662,2.926092470505147,Destabilizing,Uncertain,0.549,0.852,3.995,2.771,,,,COSMIC,,False,0.549,,,,neutral,neutral,neutral,,False,3.995,,,,neutral,neutral,neutral,,,,-0.344,1.4207,-22.2096,loss_of_function,-6.54106190246927,0.9966,pathogenic,10.1101/2022.10.22.513328; 37085483
V157F,2.62893,3.7871900000000003,1.873670789500138,Uncertain,Uncertain,3.66326,0.2192733333333333,0.10971114000000788,Uncertain,Uncertain,0.549,0.852,3.995,2.771,,,0.708,"cBioPortal,COSMIC,germline_muts,somatic_muts,clinvar",,False,0.549,,,,neutral,neutral,neutral,,False,3.995,,,,neutral,neutral,neutral,12353,Conflicting interpretations of pathogenicity,1,-0.2214,1.4207,-7.3368,loss_of_function,-3.18514303664848,0.9349,pathogenic,10.1101/2022.10.22.513328; 37085483
V157G,4.4681,5.599543333333334,4.968091602625364,Destabilizing,Destabilizing,2.53686,4.812016666666666,4.1426953921294,Uncertain,Uncertain,0.549,0.852,3.995,2.771,,,0.872,"cBioPortal,COSMIC,germline_muts,somatic_muts,clinvar",,False,0.549,,,,neutral,neutral,neutral,,False,3.995,,,,neutral,neutral,neutral,915695,Uncertain significance,1,-0.3459,1.4207,-22.2096,loss_of_function,-6.54106190246927,0.9524,pathogenic,10.1101/2022.10.22.513328; 37085483
V157I,-0.98498,-0.12812,0.36870228978155933,Neutral,Neutral,-0.31561,0.27891,0.38459401515223846,Neutral,Neutral,0.549,0.852,3.995,2.771,,3.97921259341e-05,0.425,"cBioPortal,COSMIC,germline_muts,somatic_muts,clinvar",,False,0.549,,,,neutral,neutral,neutral,,False,3.995,,,,neutral,neutral,neutral,185404,Likely benign,3,-0.0461,1.4207,-0.737,loss_of_function,-0.27683081420522,0.1052,benign,10.1101/2022.10.22.513328; 37085483
V157L,-0.37936,1.5302699999999998,0.7921182700373212,Neutral,Neutral,0.48924,1.2571433333333333,0.14761516054406087,Neutral,Neutral,0.549,0.852,3.995,2.771,,,0.546,"cBioPortal,COSMIC,somatic_muts,clinvar",,False,0.549,,,,neutral,neutral,neutral,,False,3.995,,,,neutral,neutral,neutral,1515529,Uncertain significance,1,-0.1216,1.4207,-2.7926,loss_of_function,-1.65744017387142,0.6073,pathogenic,10.1101/2022.10.22.513328; 37085483
R158C,1.04437,1.5507966666666666,1.872877568921756,Neutral,Neutral,0.40408,0.4248333333333334,1.8492347115651089,Neutral,Neutral,23.245,5.646,23.425,8.171,,7.9593753482e-06,0.835,"cBioPortal,COSMIC,germline_muts,somatic_muts,clinvar",,False,23.245,,,,neutral,neutral,neutral,,False,23.425,,,,neutral,neutral,neutral,127812,Conflicting interpretations of pathogenicity,1,-0.409,0.1043,-22.2096,loss_of_function,-6.77998842762731,0.9622,pathogenic,10.1101/2022.10.22.513328; 37085483
R158F,3.1097,0.5792533333333333,0.6539340826774592,Uncertain,Uncertain,4.51811,-0.035486666666666666,0.5412478363317129,Uncertain,Uncertain,23.245,5.646,23.425,8.171,,,,"cBioPortal,COSMIC",,False,23.245,,,,neutral,neutral,neutral,,False,23.425,,,,neutral,neutral,neutral,,,,-0.4323,0.1043,-22.2096,loss_of_function,-6.94790315070581,0.9992,pathogenic,10.1101/2022.10.22.513328; 37085483
R158G,2.61947,3.4168966666666667,3.0472127381893084,Uncertain,Uncertain,1.77562,2.7452400000000003,2.93429617705621,Uncertain,Uncertain,23.245,5.646,23.425,8.171,,,0.862,"cBioPortal,COSMIC,germline_muts,somatic_muts,clinvar",,False,23.245,,,,neutral,neutral,neutral,,False,23.425,,,,neutral,neutral,neutral,856171,Pathogenic,1,-0.4355,0.1043,-22.2096,loss_of_function,-7.8974356797228,0.9963,pathogenic,10.1101/2022.10.22.513328; 37085483
R158H,3.18564,1.6783466666666669,1.2782683754602269,Uncertain,Uncertain,5.08948,0.75,1.0928795577054566,Uncertain,Uncertain,23.245,5.646,23.425,8.171,,3.9798143815e-06,0.844,"cBioPortal,COSMIC,germline_muts,somatic_muts,clinvar",,False,23.245,,,,neutral,neutral,neutral,,False,23.425,,,,neutral,neutral,neutral,141963,Pathogenic/Likely pathogenic,2,-0.2902,0.1043,-6.5999,loss_of_function,-4.0144422087353,0.9236,pathogenic,10.1101/2022.10.22.513328; 37085483
R158I,-0.34355,0.37970333333333334,0.1849204039834855,Neutral,Neutral,-0.49001,-1.0031733333333333,0.6662480219311051,Neutral,Neutral,23.245,5.646,23.425,8.171,,,,clinvar,,False,23.245,,,,neutral,neutral,neutral,,False,23.425,,,,neutral,neutral,neutral,958850,Uncertain significance,1,-0.4295,0.1043,-22.2096,loss_of_function,-7.28243726462348,0.9971,pathogenic,10.1101/2022.10.22.513328; 37085483
R158L,-0.35477,0.48197666666666666,0.07098524049689993,Neutral,Neutral,-0.78806,-0.83095,0.3662084536721147,Neutral,Neutral,23.245,5.646,23.425,8.171,,3.9798143815e-06,0.891,"cBioPortal,COSMIC,germline_muts,somatic_muts,clinvar",,False,23.245,,,,neutral,neutral,neutral,,False,23.425,,,,neutral,neutral,neutral,"568285, 528248","Pathogenic/Likely pathogenic, Pathogenic","2, 2",-0.4026,0.1043,-22.2096,loss_of_function,-7.28243726462348,0.9902,pathogenic,10.1101/2022.10.22.513328; 37085483
R158P,4.28128,2.6145133333333335,5.336550437513632,Uncertain,Destabilizing,5.39146,3.1451233333333337,4.745185674300916,Destabilizing,Destabilizing,23.245,5.646,23.425,8.171,,,0.916,"cBioPortal,COSMIC,somatic_muts,clinvar",,False,23.245,,,,neutral,neutral,neutral,,False,23.425,,,,neutral,neutral,neutral,246118,Likely pathogenic,2,-0.5422,0.1043,-22.2096,loss_of_function,-7.8974356797228,0.9986,pathogenic,10.1101/2022.10.22.513328; 37085483
R158S,1.933,2.2210866666666664,2.226566480608561,Uncertain,Uncertain,1.03652,1.31417,1.938021932503581,Neutral,Neutral,23.245,5.646,23.425,8.171,,,0.864,"cBioPortal,COSMIC,somatic_muts,clinvar",,False,23.245,,,,neutral,neutral,neutral,,False,23.425,,,,neutral,neutral,neutral,1067910,Pathogenic,1,-0.4007,0.1043,-22.2096,loss_of_function,-7.1028394778161,0.9981,pathogenic,10.1101/2022.10.22.513328; 37085483
A159D,2.63296,2.8628133333333334,2.7277033921449108,Uncertain,Uncertain,3.73302,2.6356,2.2264964082563523,Uncertain,Uncertain,0.309,0.504,6.605,6.839,,,0.836,"cBioPortal,COSMIC,germline_muts,somatic_muts,clinvar",,False,0.309,,,,neutral,neutral,neutral,,False,6.605,,,,neutral,neutral,neutral,1026335,Pathogenic,1,-0.3989,0.2526,-22.2096,loss_of_function,-7.56118054309627,0.9985,pathogenic,10.1101/2022.10.22.513328; 37085483
A159F,6.98837,1.40714,1.8354646109090773,Uncertain,Uncertain,8.37902,4.198413333333334,-0.6722122341377091,Destabilizing,Uncertain,0.309,0.504,6.605,6.839,,,,clinvar,,False,0.309,,,,neutral,neutral,neutral,,False,6.605,,,,neutral,neutral,neutral,182961,Uncertain significance,1,-0.3673,0.2526,-22.2096,loss_of_function,-7.56118054309627,0.979,pathogenic,10.1101/2022.10.22.513328; 37085483
A159I,-0.89094,0.41406000000000004,0.38261360138439793,Neutral,Neutral,1.43518,0.8628133333333333,-0.1711626697660826,Neutral,Neutral,0.309,0.504,6.605,6.839,,,,cBioPortal,,False,0.309,,,,neutral,neutral,neutral,,False,6.605,,,,neutral,neutral,neutral,,,,-0.3568,0.2526,-22.2096,loss_of_function,-4.90453163501885,0.9256,pathogenic,10.1101/2022.10.22.513328; 37085483
A159P,1.95024,3.640133333333333,5.086201739312274,Uncertain,Uncertain,2.20598,3.0477333333333334,4.712699787685556,Uncertain,Uncertain,0.309,0.504,6.605,6.839,,,0.815,"cBioPortal,COSMIC,somatic_muts,clinvar",,False,0.309,,,,neutral,neutral,neutral,,False,6.605,,,,neutral,neutral,neutral,182929,Uncertain significance,2,-0.4387,0.2526,-22.2096,loss_of_function,-7.56118054309627,0.9973,pathogenic,10.1101/2022.10.22.513328; 37085483
A159S,0.53467,1.1418366666666666,1.3771088167150498,Neutral,Neutral,1.56651,1.6802733333333333,1.5561962620219802,Neutral,Neutral,0.309,0.504,6.605,6.839,,,0.727,"COSMIC,somatic_muts",,False,0.309,,,,neutral,neutral,neutral,,False,6.605,,,,neutral,neutral,neutral,,,,-0.2819,0.2526,-22.2096,loss_of_function,-3.62081775220914,0.4783,ambiguous,10.1101/2022.10.22.513328; 37085483
A159T,-0.39666,0.39592000000000005,0.7972183787202,Neutral,Neutral,2.17613,0.10680333333333332,0.8143647471759676,Uncertain,Uncertain,0.309,0.504,6.605,6.839,,0.0,0.715,"cBioPortal,COSMIC,somatic_muts,clinvar",,False,0.309,,,,neutral,neutral,neutral,,False,6.605,,,,neutral,neutral,neutral,1909172,Uncertain significance,1,-0.2006,0.2526,-5.1145,loss_of_function,-0.819721990404372,0.4315,ambiguous,10.1101/2022.10.22.513328; 37085483
A159V,-1.01486,-0.2678,-0.15088729836756373,Neutral,Neutral,1.14669,-0.4955766666666666,-0.21370112885651646,Neutral,Neutral,0.309,0.504,6.605,6.839,,,0.774,"cBioPortal,COSMIC,somatic_muts,clinvar",,False,0.309,,,,neutral,neutral,neutral,,False,6.605,,,,neutral,neutral,neutral,458545,Pathogenic/Likely pathogenic,2,-0.2171,0.2526,-8.9217,loss_of_function,-4.45460517452887,0.6808,pathogenic,10.1101/2022.10.22.513328; 37085483
M160I,1.3069,-0.5574833333333333,0.18396886698744716,Neutral,Neutral,0.34767,-0.038433333333333354,0.027791372434673833,Neutral,Neutral,12.073,5.262,7.535,6.377,,1.19374477737e-05,"0.656, 0.657","cBioPortal,COSMIC,somatic_muts,clinvar",,False,12.073,,,,neutral,neutral,neutral,,False,7.535,,,,neutral,neutral,neutral,230758,Likely benign,3,-0.1634,0.8986,-7.9541,loss_of_function,-1.85806821306715,0.9318,pathogenic,10.1101/2022.10.22.513328; 37085483
M160K,1.85417,2.61803,1.8594941901073934,Uncertain,Neutral,2.38713,3.4688200000000005,1.2217906565490226,Uncertain,Uncertain,12.073,5.262,7.535,6.377,,,0.860,"cBioPortal,COSMIC,somatic_muts",,False,12.073,,,,neutral,neutral,neutral,,False,7.535,,,,neutral,neutral,neutral,,,,-0.3816,0.8986,-22.2419,loss_of_function,-6.49813689004754,0.9752,pathogenic,10.1101/2022.10.22.513328; 37085483
M160L,0.31725,-0.21632666666666667,0.07130161412799706,Neutral,Neutral,-0.04598,0.4956933333333333,-0.39015735029085336,Neutral,Neutral,12.073,5.262,7.535,6.377,,,0.569,"cBioPortal,COSMIC,somatic_muts",,False,12.073,,,,neutral,neutral,neutral,,False,7.535,,,,neutral,neutral,neutral,,,,-0.1253,0.8986,-6.9542,loss_of_function,-0.71506230071988,0.4727,ambiguous,10.1101/2022.10.22.513328; 37085483
M160N,2.47023,1.8820866666666667,1.752576450403864,Uncertain,Uncertain,2.34954,2.320066666666667,1.239823866097966,Uncertain,Uncertain,12.073,5.262,7.535,6.377,,,,cBioPortal,,False,12.073,,,,neutral,neutral,neutral,,False,7.535,,,,neutral,neutral,neutral,,,,-0.3721,0.8986,-22.2419,loss_of_function,-6.3898967312866,0.9874,pathogenic,10.1101/2022.10.22.513328; 37085483
M160R,2.22534,1.6514766666666665,1.2074880960325842,Uncertain,Uncertain,3.18341,2.44093,0.6625310537861515,Uncertain,Uncertain,12.073,5.262,7.535,6.377,,,0.865,"cBioPortal,COSMIC",,False,12.073,,,,neutral,neutral,neutral,,False,7.535,,,,neutral,neutral,neutral,,,,-0.4089,0.8986,-22.2419,loss_of_function,-6.69861340466964,0.978,pathogenic,10.1101/2022.10.22.513328; 37085483
M160T,1.77028,1.0341266666666666,1.4670476172330602,Neutral,Neutral,1.87332,0.7996599999999999,1.2589480812737313,Neutral,Neutral,12.073,5.262,7.535,6.377,,,0.669,"cBioPortal,COSMIC,somatic_muts",,False,12.073,,,,neutral,neutral,neutral,,False,7.535,,,,neutral,neutral,neutral,,,,-0.1894,0.8986,-2.4948,loss_of_function,-2.5259026466363,0.5246,ambiguous,10.1101/2022.10.22.513328; 37085483
M160V,1.64334,-0.04047666666666666,0.47603665563208525,Neutral,Neutral,0.56812,0.5230166666666667,0.3048980526886422,Neutral,Neutral,12.073,5.262,7.535,6.377,,3.979370941e-06,0.689,"cBioPortal,COSMIC,somatic_muts,clinvar",,False,12.073,,,,neutral,neutral,neutral,,False,7.535,,,,neutral,neutral,neutral,444396,Conflicting interpretations of pathogenicity,1,-0.1904,0.8986,-6.9542,loss_of_function,-1.85792401129712,0.2649,benign,10.1101/2022.10.22.513328; 37085483
A161D,2.12785,2.405556666666667,2.019568336778308,Uncertain,Uncertain,4.22045,3.21372,1.9793940925316909,Destabilizing,Uncertain,7.495,2.584,1.27,1.295,,,0.908,"cBioPortal,COSMIC,somatic_muts,clinvar",,False,7.495,,,,neutral,neutral,neutral,,False,1.27,,,,neutral,neutral,neutral,422295,Conflicting interpretations of pathogenicity,1,-0.332,0.9816,-22.239,loss_of_function,-6.93735650167601,0.9987,pathogenic,10.1101/2022.10.22.513328; 37085483
A161F,4.0291,4.734806666666667,0.10775593926097989,Destabilizing,Uncertain,12.38022,6.425056666666667,0.7532403456013466,Destabilizing,Uncertain,7.495,2.584,1.27,1.295,,,,COSMIC,,False,7.495,,,,neutral,neutral,neutral,,False,1.27,,,,neutral,neutral,neutral,,,,-0.3004,0.9816,-22.239,loss_of_function,-6.93735650167601,0.995,pathogenic,10.1101/2022.10.22.513328; 37085483
A161G,1.68881,2.5506833333333336,2.4548868771835166,Uncertain,Uncertain,0.46692,2.15023,2.6881415979737846,Uncertain,Uncertain,7.495,2.584,1.27,1.295,,,0.809,"cBioPortal,COSMIC,somatic_muts",,False,7.495,,,,neutral,neutral,neutral,,False,1.27,,,,neutral,neutral,neutral,,,,-0.2438,0.9816,-22.239,loss_of_function,-6.51573930634988,0.7679,pathogenic,10.1101/2022.10.22.513328; 37085483
A161N,1.43499,1.5300433333333334,1.1238723795821393,Neutral,Neutral,3.5257,3.0045366666666666,0.8757105587010111,Destabilizing,Uncertain,7.495,2.584,1.27,1.295,,,,COSMIC,,False,7.495,,,,neutral,neutral,neutral,,False,1.27,,,,neutral,neutral,neutral,,,,-0.3024,0.9816,-22.239,loss_of_function,-6.93735650167601,0.996,pathogenic,10.1101/2022.10.22.513328; 37085483
A161P,-0.55014,1.2150800000000002,3.8565320690056972,Neutral,Uncertain,1.20883,2.81372,3.664919012278459,Uncertain,Uncertain,7.495,2.584,1.27,1.295,,,0.641,"cBioPortal,COSMIC,somatic_muts",,False,7.495,,,,neutral,neutral,neutral,,False,1.27,,,,neutral,neutral,neutral,,,,-0.2622,0.9816,-0.7864,loss_of_function,-1.97218037891763,0.6616,pathogenic,10.1101/2022.10.22.513328; 37085483
A161S,0.81807,1.4522700000000002,1.5170555405658679,Neutral,Neutral,1.29959,1.52687,1.4758385418877478,Neutral,Neutral,7.495,2.584,1.27,1.295,,,0.752,"cBioPortal,COSMIC,somatic_muts",,False,7.495,,,,neutral,neutral,neutral,,False,1.27,,,,neutral,neutral,neutral,,,,-0.215,0.9816,-22.239,loss_of_function,-2.6744212924387,0.782,pathogenic,10.1101/2022.10.22.513328; 37085483
A161T,0.27702,1.40578,0.7805216013218986,Neutral,Neutral,1.67013,1.9995433333333335,0.7290243000431533,Neutral,Neutral,7.495,2.584,1.27,1.295,,,0.790,"cBioPortal,COSMIC,germline_muts,somatic_muts,clinvar",,False,7.495,,,,neutral,neutral,neutral,,False,1.27,,,,neutral,neutral,neutral,161518,Conflicting interpretations of pathogenicity,1,-0.2209,0.9816,-22.239,loss_of_function,-4.49556005485196,0.9563,pathogenic,10.1101/2022.10.22.513328; 37085483
A161V,-1.26952,0.6908166666666666,-0.29685575406024417,Neutral,Neutral,0.7516,1.3290266666666666,-0.31986686210594467,Neutral,Neutral,7.495,2.584,1.27,1.295,,,0.803,"cBioPortal,COSMIC,somatic_muts,clinvar",,False,7.495,,,,neutral,neutral,neutral,,False,1.27,,,,neutral,neutral,neutral,2019530,Uncertain significance,1,-0.218,0.9816,-22.239,loss_of_function,-4.45493542331487,0.8937,pathogenic,10.1101/2022.10.22.513328; 37085483
I162F,5.23527,1.8763033333333334,0.6616986365673491,Uncertain,Uncertain,3.74441,0.8907033333333333,0.8774294363881753,Uncertain,Uncertain,0.487,1.093,4.525,4.415,,,0.676,"cBioPortal,COSMIC,germline_muts,somatic_muts,clinvar",,False,0.487,,,,neutral,neutral,neutral,,False,4.525,,,,neutral,neutral,neutral,948225,Uncertain significance,1,-0.3035,0.9099,-22.239,loss_of_function,-5.55546634057379,0.7741,pathogenic,10.1101/2022.10.22.513328; 37085483
I162M,-0.0438,1.0836733333333333,0.6720180823469031,Neutral,Neutral,0.16284,2.2486366666666666,1.085743391567935,Uncertain,Neutral,0.487,1.093,4.525,4.415,,,0.629,"cBioPortal,COSMIC,somatic_muts",,False,0.487,,,,neutral,neutral,neutral,,False,4.525,,,,neutral,neutral,neutral,,,,-0.2334,0.9099,-22.239,loss_of_function,-2.83824126760049,0.4763,ambiguous,10.1101/2022.10.22.513328; 37085483
I162N,2.8608,2.80374,1.6922403914388784,Uncertain,Uncertain,1.89976,2.5130366666666664,1.9037204281519085,Uncertain,Neutral,0.487,1.093,4.525,4.415,,,0.800,"cBioPortal,COSMIC,germline_muts,somatic_muts,clinvar",,False,0.487,,,,neutral,neutral,neutral,,False,4.525,,,,neutral,neutral,neutral,1408611,Uncertain significance,1,-0.3797,0.9099,-22.239,loss_of_function,-6.17096696338336,0.9882,pathogenic,10.1101/2022.10.22.513328; 37085483
I162S,2.99182,2.9973933333333336,2.361176029143739,Uncertain,Uncertain,1.74195,3.63696,2.5326799921906726,Uncertain,Uncertain,0.487,1.093,4.525,4.415,,,0.865,"cBioPortal,COSMIC,somatic_muts,clinvar",,False,0.487,,,,neutral,neutral,neutral,,False,4.525,,,,neutral,neutral,neutral,127813,Uncertain significance,1,-0.3153,0.9099,-8.9511,loss_of_function,-5.75718582247629,0.9693,pathogenic,10.1101/2022.10.22.513328; 37085483
I162T,1.90076,1.40635,1.2920648103025938,Neutral,Neutral,1.5039,1.9125833333333333,1.8532783411360463,Neutral,Neutral,0.487,1.093,4.525,4.415,,,,"somatic_muts,clinvar",,False,0.487,,,,neutral,neutral,neutral,,False,4.525,,,,neutral,neutral,neutral,1992967,Uncertain significance,1,-0.2999,0.9099,-22.239,loss_of_function,-5.75718582247629,0.9144,pathogenic,10.1101/2022.10.22.513328
I162V,0.69335,-0.011450000000000016,0.16980577776831707,Neutral,Neutral,0.11207,0.20408333333333337,0.8043973878594523,Neutral,Neutral,0.487,1.093,4.525,4.415,,,0.498,"COSMIC,somatic_muts,clinvar",,False,0.487,,,,neutral,neutral,neutral,,False,4.525,,,,neutral,neutral,neutral,1743548,Uncertain significance,1,-0.077,0.9099,-0.5042,loss_of_function,-0.462147024394601,0.0931,benign,10.1101/2022.10.22.513328; 37085483
Y163C,2.57223,3.0871866666666663,3.97445906141392,Uncertain,Uncertain,-2.77974,2.9155333333333338,2.9917199787254276,Uncertain,Uncertain,1.21,1.097,5.11,3.435,,,0.872,"cBioPortal,COSMIC,germline_muts,somatic_muts,clinvar",,False,1.21,,,,uncertain,,,,False,5.11,,,,uncertain,,,127814,Pathogenic,3,-0.3448,0.1096,-8.9541,loss_of_function,-7.83850975984194,0.9824,pathogenic,10.1101/2022.10.22.513328; 37085483
Y163D,3.12515,3.675056666666667,4.484456496611471,Destabilizing,Destabilizing,-0.74788,4.888776666666666,3.909124103034335,Uncertain,Uncertain,1.21,1.097,5.11,3.435,,,0.906,"cBioPortal,COSMIC,somatic_muts,clinvar",,False,1.21,,,,uncertain,,,,False,5.11,,,,uncertain,,,187052,Conflicting interpretations of pathogenicity,1,-0.4562,0.1096,-22.2419,loss_of_function,-7.83850975984194,0.9992,pathogenic,10.1101/2022.10.22.513328; 37085483
Y163F,-0.47063,-0.41825666666666667,0.07127961667522034,Neutral,Neutral,-0.88428,0.41507999999999995,1.0095035730633466,Neutral,Neutral,1.21,1.097,5.11,3.435,,,,somatic_muts,,False,1.21,,,,uncertain,,,,False,5.11,,,,uncertain,,,,,,-0.2015,0.1096,-6.9542,loss_of_function,-2.74211411025487,0.2372,benign,10.1101/2022.10.22.513328
Y163H,2.03383,2.1916100000000003,2.1283370512359014,Uncertain,Uncertain,-1.01024,2.9333333333333336,2.266814703382814,Uncertain,Uncertain,1.21,1.097,5.11,3.435,,,0.904,"cBioPortal,COSMIC,somatic_muts,clinvar",,False,1.21,,,,uncertain,,,,False,5.11,,,,uncertain,,,376680,Uncertain significance,2,-0.3497,0.1096,-22.2419,loss_of_function,-4.63018780181566,0.9929,pathogenic,10.1101/2022.10.22.513328; 37085483
Y163N,2.7361,3.346826666666667,3.5353318332769224,Uncertain,Uncertain,-1.83691,3.493766666666667,2.9504433205125373,Uncertain,Uncertain,1.21,1.097,5.11,3.435,,,0.907,"cBioPortal,COSMIC,somatic_muts,clinvar",,False,1.21,,,,uncertain,,,,False,5.11,,,,uncertain,,,376679,Conflicting interpretations of pathogenicity,1,-0.4352,0.1096,-22.2419,loss_of_function,-7.83850975984194,0.9958,pathogenic,10.1101/2022.10.22.513328; 37085483
Y163S,3.40079,3.990816666666667,4.447860156957379,Destabilizing,Destabilizing,-2.18693,3.8672299999999997,3.5299162754967557,Uncertain,Uncertain,1.21,1.097,5.11,3.435,,,0.901,"cBioPortal,COSMIC,somatic_muts",,False,1.21,,,,uncertain,,,,False,5.11,,,,uncertain,,,,,,-0.4467,0.1096,-22.2419,loss_of_function,-7.83850975984194,0.9949,pathogenic,10.1101/2022.10.22.513328; 37085483
K164E,0.90789,1.1697266666666668,0.5434660212717767,Neutral,Neutral,1.23157,1.37381,0.4581284941951635,Neutral,Neutral,43.48,6.818,51.515,8.188,,,0.875,"cBioPortal,COSMIC,somatic_muts,clinvar",,False,43.48,,,,neutral,neutral,neutral,,False,51.515,,,,neutral,neutral,neutral,246416,Uncertain significance,2,-0.3412,0.0678,-22.2419,loss_of_function,-6.13403327025882,0.9696,pathogenic,10.1101/2022.10.22.513328; 37085483
K164M,-0.2209,0.3266466666666667,-0.043809664842528295,Neutral,Neutral,-0.03385,0.39093,-0.19798717775685903,Neutral,Neutral,43.48,6.818,51.515,8.188,,,0.925,"cBioPortal,COSMIC,somatic_muts",,False,43.48,,,,neutral,neutral,neutral,,False,51.515,,,,neutral,neutral,neutral,,,,-0.3264,0.0678,-22.2419,loss_of_function,-4.95330904216767,0.901,pathogenic,10.1101/2022.10.22.513328; 37085483
K164N,0.93566,0.48344999999999994,0.3033149049022878,Neutral,Neutral,0.51968,-0.15419666666666668,0.14518218894970514,Neutral,Neutral,43.48,6.818,51.515,8.188,,,0.794,"cBioPortal,COSMIC,somatic_muts,clinvar",,False,43.48,,,,neutral,neutral,neutral,,False,51.515,,,,neutral,neutral,neutral,428899,Uncertain significance,1,-0.3345,0.0678,-22.2419,loss_of_function,-6.9942592743991,0.983,pathogenic,10.1101/2022.10.22.513328; 37085483
K164Q,0.54847,0.6530633333333333,0.40870314943636893,Neutral,Neutral,0.57637,0.21088666666666667,0.32731192516956203,Neutral,Neutral,43.48,6.818,51.515,8.188,,,0.899,"COSMIC,somatic_muts",,False,43.48,,,,neutral,neutral,neutral,,False,51.515,,,,neutral,neutral,neutral,,,,-0.3155,0.0678,-22.2419,loss_of_function,-4.46414505079612,0.5962,pathogenic,10.1101/2022.10.22.513328; 37085483
K164R,0.48279,-0.008956666666666668,-0.09830661295178493,Neutral,Neutral,0.1685,0.5191600000000001,-0.18037098838372398,Neutral,Neutral,43.48,6.818,51.515,8.188,,,0.906,"cBioPortal,COSMIC,somatic_muts",,False,43.48,,,,neutral,neutral,neutral,,False,51.515,,,,neutral,neutral,neutral,,,,-0.1719,0.0678,-6.9542,loss_of_function,-1.79641753144727,0.1385,benign,10.1101/2022.10.22.513328; 37085483
K164T,1.09697,0.11746000000000001,0.3743480111593492,Neutral,Neutral,2.06495,1.94898,0.48385193940679344,Uncertain,Uncertain,43.48,6.818,51.515,8.188,,,0.927,"cBioPortal,COSMIC",,False,43.48,,,,neutral,neutral,neutral,,False,51.515,,,,neutral,neutral,neutral,,,,-0.3383,0.0678,-22.2419,loss_of_function,-4.89004485921964,0.8969,pathogenic,10.1101/2022.10.22.513328; 37085483
Q165E,-0.09642,-0.13752666666666666,-0.21521512075340174,Neutral,Neutral,-0.41284,0.24625666666666665,0.12178917966720122,Neutral,Neutral,66.717,12.887,53.4,9.686,,,0.572,"COSMIC,somatic_muts",,False,66.717,,,,neutral,neutral,neutral,,False,53.4,,,,neutral,neutral,neutral,,,,-0.188,0.5346,-8.9511,loss_of_function,-3.79832456836452,0.238,benign,10.1101/2022.10.22.513328; 37085483
Q165H,0.36951,-0.13367333333333334,-0.5436700251840038,Neutral,Neutral,0.1424,0.38515000000000005,-0.19161272082919378,Neutral,Neutral,66.717,12.887,53.4,9.686,,,0.600,"cBioPortal,COSMIC",,False,66.717,,,,neutral,neutral,neutral,,False,53.4,,,,neutral,neutral,neutral,,,,-0.2518,0.5346,-22.239,loss_of_function,-5.91989421718138,0.3948,ambiguous,10.1101/2022.10.22.513328; 37085483
Q165K,-0.17222,0.21723333333333336,-0.06982750046599225,Neutral,Neutral,-0.00099,0.96043,0.036870466778693066,Neutral,Neutral,66.717,12.887,53.4,9.686,,,0.481,"cBioPortal,clinvar",,False,66.717,,,,neutral,neutral,neutral,,False,53.4,,,,neutral,neutral,neutral,482232,Conflicting interpretations of pathogenicity,1,-0.171,0.5346,-0.1311,loss_of_function,0.597145055795084,0.1186,benign,10.1101/2022.10.22.513328; 37085483
Q165L,-0.60308,-0.55839,-0.786187824585455,Neutral,Neutral,-0.3397,-0.12199666666666666,-0.40660635699722186,Neutral,Neutral,66.717,12.887,53.4,9.686,,,0.574,"COSMIC,somatic_muts,clinvar",,False,66.717,,,,neutral,neutral,neutral,,False,53.4,,,,neutral,neutral,neutral,2505496,Pathogenic,0,-0.2696,0.5346,-22.239,loss_of_function,-3.1479277378225,0.2476,benign,10.1101/2022.10.22.513328; 37085483
Q165P,1.15115,2.283106666666667,2.0732245722589124,Uncertain,Uncertain,7.22426,5.391496666666666,5.013256353773334,Destabilizing,Destabilizing,66.717,12.887,53.4,9.686,,,0.653,"COSMIC,somatic_muts",,False,66.717,,,,neutral,neutral,neutral,,False,53.4,,,,neutral,neutral,neutral,,,,-0.4243,0.5346,-22.239,loss_of_function,-6.30577079745317,0.5766,pathogenic,10.1101/2022.10.22.513328; 37085483
Q165R,-0.00073,0.26973,-0.3096960334188488,Neutral,Neutral,0.13491,1.2334466666666666,-0.19820777065598705,Neutral,Neutral,66.717,12.887,53.4,9.686,,,0.475,"COSMIC,somatic_muts",,False,66.717,,,,neutral,neutral,neutral,,False,53.4,,,,neutral,neutral,neutral,,,,-0.1993,0.5346,-5.9513,loss_of_function,-0.744174817524804,0.2235,benign,10.1101/2022.10.22.513328; 37085483
S166A,-0.25308,-0.15918333333333334,-0.22926325996717897,Neutral,Neutral,-0.05186,-0.08129333333333333,0.22453868138844535,Neutral,Neutral,70.666,10.032,91.64,14.359,,,0.487,"COSMIC,somatic_muts",,False,70.666,,,,uncertain,,,,False,91.64,,,,uncertain,,,,,,-0.0352,1.4753,-0.7705,loss_of_function,-1.6681715036531,0.0945,benign,10.1101/2022.10.22.513328; 37085483
S166G,0.08454,0.5715433333333334,0.29364579978631,Neutral,Neutral,-0.18669,0.6928566666666667,0.5484110819265337,Neutral,Neutral,70.666,10.032,91.64,14.359,,,,COSMIC,,False,70.666,,,,uncertain,,,,False,91.64,,,,uncertain,,,,,,-0.1539,1.4753,-22.2332,loss_of_function,-6.3247105867852,0.3208,benign,10.1101/2022.10.22.513328; 37085483
S166I,-0.20887,-0.11394666666666665,-0.2936799427435856,Neutral,Neutral,0.53463,0.2466,0.1386290429680768,Neutral,Neutral,70.666,10.032,91.64,14.359,,,,COSMIC,,False,70.666,,,,uncertain,,,,False,91.64,,,,uncertain,,,,,,-0.1581,1.4753,-8.9453,loss_of_function,-3.49392141879354,0.5185,ambiguous,10.1101/2022.10.22.513328; 37085483
S166L,-0.60038,-0.45430666666666664,-0.7438188492160361,Neutral,Neutral,0.02246,0.05805,-0.272827983675981,Neutral,Neutral,70.666,10.032,91.64,14.359,,,0.613,"COSMIC,somatic_muts,clinvar",,False,70.666,,,,uncertain,,,,False,91.64,,,,uncertain,,,528239,Uncertain significance,1,-0.1361,1.4753,-5.3605,loss_of_function,-1.83955355180868,0.1355,benign,10.1101/2022.10.22.513328; 37085483
S166P,-1.4972,-0.9937633333333332,0.39800479792451454,Neutral,Neutral,-0.389,-0.6742633333333333,0.49344606652249007,Neutral,Neutral,70.666,10.032,91.64,14.359,,,0.707,"COSMIC,somatic_muts",,False,70.666,,,,uncertain,,,,False,91.64,,,,uncertain,,,,,,-0.216,1.4753,-6.1381,loss_of_function,-2.90524947974682,0.3253,benign,10.1101/2022.10.22.513328; 37085483
S166T,0.13989,0.20589666666666664,-0.1889466932266417,Neutral,Neutral,0.33098,0.028913333333333336,0.11304641998786817,Neutral,Neutral,70.666,10.032,91.64,14.359,,,0.512,"COSMIC,somatic_muts",,False,70.666,,,,neutral,,,,False,91.64,,,,neutral,,,,,,-0.0425,1.4753,-4.0386,loss_of_function,-1.79366907215294,0.157,benign,10.1101/2022.10.22.513328; 37085483
Q167E,-0.25626,0.017913333333333333,-0.2782936630145125,Neutral,Neutral,-0.01027,0.15668666666666667,-0.04991796041978524,Neutral,Neutral,95.515,10.916,100.62,6.669,,,0.467,"COSMIC,somatic_muts",,False,95.515,,,,neutral,neutral,neutral,,False,100.62,,,,neutral,neutral,neutral,,,,-0.1226,0.7627,-0.2468,loss_of_function,-0.362404426258414,0.0935,benign,10.1101/2022.10.22.513328; 37085483
Q167H,0.47627,0.2300433333333333,-0.3881782667915097,Neutral,Neutral,0.16549,-0.43594333333333335,-0.30790760766685055,Neutral,Neutral,95.515,10.916,100.62,6.669,,,"0.589, 0.592","cBioPortal,COSMIC,somatic_muts",,False,95.515,,,,neutral,neutral,neutral,,False,100.62,,,,neutral,neutral,neutral,,,,-0.2308,0.7627,-22.2419,loss_of_function,-6.04298878400287,0.5183,ambiguous,10.1101/2022.10.22.513328; 37085483
Q167K,-0.11524,0.12074999999999998,-0.12883612982123224,Neutral,Neutral,-0.13037,-0.03151666666666666,-0.20131482699998426,Neutral,Neutral,95.515,10.916,100.62,6.669,,,0.647,"COSMIC,germline_muts,somatic_muts",,False,95.515,,,,neutral,neutral,neutral,,False,100.62,,,,neutral,neutral,neutral,,,,-0.2629,0.7627,-22.2419,loss_of_function,-6.65723665606982,0.3089,benign,10.1101/2022.10.22.513328; 37085483
Q167L,-0.11997,-0.00022666666666666668,-0.3825139760673509,Neutral,Neutral,0.09164,-0.03310333333333334,-0.08402455525798803,Neutral,Neutral,95.515,10.916,100.62,6.669,,,0.569,"COSMIC,somatic_muts",,False,95.515,,,,neutral,neutral,neutral,,False,100.62,,,,neutral,neutral,neutral,,,,-0.2487,0.7627,-22.2419,loss_of_function,-6.48335161373988,0.3813,ambiguous,10.1101/2022.10.22.513328; 37085483
Q167P,-0.32452,3.4435366666666667,1.535757631201088,Uncertain,Neutral,3.19175,6.1920633333333335,4.122729128129482,Destabilizing,Destabilizing,95.515,10.916,100.62,6.669,,,,clinvar,,False,95.515,,,,neutral,neutral,neutral,,False,100.62,,,,neutral,neutral,neutral,490173,Uncertain significance,2,-0.4033,0.7627,-22.2419,loss_of_function,-7.03120427913244,0.287,benign,10.1101/2022.10.22.513328; 37085483
Q167R,0.07957,-0.11882,-0.23158887364810712,Neutral,Neutral,-0.00347,0.10261000000000002,-0.24638619420361144,Neutral,Neutral,95.515,10.916,100.62,6.669,,,0.566,"COSMIC,somatic_muts,clinvar",,False,95.515,,,,neutral,neutral,neutral,,False,100.62,,,,neutral,neutral,neutral,653104,Uncertain significance,1,-0.1936,0.7627,-8.9541,loss_of_function,-6.23323076244701,0.3113,benign,10.1101/2022.10.22.513328; 37085483
H168D,0.16587,1.3120200000000002,1.347731087952587,Neutral,Neutral,1.0967,3.7332200000000006,1.4643087842186437,Uncertain,Neutral,26.753,6.155,43.425,10.846,,,0.551,"COSMIC,somatic_muts",,True,26.753,,,,neutral,neutral,neutral,,True,43.425,,,,neutral,neutral,neutral,,,,-0.2297,0.4206,-7.3692,loss_of_function,-3.20664808123884,0.6778,pathogenic,10.1101/2022.10.22.513328; 37085483
H168L,-0.03173,0.15329,0.18588904741242204,Neutral,Neutral,0.02502,0.41655333333333333,0.24434440915106512,Neutral,Neutral,26.753,6.155,43.425,10.846,,,0.550,"cBioPortal,COSMIC,germline_muts,somatic_muts,clinvar",,True,26.753,,,,neutral,neutral,neutral,,True,43.425,,,,neutral,neutral,neutral,1744933,Pathogenic,1,-0.3082,0.4206,-22.2419,loss_of_function,-6.60832493435264,0.7531,pathogenic,10.1101/2022.10.22.513328; 37085483
H168N,0.04468,1.0988666666666667,1.0520263188715897,Neutral,Neutral,-0.05177,0.8651933333333334,0.9833136251868178,Neutral,Neutral,26.753,6.155,43.425,10.846,,,0.566,"COSMIC,somatic_muts",,True,26.753,,,,neutral,neutral,neutral,,True,43.425,,,,neutral,neutral,neutral,,,,-0.2651,0.4206,-22.2419,loss_of_function,-4.72985914704594,0.4148,ambiguous,10.1101/2022.10.22.513328; 37085483
H168P,3.57943,6.027886666666666,3.7110411884341503,Destabilizing,Destabilizing,4.06421,6.9914966666666665,5.306351144075784,Destabilizing,Destabilizing,26.753,6.155,43.425,10.846,,,0.526,"cBioPortal,COSMIC,somatic_muts",,True,26.753,,,,neutral,neutral,neutral,,True,43.425,,,,neutral,neutral,neutral,,,,-0.4216,0.4206,-22.2419,loss_of_function,-7.23727323630724,0.9646,pathogenic,10.1101/2022.10.22.513328; 37085483
H168Q,0.68068,0.8739266666666667,1.0713579432122968,Neutral,Neutral,0.74198,1.1992066666666668,1.0267088832709212,Neutral,Neutral,26.753,6.155,43.425,10.846,,,0.568,"COSMIC,somatic_muts,clinvar",,True,26.753,,,,neutral,neutral,neutral,,True,43.425,,,,neutral,neutral,neutral,1745001,Uncertain significance,1,-0.2266,0.4206,-22.2419,loss_of_function,-5.46615266747081,0.8384,pathogenic,10.1101/2022.10.22.513328; 37085483
H168R,0.83746,0.8631533333333333,0.6499221358184321,Neutral,Neutral,0.20308,0.2928566666666667,0.7122509194657957,Neutral,Neutral,26.753,6.155,43.425,10.846,,,0.562,"cBioPortal,COSMIC,germline_muts,somatic_muts,clinvar",,True,26.753,,,,neutral,neutral,neutral,,True,43.425,,,,neutral,neutral,neutral,428866,Conflicting interpretations of pathogenicity,1,-0.2947,0.4206,-22.2419,loss_of_function,-3.66624520956463,0.8669,pathogenic,10.1101/2022.10.22.513328; 37085483
H168V,1.50049,0.22165333333333334,0.5475713166636403,Neutral,Neutral,2.31635,1.10578,0.6768878004563227,Uncertain,Uncertain,26.753,6.155,43.425,10.846,,,,somatic_muts,,True,26.753,,,,neutral,neutral,neutral,,True,43.425,,,,neutral,neutral,neutral,,,,-0.301,0.4206,-22.2419,loss_of_function,-6.41564740878293,0.9113,pathogenic,10.1101/2022.10.22.513328
H168Y,-0.50403,-0.10975,-0.1881179998404936,Neutral,Neutral,-0.10751,-0.58118,0.6634479117225545,Neutral,Neutral,26.753,6.155,43.425,10.846,,,0.501,"COSMIC,somatic_muts",,True,26.753,,,,neutral,neutral,neutral,,True,43.425,,,,neutral,neutral,neutral,,,,-0.1415,0.4206,-4.8667,loss_of_function,-0.238274744609607,0.1263,benign,10.1101/2022.10.22.513328; 37085483
M169I,0.86244,0.09262999999999999,0.5175785317061802,Neutral,Neutral,0.87084,0.17743999999999996,0.13847832844982066,Neutral,Neutral,14.534,11.062,48.685,12.924,,,0.597,"cBioPortal,COSMIC,somatic_muts,clinvar",,True,14.534,,,,neutral,neutral,neutral,,True,48.685,,,,neutral,neutral,neutral,919322,Uncertain significance,2,-0.1501,0.9321,-5.9542,loss_of_function,-1.84578901987421,0.6481,pathogenic,10.1101/2022.10.22.513328; 37085483
M169K,0.91482,0.93628,1.124148787043388,Neutral,Neutral,0.65142,0.8756233333333334,0.7400460622487927,Neutral,Neutral,14.534,11.062,48.685,12.924,,,,somatic_muts,,True,14.534,,,,neutral,neutral,neutral,,True,48.685,,,,neutral,neutral,neutral,,,,-0.3785,0.9321,-22.2419,loss_of_function,-5.98260746006438,0.7249,pathogenic,10.1101/2022.10.22.513328
M169L,0.33953,-0.09127,0.1542340693972403,Neutral,Neutral,0.04558,-0.46066,-0.15873321429298917,Neutral,Neutral,14.534,11.062,48.685,12.924,,,0.562,cBioPortal,,True,14.534,,,,neutral,neutral,neutral,,True,48.685,,,,neutral,neutral,neutral,,,,-0.1273,0.9321,-7.9541,loss_of_function,-2.49460539608368,0.3431,ambiguous,10.1101/2022.10.22.513328; 37085483
M169R,1.23377,0.6112266666666667,0.5989692120825453,Neutral,Neutral,0.93676,1.11406,0.4906048767648092,Neutral,Neutral,14.534,11.062,48.685,12.924,,,,clinvar,,True,14.534,,,,neutral,neutral,neutral,,True,48.685,,,,neutral,neutral,neutral,568736,Uncertain significance,1,-0.3329,0.9321,-7.9541,loss_of_function,-4.27667041598335,0.6324,pathogenic,10.1101/2022.10.22.513328; 37085483
M169T,1.82154,1.2363933333333332,1.1181685973731461,Neutral,Neutral,1.30134,0.8731300000000001,0.8755012138323462,Neutral,Neutral,14.534,11.062,48.685,12.924,,,0.726,"cBioPortal,COSMIC,somatic_muts",,True,14.534,,,,neutral,neutral,neutral,,True,48.685,,,,neutral,neutral,neutral,,,,-0.2871,0.9321,-22.2419,loss_of_function,-5.6705964229845,0.7014,pathogenic,10.1101/2022.10.22.513328; 37085483
M169V,1.26332,0.43197,0.6765066927294074,Neutral,Neutral,1.19106,0.7702966666666667,0.3426680618145072,Neutral,Neutral,14.534,11.062,48.685,12.924,,,0.503,"cBioPortal,COSMIC,somatic_muts,clinvar",,True,14.534,,,,neutral,neutral,neutral,,True,48.685,,,,neutral,neutral,neutral,844926,Uncertain significance,1,-0.1537,0.9321,-0.373,loss_of_function,-0.50685064374124,0.1036,benign,10.1101/2022.10.22.513328; 37085483
T170A,-0.63037,0.01031666666666666,0.4366574153430676,Neutral,Neutral,-1.21476,-0.83356,0.24137096680889236,Neutral,Neutral,48.889,15.884,33.135,17.677,,,0.518,"COSMIC,somatic_muts,clinvar",,True,48.889,,,,uncertain,,,,True,33.135,,,,uncertain,,,135949,Uncertain significance,2,-0.1312,0.9789,-2.3395,loss_of_function,-1.63523202592168,0.2803,benign,10.1101/2022.10.22.513328; 37085483
T170K,-1.03495,0.08265333333333334,0.1355046667403144,Neutral,Neutral,-0.73303,-0.39195,0.23362565220697307,Neutral,Neutral,48.889,15.884,33.135,17.677,,,0.827,"cBioPortal,somatic_muts",,True,48.889,,,,uncertain,,,,True,33.135,,,,uncertain,,,,,,-0.248,0.9789,-8.9541,loss_of_function,-4.11631657448966,0.7513,pathogenic,10.1101/2022.10.22.513328; 37085483
T170M,-1.34803,-0.11337666666666664,-0.005980923132199435,Neutral,Neutral,-1.35808,-0.6312933333333334,-0.1309294688021232,Neutral,Neutral,48.889,15.884,33.135,17.677,3.186336987e-05,4.7747511161e-05,0.868,"cBioPortal,COSMIC,germline_muts,somatic_muts,clinvar",,True,48.889,,,,uncertain,,,,True,33.135,,,,uncertain,,,184014,Likely benign,3,-0.1995,0.9789,-6.9542,loss_of_function,-2.97207536319492,0.2516,benign,10.1101/2022.10.22.513328; 37085483
T170P,-0.92918,3.1512466666666668,2.430429375651294,Uncertain,Uncertain,-0.19343,3.2362800000000003,2.5536223344048845,Uncertain,Uncertain,48.889,15.884,33.135,17.677,,,0.808,"COSMIC,somatic_muts",,True,48.889,,,,uncertain,,,,True,33.135,,,,uncertain,,,,,,-0.397,0.9789,-22.2419,loss_of_function,-5.92405679685997,0.6747,pathogenic,10.1101/2022.10.22.513328; 37085483
T170R,-0.88165,0.3149666666666667,-0.0788636095092715,Neutral,Neutral,-0.2989,-0.4158733333333333,-0.07033285267937356,Neutral,Neutral,48.889,15.884,33.135,17.677,,,0.867,"COSMIC,somatic_muts,clinvar",,True,48.889,,,,uncertain,,,,True,33.135,,,,uncertain,,,490174,Uncertain significance,2,-0.3187,0.9789,-22.2419,loss_of_function,-4.25530568069192,0.6801,pathogenic,10.1101/2022.10.22.513328; 37085483
T170S,-0.393,0.025169999999999998,0.44078511037174994,Neutral,Neutral,-0.58155,-0.34920666666666667,0.38376270089569037,Neutral,Neutral,48.889,15.884,33.135,17.677,,,0.629,"COSMIC,somatic_muts",,True,48.889,,,,neutral,,,,True,33.135,,,,neutral,,,,,,-0.1104,0.9789,-5.3692,loss_of_function,-2.03573026158437,0.4327,ambiguous,10.1101/2022.10.22.513328; 37085483
E171A,1.22116,1.0721100000000001,0.7158063643443694,Neutral,Neutral,-0.68589,0.08129333333333329,0.4637692548506547,Neutral,Neutral,32.224,9.942,18.585,12.708,,,0.896,"COSMIC,somatic_muts",,True,32.224,,,,neutral,neutral,neutral,,True,18.585,,,,neutral,neutral,neutral,,,,-0.272,0.5293,-22.2419,loss_of_function,-6.20129813780346,0.8731,pathogenic,10.1101/2022.10.22.513328; 37085483
E171D,0.64685,0.58787,0.7374299149522847,Neutral,Neutral,0.00391,-0.08480666666666668,0.7358999253629951,Neutral,Neutral,32.224,9.942,18.585,12.708,,,0.597,"cBioPortal,COSMIC,somatic_muts,clinvar",,True,32.224,,,,neutral,neutral,neutral,,True,18.585,,,,neutral,neutral,neutral,2446885,Pathogenic,0,-0.1402,0.5293,-3.1468,loss_of_function,-1.85058558362392,0.3892,ambiguous,10.1101/2022.10.22.513328; 37085483
E171G,1.96515,1.8734666666666666,1.6600156446411063,Neutral,Neutral,-0.78163,2.06871,1.4920839902528307,Uncertain,Neutral,32.224,9.942,18.585,12.708,,,0.917,"cBioPortal,COSMIC,somatic_muts,clinvar",,True,32.224,,,,neutral,neutral,neutral,,True,18.585,,,,neutral,neutral,neutral,1745525,Pathogenic,1,-0.2977,0.5293,-22.2419,loss_of_function,-6.9789271754094,0.9178,pathogenic,10.1101/2022.10.22.513328; 37085483
E171K,1.37132,1.0512466666666667,0.6255679333842957,Neutral,Neutral,0.52385,0.8472766666666667,0.5040250137089196,Neutral,Neutral,32.224,9.942,18.585,12.708,,,0.873,"cBioPortal,COSMIC,somatic_muts,clinvar",,True,32.224,,,,neutral,neutral,neutral,,True,18.585,,,,neutral,neutral,neutral,141566,Uncertain significance,3,-0.294,0.5293,-22.2419,loss_of_function,-5.44074972072355,0.926,pathogenic,10.1101/2022.10.22.513328; 37085483
E171Q,0.67436,0.3840133333333333,0.5459101987547715,Neutral,Neutral,0.66392,-0.80998,0.34474047488724374,Neutral,Neutral,32.224,9.942,18.585,12.708,,,0.849,"COSMIC,somatic_muts",,True,32.224,,,,neutral,neutral,neutral,,True,18.585,,,,neutral,neutral,neutral,,,,-0.2445,0.5293,-22.2419,loss_of_function,-3.43028631755335,0.8251,pathogenic,10.1101/2022.10.22.513328; 37085483
E171V,1.10116,0.8426300000000001,-0.036621456584061296,Neutral,Neutral,0.76584,-0.5496599999999999,-0.10113154900315631,Neutral,Neutral,32.224,9.942,18.585,12.708,,,0.922,"COSMIC,somatic_muts",,True,32.224,,,,neutral,neutral,neutral,,True,18.585,,,,neutral,neutral,neutral,,,,-0.2852,0.5293,-22.2419,loss_of_function,-4.31924205743371,0.9389,pathogenic,10.1101/2022.10.22.513328; 37085483
V172A,1.05794,1.07755,1.129421774147514,Neutral,Neutral,-0.41202,1.4492066666666668,1.643145839520823,Neutral,Neutral,14.86,13.567,3.945,2.562,,,0.850,"cBioPortal,COSMIC,somatic_muts,clinvar",,True,14.86,,,,neutral,neutral,neutral,,True,3.945,,,,neutral,neutral,neutral,528245,Uncertain significance,1,-0.2594,0.2583,-8.9541,loss_of_function,-4.14941940549315,0.7232,pathogenic,10.1101/2022.10.22.513328; 37085483
V172D,1.88591,3.203063333333333,1.4464964486108265,Uncertain,Neutral,0.76335,3.2047633333333336,2.885986696292885,Uncertain,Uncertain,14.86,13.567,3.945,2.562,,,0.952,"cBioPortal,COSMIC,somatic_muts,clinvar",,True,14.86,,,,neutral,neutral,neutral,,True,3.945,,,,neutral,neutral,neutral,836761,Conflicting interpretations of pathogenicity,1,-0.4938,0.2583,-22.2419,loss_of_function,-6.47107433973364,0.9749,pathogenic,10.1101/2022.10.22.513328; 37085483
V172F,3.77541,0.9859400000000001,0.3265522180045366,Uncertain,Uncertain,7.42464,0.7853733333333334,0.8935890687093632,Uncertain,Uncertain,14.86,13.567,3.945,2.562,,,0.917,"cBioPortal,COSMIC,germline_muts,somatic_muts,clinvar",,True,14.86,,,,neutral,neutral,neutral,,True,3.945,,,,neutral,neutral,neutral,428909,Conflicting interpretations of pathogenicity,1,-0.4044,0.2583,-22.2419,loss_of_function,-6.57026057590032,0.9499,pathogenic,10.1101/2022.10.22.513328; 37085483
V172G,1.93666,2.6519266666666668,2.3960542565516096,Uncertain,Uncertain,-0.18551,3.13288,3.2019716734526606,Uncertain,Uncertain,14.86,13.567,3.945,2.562,,,0.953,"cBioPortal,COSMIC,somatic_muts,clinvar",,True,14.86,,,,neutral,neutral,neutral,,True,3.945,,,,neutral,neutral,neutral,428883,Uncertain significance,1,-0.453,0.2583,-22.2419,loss_of_function,-7.50111738309872,0.8569,pathogenic,10.1101/2022.10.22.513328; 37085483
V172I,-0.32811,0.48322,-0.1819909950714621,Neutral,Neutral,0.3889,0.3451233333333333,0.4141096900125609,Neutral,Neutral,14.86,13.567,3.945,2.562,,,0.645,"COSMIC,germline_muts,somatic_muts,clinvar",,True,14.86,,,,neutral,neutral,neutral,,True,3.945,,,,neutral,neutral,neutral,825481,Uncertain significance,1,-0.175,0.2583,-5.0473,loss_of_function,-1.78606063993282,0.1538,benign,10.1101/2022.10.22.513328; 37085483
V173A,2.13364,2.2234700000000003,2.5452337133067107,Uncertain,Uncertain,-0.73939,2.293763333333333,1.8637097381957453,Uncertain,Neutral,7.345,4.11,1.17,1.663,,,0.758,"cBioPortal,COSMIC,germline_muts,somatic_muts,clinvar",,True,7.345,,,,neutral,neutral,neutral,,True,1.17,,,,neutral,neutral,neutral,376017,Pathogenic/Likely pathogenic,2,-0.3471,0.042,-22.2419,loss_of_function,-7.45707742763203,0.9926,pathogenic,10.1101/2022.10.22.513328; 37085483
V173E,2.77599,5.24286,3.607071973830647,Uncertain,Uncertain,3.88814,5.2822000000000005,3.869819382661022,Destabilizing,Destabilizing,7.345,4.11,1.17,1.663,,,0.749,"cBioPortal,COSMIC,somatic_muts,clinvar",,True,7.345,,,,neutral,neutral,neutral,,True,1.17,,,,neutral,neutral,neutral,376669,Conflicting interpretations of pathogenicity,1,-0.471,0.042,-22.2419,loss_of_function,-8.2032647249248,0.9987,pathogenic,10.1101/2022.10.22.513328; 37085483
V173G,3.13531,5.0253966666666665,4.568414632205627,Destabilizing,Destabilizing,0.00634,4.151016666666667,3.889807622295917,Uncertain,Uncertain,7.345,4.11,1.17,1.663,,,0.769,"cBioPortal,COSMIC,germline_muts,somatic_muts,clinvar",,True,7.345,,,,neutral,neutral,neutral,,True,1.17,,,,neutral,neutral,neutral,376016,Uncertain significance,1,-0.4729,0.042,-22.2419,loss_of_function,-8.2032647249248,0.9863,pathogenic,10.1101/2022.10.22.513328; 37085483
V173L,0.20545,2.25374,0.9243411411761726,Uncertain,Neutral,1.88289,3.204876666666667,1.8563307277901002,Uncertain,Neutral,7.345,4.11,1.17,1.663,,,0.880,"cBioPortal,COSMIC,somatic_muts,clinvar",,True,7.345,,,,neutral,neutral,neutral,,True,1.17,,,,neutral,neutral,neutral,"2185665, 376668","Uncertain significance, Pathogenic/Likely pathogenic","1, 2",-0.2799,0.042,-8.9541,loss_of_function,-4.92238514285954,0.9942,pathogenic,10.1101/2022.10.22.513328; 37085483
V173M,0.43371,3.127776666666667,1.7917566080017788,Uncertain,Neutral,2.50181,3.7596399999999996,2.2191047406417073,Uncertain,Uncertain,7.345,4.11,1.17,1.663,,,0.892,"cBioPortal,COSMIC,germline_muts,somatic_muts,clinvar",,True,7.345,,,,neutral,neutral,neutral,,True,1.17,,,,neutral,neutral,neutral,233951,Pathogenic,3,-0.289,0.042,-8.9541,loss_of_function,-4.92238514285954,0.9974,pathogenic,10.1101/2022.10.22.513328; 37085483
V173Q,3.05374,4.169046666666667,2.774235093743236,Destabilizing,Uncertain,4.72142,3.9846966666666668,3.076885707444603,Destabilizing,Destabilizing,7.345,4.11,1.17,1.663,,,,cBioPortal,,True,7.345,,,,neutral,neutral,neutral,,True,1.17,,,,neutral,neutral,neutral,,,,-0.4816,0.042,-22.2419,loss_of_function,-8.2032647249248,0.9983,pathogenic,10.1101/2022.10.22.513328; 37085483
V173R,6.14468,6.888323333333333,3.3165708198444883,Destabilizing,Destabilizing,11.62871,9.693086666666668,5.804408037341269,Destabilizing,Destabilizing,7.345,4.11,1.17,1.663,,,,cBioPortal,,True,7.345,,,,neutral,neutral,neutral,,True,1.17,,,,neutral,neutral,neutral,,,,-0.531,0.042,-22.2419,loss_of_function,-8.2032647249248,0.9955,pathogenic,10.1101/2022.10.22.513328; 37085483
V173W,7.84875,7.606346666666667,2.8183524172777283,Destabilizing,Uncertain,22.04155,9.63209,4.942767270276863,Destabilizing,Destabilizing,7.345,4.11,1.17,1.663,,,,"COSMIC,somatic_muts",,True,7.345,,,,neutral,neutral,neutral,,True,1.17,,,,neutral,neutral,neutral,,,,-0.4648,0.042,-22.2419,loss_of_function,-8.2032647249248,0.9999,pathogenic,10.1101/2022.10.22.513328; 37085483
R174E,1.31585,2.4861666666666666,1.3403995501463017,Uncertain,Neutral,0.34254,1.14161,1.0810279606899769,Neutral,Neutral,36.309,12.888,35.85,10.832,,,,cBioPortal,,True,36.309,,,,neutral,neutral,neutral,,True,35.85,,,,neutral,neutral,neutral,,,,-0.3444,1.1062,-22.2419,loss_of_function,-4.63478741191056,0.9157,pathogenic,10.1101/2022.10.22.513328
R174G,0.88084,2.2202966666666666,1.999076736187763,Uncertain,Neutral,-0.77976,0.7010200000000001,1.6948881633658486,Neutral,Neutral,36.309,12.888,35.85,10.832,,,0.724,"cBioPortal,COSMIC,germline_muts,somatic_muts,clinvar",,True,36.309,,,,neutral,neutral,neutral,,True,35.85,,,,neutral,neutral,neutral,219487,Uncertain significance,1,-0.3435,1.1062,-22.2419,loss_of_function,-6.76261649386947,0.8976,pathogenic,10.1101/2022.10.22.513328; 37085483
R174H,1.43779,0.9538566666666667,0.821019209368111,Neutral,Neutral,1.36254,0.29977333333333334,0.3999199075200304,Neutral,Neutral,36.309,12.888,35.85,10.832,,,,COSMIC,,True,36.309,,,,neutral,neutral,neutral,,True,35.85,,,,neutral,neutral,neutral,,,,-0.2778,1.1062,-22.2419,loss_of_function,-5.18977860616817,0.4461,ambiguous,10.1101/2022.10.22.513328; 37085483
R174K,0.16775,1.07585,1.0149346670626904,Neutral,Neutral,-0.20618,0.42868666666666666,0.984242279745442,Neutral,Neutral,36.309,12.888,35.85,10.832,,,0.381,"COSMIC,somatic_muts,clinvar",,True,36.309,,,,neutral,neutral,neutral,,True,35.85,,,,neutral,neutral,neutral,423887,Likely benign,1,-0.0882,1.1062,-0.6596,loss_of_function,-0.580394831201181,0.1746,benign,10.1101/2022.10.22.513328; 37085483
R174M,-0.22107,0.78934,0.6924320296784013,Neutral,Neutral,-1.17718,-0.4933133333333333,0.27143204164372464,Neutral,Neutral,36.309,12.888,35.85,10.832,,,0.628,"COSMIC,somatic_muts",,True,36.309,,,,neutral,neutral,neutral,,True,35.85,,,,neutral,neutral,neutral,,,,-0.2764,1.1062,-22.2419,loss_of_function,-5.36599101832737,0.8398,pathogenic,10.1101/2022.10.22.513328; 37085483
R174N,0.70487,2.2466000000000004,1.0266343560616953,Uncertain,Neutral,-0.03548,0.37392333333333333,0.748360917767683,Neutral,Neutral,36.309,12.888,35.85,10.832,,,,cBioPortal,,True,36.309,,,,neutral,neutral,neutral,,True,35.85,,,,neutral,neutral,neutral,,,,-0.323,1.1062,-22.2419,loss_of_function,-5.17496189296656,0.9769,pathogenic,10.1101/2022.10.22.513328; 37085483
R174S,0.43545,1.6793666666666667,1.3499648888550457,Neutral,Neutral,-0.13179,0.44943333333333335,1.0687913156999376,Neutral,Neutral,36.309,12.888,35.85,10.832,,,0.639,"COSMIC,somatic_muts,clinvar",,True,36.309,,,,neutral,neutral,neutral,,True,35.85,,,,neutral,neutral,neutral,1058186,Uncertain significance,1,-0.2408,1.1062,-8.9541,loss_of_function,-3.60738461544447,0.9558,pathogenic,10.1101/2022.10.22.513328; 37085483
R174T,0.7341,1.0766433333333334,1.081679008281302,Neutral,Neutral,0.53029,-0.21904666666666664,0.9365228182018298,Neutral,Neutral,36.309,12.888,35.85,10.832,,,0.633,"cBioPortal,somatic_muts",,True,36.309,,,,neutral,neutral,neutral,,True,35.85,,,,neutral,neutral,neutral,,,,-0.313,1.1062,-22.2419,loss_of_function,-4.42681812986421,0.8583,pathogenic,10.1101/2022.10.22.513328; 37085483
R174W,1.27546,0.9346966666666668,0.513948015269076,Neutral,Neutral,2.3521,-0.24059000000000005,0.05121540405821523,Uncertain,Uncertain,36.309,12.888,35.85,10.832,,,0.634,"cBioPortal,COSMIC,somatic_muts,clinvar",,True,36.309,,,,neutral,neutral,neutral,,True,35.85,,,,neutral,neutral,neutral,964680,Uncertain significance,1,-0.3258,1.1062,-22.2419,loss_of_function,-5.76486560057875,0.7385,pathogenic,10.1101/2022.10.22.513328; 37085483
R175C,0.0869,0.3914933333333333,1.646581778381325,Neutral,Neutral,-5.29931,0.6561233333333333,1.156718328735992,Uncertain,Uncertain,7.859,3.126,5.835,8.493,3.18613394507e-05,1.59182438993e-05,0.833,"cBioPortal,COSMIC,germline_muts,somatic_muts,clinvar",,True,7.859,,,,neutral,neutral,neutral,,True,5.835,,,,neutral,neutral,neutral,245851,Uncertain significance,3,-0.4093,0.1023,-22.2419,loss_of_function,-2.9230705029414,0.9186,pathogenic,10.1101/2022.10.22.513328; 37085483
R175G,0.57493,2.2540833333333334,2.867146237128697,Uncertain,Uncertain,-6.65208,2.31508,2.1876446098995848,Uncertain,Uncertain,7.859,3.126,5.835,8.493,,,0.829,"cBioPortal,COSMIC,germline_muts,somatic_muts,clinvar",,True,7.859,,,,neutral,neutral,neutral,,True,5.835,,,,neutral,neutral,neutral,376649,Pathogenic,2,-0.4358,0.1023,-22.2419,loss_of_function,-7.87534951410341,0.9953,pathogenic,10.1101/2022.10.22.513328; 37085483
R175H,3.46111,1.2938766666666666,1.2406649308039428,Uncertain,Uncertain,6.64887,0.9945566666666666,0.7369180723655031,Uncertain,Uncertain,7.859,3.126,5.835,8.493,,3.9796876741e-06,0.922,"cBioPortal,COSMIC,germline_muts,somatic_muts,clinvar",,True,7.859,,,,neutral,neutral,neutral,,True,5.835,,,,neutral,neutral,neutral,12374,Pathogenic,2,-0.2906,0.1023,-6.6322,loss_of_function,-4.07240332268089,0.9857,pathogenic,10.1101/2022.10.22.513328; 37085483
R175L,-1.5264,-1.2283433333333333,-0.19922629726594185,Neutral,Neutral,-2.39537,-0.07585000000000004,-0.053903424717859166,Uncertain,Uncertain,7.859,3.126,5.835,8.493,,,0.960,"cBioPortal,COSMIC,germline_muts,somatic_muts,clinvar",,True,7.859,,,,neutral,neutral,neutral,,True,5.835,,,,neutral,neutral,neutral,182963,Pathogenic/Likely pathogenic,2,-0.4029,0.1023,-22.2419,loss_of_function,-7.34706045896784,0.9907,pathogenic,10.1101/2022.10.22.513328; 37085483
R175P,-0.81976,0.04432999999999998,3.9564474558346547,Neutral,Uncertain,-5.01139,2.07347,3.4596785731331416,Uncertain,Uncertain,7.859,3.126,5.835,8.493,,,0.966,"COSMIC,somatic_muts",,True,7.859,,,,neutral,neutral,neutral,,True,5.835,,,,neutral,neutral,neutral,,,,-0.4747,0.1023,-8.9541,loss_of_function,-7.87534951410341,0.9906,pathogenic,10.1101/2022.10.22.513328; 37085483
R175S,0.40082,1.2106566666666667,2.1363381731794617,Neutral,Uncertain,-5.92651,1.38322,1.4259843351014452,Uncertain,Uncertain,7.859,3.126,5.835,8.493,,,0.831,"COSMIC,somatic_muts",,True,7.859,,,,neutral,neutral,neutral,,True,5.835,,,,neutral,neutral,neutral,,,,-0.401,0.1023,-22.2419,loss_of_function,-6.55462687626449,0.9988,pathogenic,10.1101/2022.10.22.513328; 37085483
C176F,1.88552,-1.2269833333333333,-0.6710653650113269,Neutral,Neutral,21.91096,3.4954666666666667,0.5731268345696153,Destabilizing,Uncertain,5.236,3.854,2.51,3.025,,3.9795609748e-06,0.951,"cBioPortal,COSMIC,somatic_muts,clinvar",,False,5.236,,,,neutral,neutral,neutral,,False,2.51,,,,neutral,neutral,neutral,376569,Pathogenic/Likely pathogenic,2,-0.4826,0.042,-22.2419,loss_of_function,-7.79483400731286,0.999,pathogenic,10.1101/2022.10.22.513328; 37085483
C176G,0.53382,0.3397966666666667,0.8344426141390117,Neutral,Neutral,1.06955,0.8295933333333334,1.0085418098215275,Neutral,Neutral,5.236,3.854,2.51,3.025,,,0.946,"cBioPortal,COSMIC,germline_muts,somatic_muts,clinvar",,False,5.236,,,,neutral,neutral,neutral,,False,2.51,,,,neutral,neutral,neutral,376571,Uncertain significance,1,-0.4811,0.042,-22.2419,loss_of_function,-8.23221353167741,0.999,pathogenic,10.1101/2022.10.22.513328; 37085483
C176L,-0.67369,-0.7952400000000001,-0.7842926881746238,Neutral,Neutral,11.62804,0.55306,0.38018514628436745,Uncertain,Uncertain,5.236,3.854,2.51,3.025,,,,cBioPortal,,False,5.236,,,,neutral,neutral,neutral,,False,2.51,,,,neutral,neutral,neutral,,,,-0.5456,0.042,-22.2419,loss_of_function,-8.23221353167741,0.9993,pathogenic,10.1101/2022.10.22.513328; 37085483
C176R,0.59956,-1.7676866666666669,-0.1660285097496346,Neutral,Neutral,13.67204,1.8800433333333333,1.3114839078291027,Uncertain,Uncertain,5.236,3.854,2.51,3.025,,,0.940,"cBioPortal,COSMIC,somatic_muts,clinvar",,False,5.236,,,,neutral,neutral,neutral,,False,2.51,,,,neutral,neutral,neutral,"634759, 376573","Likely pathogenic, Conflicting interpretations of pathogenicity","0, 1",-0.5409,0.042,-22.2419,loss_of_function,-8.23221353167741,0.9999,pathogenic,10.1101/2022.10.22.513328; 37085483
C176S,0.68921,-0.19308666666666666,0.08444221329648617,Neutral,Neutral,1.72955,-0.53798,0.30044702907062004,Neutral,Neutral,5.236,3.854,2.51,3.025,,,"0.945, 0.946","cBioPortal,COSMIC,somatic_muts,clinvar",,False,5.236,,,,neutral,neutral,neutral,,False,2.51,,,,neutral,neutral,neutral,376570,Conflicting interpretations of pathogenicity,1,-0.4116,0.042,-8.9541,loss_of_function,-4.93975593132497,0.9997,pathogenic,10.1101/2022.10.22.513328; 37085483
C176V,-0.02749,-0.58753,-0.48296470220933735,Neutral,Neutral,8.32117,0.6701799999999999,0.32641761179349654,Uncertain,Uncertain,5.236,3.854,2.51,3.025,,,,cBioPortal,,False,5.236,,,,neutral,neutral,neutral,,False,2.51,,,,neutral,neutral,neutral,,,,-0.5106,0.042,-22.2419,loss_of_function,-8.23221353167741,0.9997,pathogenic,10.1101/2022.10.22.513328; 37085483
C176W,2.82774,-1.0402500000000001,-0.9689383363231595,Uncertain,Uncertain,27.08701,2.4713133333333333,0.6362284493987199,Uncertain,Uncertain,5.236,3.854,2.51,3.025,,0.0,0.863,"cBioPortal,COSMIC,somatic_muts,clinvar",,False,5.236,,,,neutral,neutral,neutral,,False,2.51,,,,neutral,neutral,neutral,376572,Conflicting interpretations of pathogenicity,1,-0.4858,0.042,-22.2419,loss_of_function,-7.79483400731286,0.9993,pathogenic,10.1101/2022.10.22.513328; 37085483
C176Y,2.78901,-0.4263066666666666,-0.46224982497927986,Uncertain,Uncertain,23.84814,2.455896666666667,0.9336832118651888,Uncertain,Uncertain,5.236,3.854,2.51,3.025,,,0.949,"cBioPortal,COSMIC,germline_muts,somatic_muts,clinvar",,False,5.236,,,,neutral,neutral,neutral,,False,2.51,,,,neutral,neutral,neutral,186451,Pathogenic,2,-0.492,0.042,-22.2419,loss_of_function,-7.79483400731286,0.9994,pathogenic,10.1101/2022.10.22.513328; 37085483
P177F,1.92238,0.6312933333333333,-0.7833225854394673,Neutral,Neutral,1.75805,0.92619,-0.6327247354634727,Neutral,Neutral,46.264,12.434,51.485,7.38,,,,"cBioPortal,COSMIC",,False,46.264,,,,neutral,neutral,neutral,,False,51.485,,,,neutral,neutral,neutral,,,,-0.3834,0.0589,-22.2419,loss_of_function,-5.67897689218301,0.9953,pathogenic,10.1101/2022.10.22.513328; 37085483
P177H,2.63639,0.7778899999999999,-1.0326762424967153,Uncertain,Uncertain,2.29553,1.2207466666666666,-0.6256978676553038,Uncertain,Uncertain,46.264,12.434,51.485,7.38,,,0.844,"cBioPortal,COSMIC,somatic_muts,clinvar",,False,46.264,,,,neutral,neutral,neutral,,False,51.485,,,,neutral,neutral,neutral,956854,Uncertain significance,2,-0.361,0.0589,-22.2419,loss_of_function,-5.18672710714455,0.9769,pathogenic,10.1101/2022.10.22.513328; 37085483
P177I,1.80975,0.7221100000000001,-0.6423937920569731,Neutral,Neutral,1.88765,1.1062366666666665,-0.515222916576385,Neutral,Neutral,46.264,12.434,51.485,7.38,,,,"COSMIC,somatic_muts",,False,46.264,,,,neutral,neutral,neutral,,False,51.485,,,,neutral,neutral,neutral,,,,-0.3664,0.0589,-22.2419,loss_of_function,-5.53892850552698,0.9819,pathogenic,10.1101/2022.10.22.513328; 37085483
P177L,1.52429,0.6464866666666667,-1.0543435582171654,Neutral,Neutral,1.48204,0.6636066666666667,-0.8045203228527443,Neutral,Neutral,46.264,12.434,51.485,7.38,,3.9793076005e-06,0.865,"cBioPortal,COSMIC,somatic_muts,clinvar",,False,46.264,,,,neutral,neutral,neutral,,False,51.485,,,,neutral,neutral,neutral,406583,Conflicting interpretations of pathogenicity,1,-0.371,0.0589,-22.2419,loss_of_function,-5.21377652326031,0.9256,pathogenic,10.1101/2022.10.22.513328; 37085483
P177R,2.03933,1.1730133333333332,-0.7347393186320228,Uncertain,Uncertain,2.00102,1.2058966666666666,-0.5287996454157246,Uncertain,Uncertain,46.264,12.434,51.485,7.38,,0.0,0.893,"cBioPortal,COSMIC,germline_muts,somatic_muts,clinvar",,False,46.264,,,,neutral,neutral,neutral,,False,51.485,,,,neutral,neutral,neutral,458547,Pathogenic/Likely pathogenic,2,-0.3243,0.0589,-8.9541,loss_of_function,-6.44304391163323,0.9661,pathogenic,10.1101/2022.10.22.513328; 37085483
P177S,2.31456,0.9954666666666666,-0.5339969280458741,Uncertain,Uncertain,1.82582,1.2571433333333333,-0.11829180219559608,Neutral,Neutral,46.264,12.434,51.485,7.38,,,0.877,"cBioPortal,COSMIC,somatic_muts,clinvar",,False,46.264,,,,neutral,neutral,neutral,,False,51.485,,,,neutral,neutral,neutral,646495,Uncertain significance,2,-0.2491,0.0589,-7.9541,loss_of_function,-5.86050146488935,0.9845,pathogenic,10.1101/2022.10.22.513328; 37085483
P177T,2.38959,1.3133766666666666,-0.4616931623766285,Uncertain,Uncertain,2.1887,1.0481833333333335,-0.23327461750022016,Uncertain,Uncertain,46.264,12.434,51.485,7.38,,,0.878,"cBioPortal,COSMIC,somatic_muts,clinvar",,False,46.264,,,,neutral,neutral,neutral,,False,51.485,,,,neutral,neutral,neutral,482220,Uncertain significance,2,-0.3341,0.0589,-22.2419,loss_of_function,-6.28883422013193,0.978,pathogenic,10.1101/2022.10.22.513328; 37085483
H178D,-0.44979,-0.3445566666666667,0.0159798134426094,Neutral,Neutral,-0.40593,-0.2964833333333334,0.1952192615563667,Neutral,Neutral,68.68,10.31,79.065,9.693,,,0.892,"cBioPortal,COSMIC,germline_muts,somatic_muts,clinvar",,False,68.68,,,,neutral,neutral,neutral,,False,79.065,,,,neutral,neutral,neutral,482223,Likely pathogenic,3,-0.2488,1.0379,-22.2419,loss_of_function,-4.01982276158121,0.9988,pathogenic,10.1101/2022.10.22.513328; 37085483
H178L,-0.74682,-0.34240333333333334,-0.13163208580143573,Neutral,Neutral,-0.42858,0.5115633333333333,-0.2095481199109528,Neutral,Neutral,68.68,10.31,79.065,9.693,,,0.843,"cBioPortal,COSMIC",,False,68.68,,,,neutral,neutral,neutral,,False,79.065,,,,neutral,neutral,neutral,,,,-0.2514,1.0379,-22.2419,loss_of_function,-4.78633146478376,0.9223,pathogenic,10.1101/2022.10.22.513328; 37085483
H178N,0.03063,-0.32177000000000006,0.27909974301499346,Neutral,Neutral,-0.16064,-0.021656666666666668,0.2693071999880344,Neutral,Neutral,68.68,10.31,79.065,9.693,,,0.722,"cBioPortal,COSMIC,somatic_muts,clinvar",,False,68.68,,,,neutral,neutral,neutral,,False,79.065,,,,neutral,neutral,neutral,421546,Uncertain significance,1,-0.0989,1.0379,-0.8147,loss_of_function,-2.16847537029545,0.9457,pathogenic,10.1101/2022.10.22.513328; 37085483
H178P,-1.08638,3.357143333333333,1.2105919677728831,Uncertain,Neutral,2.44692,13.852946666666666,3.2717101175502914,Uncertain,Uncertain,68.68,10.31,79.065,9.693,,,0.918,"cBioPortal,COSMIC,somatic_muts,clinvar",,False,68.68,,,,neutral,neutral,neutral,,False,79.065,,,,neutral,neutral,neutral,485030,Conflicting interpretations of pathogenicity,1,-0.3648,1.0379,-22.2419,loss_of_function,-6.94912649278667,0.9813,pathogenic,10.1101/2022.10.22.513328; 37085483
H178Q,-0.41607,-2.0222200000000004,0.32799004753388966,Uncertain,Neutral,-0.32503,0.1788,0.3626940705739982,Neutral,Neutral,68.68,10.31,79.065,9.693,,,0.814,"cBioPortal,COSMIC,germline_muts,somatic_muts,clinvar",,False,68.68,,,,neutral,neutral,neutral,,False,79.065,,,,neutral,neutral,neutral,"947223, 575702","Conflicting interpretations of pathogenicity, Conflicting interpretations of pathogenicity","1, 1",-0.1698,1.0379,-22.2419,loss_of_function,-3.64554007785688,0.9953,pathogenic,10.1101/2022.10.22.513328; 37085483
H178Y,-0.68554,-0.030383333333333335,-0.16306762590895654,Neutral,Neutral,-0.45147,0.12108666666666666,0.07361516956988017,Neutral,Neutral,68.68,10.31,79.065,9.693,,,0.870,"COSMIC,somatic_muts",,False,68.68,,,,neutral,neutral,neutral,,False,79.065,,,,neutral,neutral,neutral,,,,-0.1005,1.0379,-7.9541,loss_of_function,-2.74682518781133,0.9159,pathogenic,10.1101/2022.10.22.513328; 37085483
H179D,-0.7104,0.01519666666666667,0.4221723085941998,Neutral,Neutral,-4.64798,-0.11394666666666668,1.1720901398221881,Uncertain,Uncertain,41.379,11.793,11.98,6.79,,,0.916,"cBioPortal,COSMIC,germline_muts,somatic_muts,clinvar",,False,41.379,,,,neutral,neutral,neutral,,False,11.98,,,,neutral,neutral,neutral,376610,Pathogenic/Likely pathogenic,2,-0.3349,0.1023,-22.2419,loss_of_function,-7.69757186110331,0.9985,pathogenic,10.1101/2022.10.22.513328; 37085483
H179L,-0.91661,-0.5496566666666667,-0.15751847027971277,Neutral,Neutral,2.23431,0.6309499999999999,-0.6088738909743854,Uncertain,Uncertain,41.379,11.793,11.98,6.79,,,0.882,"cBioPortal,COSMIC,somatic_muts,clinvar",,False,41.379,,,,neutral,neutral,neutral,,False,11.98,,,,neutral,neutral,neutral,376608,Conflicting interpretations of pathogenicity,1,-0.2578,0.1023,-6.6322,loss_of_function,-4.01906621514473,0.996,pathogenic,10.1101/2022.10.22.513328; 37085483
H179N,0.02579,0.23639666666666667,0.5335793217421008,Neutral,Neutral,1.01804,1.2501133333333334,0.771077291126808,Neutral,Neutral,41.379,11.793,11.98,6.79,,3.9792442619e-06,0.902,"cBioPortal,COSMIC,somatic_muts,clinvar",,False,41.379,,,,neutral,neutral,neutral,,False,11.98,,,,neutral,neutral,neutral,376609,Conflicting interpretations of pathogenicity,1,-0.2944,0.1023,-22.2419,loss_of_function,-7.69757186110331,0.9987,pathogenic,10.1101/2022.10.22.513328; 37085483
H179P,-0.2794,5.311903333333333,3.5038171553382624,Uncertain,Uncertain,4.91827,7.835146666666667,4.898054477292309,Destabilizing,Destabilizing,41.379,11.793,11.98,6.79,,,0.911,"cBioPortal,COSMIC,somatic_muts,clinvar",,False,41.379,,,,neutral,neutral,neutral,,False,11.98,,,,neutral,neutral,neutral,376611,Conflicting interpretations of pathogenicity,1,-0.4509,0.1023,-22.2419,loss_of_function,-7.96459988094222,0.9947,pathogenic,10.1101/2022.10.22.513328; 37085483
H179Q,-0.36407,-0.29456,0.46880023567434576,Neutral,Neutral,1.99881,0.17516999999999994,0.6935205718282363,Neutral,Neutral,41.379,11.793,11.98,6.79,,0.0,0.790,"cBioPortal,COSMIC,germline_muts,somatic_muts,clinvar",,False,41.379,,,,neutral,neutral,neutral,,False,11.98,,,,neutral,neutral,neutral,"406578, 376607","Pathogenic, Pathogenic/Likely pathogenic","3, 2",-0.1881,0.1023,-8.9541,loss_of_function,-7.69757186110331,0.999,pathogenic,10.1101/2022.10.22.513328; 37085483
H179R,-0.05779,0.3384366666666667,0.28938615589905364,Neutral,Neutral,4.05075,2.4633800000000003,0.5039287141420753,Uncertain,Uncertain,41.379,11.793,11.98,6.79,,3.9786743057e-06,0.935,"cBioPortal,COSMIC,germline_muts,somatic_muts,clinvar",,False,41.379,,,,neutral,neutral,neutral,,False,11.98,,,,neutral,neutral,neutral,376606,Conflicting interpretations of pathogenicity,1,-0.324,0.1023,-22.2419,loss_of_function,-7.96459988094222,0.9963,pathogenic,10.1101/2022.10.22.513328; 37085483
H179Y,-0.51809,-0.7524966666666667,0.08856462374862888,Neutral,Neutral,10.62925,1.0055533333333333,-0.29088129865823614,Uncertain,Uncertain,41.379,11.793,11.98,6.79,,,0.948,"cBioPortal,COSMIC,germline_muts,somatic_muts,clinvar",,False,41.379,,,,neutral,neutral,neutral,,False,11.98,,,,neutral,neutral,neutral,127815,Pathogenic/Likely pathogenic,2,-0.2595,0.1023,-22.2419,loss_of_function,-4.77994467744306,0.9976,pathogenic,10.1101/2022.10.22.513328; 37085483
E180D,1.01514,0.8088433333333334,0.8467299446856486,Neutral,Neutral,0.83756,1.2137166666666668,0.8258696813559605,Neutral,Neutral,19.762,12.281,44.6,11.19,,,0.798,"cBioPortal,COSMIC,somatic_muts,clinvar",,False,19.762,,,,neutral,neutral,neutral,,False,44.6,,,,neutral,neutral,neutral,"1521256, 1509915","Uncertain significance, Uncertain significance","2, 1",-0.2399,0.5049,-22.2419,loss_of_function,-4.01310292969903,0.9843,pathogenic,10.1101/2022.10.22.513328; 37085483
E180G,1.51698,1.9588433333333333,1.9263006816132062,Neutral,Neutral,0.35563,1.9970533333333333,1.6397216479742263,Neutral,Neutral,19.762,12.281,44.6,11.19,,,0.915,"COSMIC,somatic_muts",,False,19.762,,,,neutral,neutral,neutral,,False,44.6,,,,neutral,neutral,neutral,,,,-0.3,0.5049,-22.2419,loss_of_function,-7.17653783134478,0.9391,pathogenic,10.1101/2022.10.22.513328; 37085483
E180K,0.93248,1.3612266666666668,1.0133726492969715,Neutral,Neutral,0.26282,1.00771,0.9591614233850274,Neutral,Neutral,19.762,12.281,44.6,11.19,,,0.823,"cBioPortal,COSMIC,germline_muts,somatic_muts,clinvar",,False,19.762,,,,neutral,neutral,neutral,,False,44.6,,,,neutral,neutral,neutral,245711,Likely pathogenic,3,-0.2962,0.5049,-22.2419,loss_of_function,-4.89923646247751,0.9545,pathogenic,10.1101/2022.10.22.513328; 37085483
E180Q,0.83628,0.18968333333333334,0.675948066997942,Neutral,Neutral,0.32885,0.3230166666666667,0.7127987404484081,Neutral,Neutral,19.762,12.281,44.6,11.19,,,0.659,"COSMIC,somatic_muts",,False,19.762,,,,neutral,neutral,neutral,,False,44.6,,,,neutral,neutral,neutral,,,,-0.1498,0.5049,-3.2538,loss_of_function,-1.95332187981058,0.6972,pathogenic,10.1101/2022.10.22.513328; 37085483
R181C,0.80679,0.6903633333333333,1.000810253571048,Neutral,Neutral,0.4101,0.5925133333333333,1.0890169195827977,Neutral,Neutral,78.107,9.459,86.88,8.008,,,0.891,"cBioPortal,COSMIC,germline_muts,somatic_muts,clinvar",,True,78.107,,,,neutral,neutral,neutral,,True,86.88,,,,neutral,neutral,neutral,142624,Conflicting interpretations of pathogenicity,1,-0.2121,1.3753,-6.536,loss_of_function,-1.68475225689632,0.7821,pathogenic,10.1101/2022.10.22.513328; 37085483
R181G,0.58934,0.7789133333333332,0.9323962514957941,Neutral,Neutral,-0.32233,0.7638333333333334,0.9701978207725838,Neutral,Neutral,78.107,9.459,86.88,8.008,,,0.886,COSMIC,,True,78.107,,,,neutral,neutral,neutral,,True,86.88,,,,neutral,neutral,neutral,,,,-0.3182,1.3753,-22.1457,loss_of_function,-3.40908290573761,0.8319,pathogenic,10.1101/2022.10.22.513328; 37085483
R181H,0.33734,0.14637,0.06361849904065484,Neutral,Neutral,0.25649,-0.03798333333333331,0.048263437402785735,Neutral,Neutral,78.107,9.459,86.88,8.008,3.1843077315e-05,1.19367827983e-05,0.797,"cBioPortal,COSMIC,germline_muts,somatic_muts,clinvar",,True,78.107,,,,neutral,neutral,neutral,,True,86.88,,,,neutral,neutral,neutral,142320,Conflicting interpretations of pathogenicity,1,-0.2526,1.3753,-22.1457,loss_of_function,-4.6132577539881,0.5897,pathogenic,10.1101/2022.10.22.513328; 37085483
R181L,0.25853,-0.12653,-0.1027640804460372,Neutral,Neutral,-0.04706,-0.10929666666666667,-0.22667301764202277,Neutral,Neutral,78.107,9.459,86.88,8.008,,,0.680,"COSMIC,germline_muts,somatic_muts,clinvar",,True,78.107,,,,neutral,neutral,neutral,,True,86.88,,,,neutral,neutral,neutral,39420,Uncertain significance,1,-0.1811,1.3753,-1.7184,loss_of_function,-1.78372764631026,0.7789,pathogenic,10.1101/2022.10.22.513328; 37085483
R181P,3.04802,5.0369633333333335,4.326882122916716,Destabilizing,Destabilizing,2.36753,5.851473333333334,4.06026686332441,Uncertain,Uncertain,78.107,9.459,86.88,8.008,,,0.894,"cBioPortal,COSMIC,germline_muts,somatic_muts,clinvar",,True,78.107,,,,neutral,neutral,neutral,,True,86.88,,,,neutral,neutral,neutral,825729,Pathogenic/Likely pathogenic,2,-0.4249,1.3753,-22.1457,loss_of_function,-5.89424882966398,0.9881,pathogenic,10.1101/2022.10.22.513328; 37085483
R181S,0.56483,0.2592966666666667,0.5452995554245597,Neutral,Neutral,0.20335,0.06814333333333333,0.5705505051561787,Neutral,Neutral,78.107,9.459,86.88,8.008,,,0.778,"COSMIC,germline_muts,clinvar",,True,78.107,,,,neutral,neutral,neutral,,True,86.88,,,,neutral,neutral,neutral,230764,Uncertain significance,3,-0.2003,1.3753,-5.858,loss_of_function,-1.95985419143055,0.9524,pathogenic,10.1101/2022.10.22.513328; 37085483
R181Y,0.14938,0.07573666666666667,0.25895583198818567,Neutral,Neutral,-0.12802,-0.12007,0.12255298090921556,Neutral,Neutral,78.107,9.459,86.88,8.008,,,,COSMIC,,True,78.107,,,,neutral,neutral,neutral,,True,86.88,,,,neutral,neutral,neutral,,,,-0.3043,1.3753,-22.1457,loss_of_function,-4.7566485774957,0.9175,pathogenic,10.1101/2022.10.22.513328; 37085483
C182G,0.29062,0.9595266666666666,1.3261489773111077,Neutral,Neutral,-0.36786,1.0240366666666667,0.25486147378942664,Neutral,Neutral,48.348,18.57,65.1,15.756,,,,clinvar,,True,48.348,,,,neutral,neutral,neutral,,True,65.1,,,,neutral,neutral,neutral,1489700,Uncertain significance,1,-0.1494,2.5602,-2.6392,loss_of_function,-2.06513563086665,0.1252,benign,10.1101/2022.10.22.513328; 37085483
C182R,-0.50035,-0.31825333333333333,-0.3063960594160621,Neutral,Neutral,-0.27656,-0.9783466666666666,-0.8421611188624728,Neutral,Neutral,48.348,18.57,65.1,15.756,,,0.644,"COSMIC,somatic_muts",,True,48.348,,,,neutral,neutral,neutral,,True,65.1,,,,neutral,neutral,neutral,,,,-0.2328,2.5602,-7.2636,loss_of_function,-2.38440899215391,0.577,pathogenic,10.1101/2022.10.22.513328; 37085483
C182S,-0.06702,0.17018000000000003,0.6836249904038286,Neutral,Neutral,-0.0658,0.001813333333333331,-0.05613786124489,Neutral,Neutral,48.348,18.57,65.1,15.756,,,"0.438, 0.455","COSMIC,somatic_muts",,True,48.348,,,,neutral,neutral,neutral,,True,65.1,,,,neutral,neutral,neutral,,,,-0.1458,2.5602,-2.2788,loss_of_function,-0.344315653188998,0.1432,benign,10.1101/2022.10.22.513328; 37085483
C182W,0.12752,0.03231333333333338,-0.8953045728213521,Neutral,Neutral,-0.19087,-0.5679133333333333,-1.1343499850414895,Neutral,Neutral,48.348,18.57,65.1,15.756,,,0.659,"COSMIC,clinvar",,True,48.348,,,,neutral,neutral,neutral,,True,65.1,,,,neutral,neutral,neutral,423137,Uncertain significance,2,-0.2535,2.5602,-22.1363,loss_of_function,-4.62916087876924,0.6232,pathogenic,10.1101/2022.10.22.513328; 37085483
C182Y,-0.06463,0.07415333333333333,-0.3792436609009917,Neutral,Neutral,-0.47147,-0.5166666666666667,-0.6147677547851785,Neutral,Neutral,48.348,18.57,65.1,15.756,,,0.634,"COSMIC,somatic_muts",,True,48.348,,,,neutral,neutral,neutral,,True,65.1,,,,neutral,neutral,neutral,,,,-0.1919,2.5602,-8.8485,loss_of_function,-4.62916087876924,0.4342,ambiguous,10.1101/2022.10.22.513328; 37085483
S183L,-0.04014,0.93492,-0.08796574921440296,Neutral,Neutral,0.45631,0.38412666666666667,-0.7397514254081047,Neutral,Neutral,85.11,19.336,35.24,24.938,,,0.556,"COSMIC,somatic_muts,clinvar",P,True,85.11,0.282,,,damaging,neutral,potentially_damaging,P,True,35.24,2.106,,,damaging,uncertain,potentially_damaging,480735,Conflicting interpretations of pathogenicity,1,-0.0529,2.5172,-7.8517,loss_of_function,-1.1839784203177,0.1353,benign,10.1101/2022.10.22.513328; 37085483
S183P,0.51667,2.58651,1.5213187193555362,Uncertain,Neutral,2.31251,1.7168966666666667,2.961123160142659,Uncertain,Uncertain,85.11,19.336,35.24,24.938,,,0.457,"COSMIC,somatic_muts",P,True,85.11,0.282,,,damaging,neutral,potentially_damaging,P,True,35.24,2.106,,,damaging,uncertain,potentially_damaging,,,,-0.1123,2.5172,-4.6038,loss_of_function,-0.917250040714386,0.1431,benign,10.1101/2022.10.22.513328; 37085483
D184A,0.31024,2.2417233333333333,0.21198948303178108,Uncertain,Neutral,0.23509,0.12426333333333332,0.638897754042132,Neutral,Neutral,86.489,7.794,58.725,22.554,,,,somatic_muts,,True,86.489,,,,neutral,neutral,neutral,,True,58.725,,,,neutral,neutral,neutral,,,,-0.1843,1.7859,-22.2332,loss_of_function,-4.13100823428518,0.3377,benign,10.1101/2022.10.22.513328
D184C,0.33255,2.8265266666666666,0.809172048843931,Uncertain,Neutral,0.37067,0.7316333333333334,1.2897922951905165,Neutral,Neutral,86.489,7.794,58.725,22.554,,,,cBioPortal,,True,86.489,,,,neutral,neutral,neutral,,True,58.725,,,,neutral,neutral,neutral,,,,-0.158,1.7859,-8.9453,loss_of_function,-4.35135669521169,0.702,pathogenic,10.1101/2022.10.22.513328; 37085483
D184E,-0.14423,1.1407033333333332,-0.14716844779001148,Neutral,Neutral,-0.17181,0.43492,0.7924130901085018,Neutral,Neutral,86.489,7.794,58.725,22.554,,,0.558,"cBioPortal,COSMIC",,True,86.489,,,,neutral,neutral,neutral,,True,58.725,,,,neutral,neutral,neutral,,,,-0.0271,1.7859,-2.2175,loss_of_function,-0.343448415506865,0.1615,benign,10.1101/2022.10.22.513328; 37085483
D184G,0.40164,2.8283466666666666,0.8468934622932678,Uncertain,Neutral,-0.23507,1.3225666666666667,1.3732116809244033,Neutral,Neutral,86.489,7.794,58.725,22.554,,,,"COSMIC,somatic_muts,clinvar",,True,86.489,,,,neutral,neutral,neutral,,True,58.725,,,,neutral,neutral,neutral,406606,Uncertain significance,1,-0.1196,1.7859,-7.3604,loss_of_function,-2.86758815566188,0.2792,benign,10.1101/2022.10.22.513328; 37085483
D184H,0.45453,1.6854866666666668,-0.22585946176507368,Neutral,Neutral,0.45829,0.28492,0.31290187590880697,Neutral,Neutral,86.489,7.794,58.725,22.554,,,0.700,"cBioPortal,COSMIC,somatic_muts",,True,86.489,,,,neutral,neutral,neutral,,True,58.725,,,,neutral,neutral,neutral,,,,-0.1258,1.7859,-8.9453,loss_of_function,-3.90031923608068,0.5343,ambiguous,10.1101/2022.10.22.513328; 37085483
D184N,0.27568,1.5891166666666665,0.026048995241659063,Neutral,Neutral,0.16514,-0.007143333333333353,0.5084729126129757,Neutral,Neutral,86.489,7.794,58.725,22.554,,,0.433,"cBioPortal,COSMIC,somatic_muts",,True,86.489,,,,neutral,neutral,neutral,,True,58.725,,,,neutral,neutral,neutral,,,,-0.0449,1.7859,-1.4456,loss_of_function,-2.67346273286837,0.1931,benign,10.1101/2022.10.22.513328; 37085483
D184V,0.50453,2.4206333333333334,-0.1571063156207575,Uncertain,Neutral,0.66512,-0.012243333333333337,0.8100625054198578,Neutral,Neutral,86.489,7.794,58.725,22.554,,,,somatic_muts,,True,86.489,,,,neutral,neutral,neutral,,True,58.725,,,,neutral,neutral,neutral,,,,-0.2314,1.7859,-22.2332,loss_of_function,-3.10883732625192,0.3933,ambiguous,10.1101/2022.10.22.513328
D184Y,0.11313,1.98367,-0.08877177024902556,Neutral,Neutral,0.14576,-0.22653,0.19961075667055947,Neutral,Neutral,86.489,7.794,58.725,22.554,,,0.715,"COSMIC,somatic_muts",,True,86.489,,,,neutral,neutral,neutral,,True,58.725,,,,neutral,neutral,neutral,,,,-0.1513,1.7859,-6.9454,loss_of_function,-1.812225626061,0.451,ambiguous,10.1101/2022.10.22.513328; 37085483
S185C,0.34999,0.6839,0.6826729780558013,Neutral,Neutral,0.15585,0.5574833333333333,0.7659343181066202,Neutral,Neutral,44.34,14.201,73.26,32.473,,,0.425,COSMIC,P,True,44.34,3.325,,,damaging,damaging,potentially_damaging,P,True,73.26,0.814,,,damaging,neutral,potentially_damaging,,,,-0.111,2.3904,-22.2419,loss_of_function,-3.51485496891826,0.1144,benign,10.1101/2022.10.22.513328; 37085483
S185G,1.03968,1.4590699999999999,0.6934241335806561,Neutral,Neutral,-0.82122,0.6538533333333333,0.6527262964900388,Neutral,Neutral,44.34,14.201,73.26,32.473,,,0.497,COSMIC,P,True,44.34,3.325,,,damaging,damaging,potentially_damaging,P,True,73.26,0.814,,,damaging,neutral,potentially_damaging,,,,0.0231,2.3904,-4.0473,gain_of_function,-0.766135825224233,0.0635,benign,10.1101/2022.10.22.513328; 37085483
S185I,1.10454,1.80975,0.09084398890809653,Neutral,Neutral,0.95922,1.39286,0.6823833310622883,Neutral,Neutral,44.34,14.201,73.26,32.473,,,0.452,COSMIC,P,True,44.34,3.325,,,damaging,damaging,potentially_damaging,P,True,73.26,0.814,,,damaging,neutral,potentially_damaging,,,,-0.1417,2.3904,-22.2419,loss_of_function,-1.77177164818091,0.2053,benign,10.1101/2022.10.22.513328; 37085483
S185N,1.04212,0.9230166666666667,-0.06368675956441067,Neutral,Neutral,0.00421,-0.30441999999999997,-0.20517593714681057,Neutral,Neutral,44.34,14.201,73.26,32.473,,3.9786743057e-06,0.325,"COSMIC,germline_muts,clinvar",P,True,44.34,3.325,,,damaging,damaging,potentially_damaging,P,True,73.26,0.814,,,damaging,neutral,potentially_damaging,141359,Likely benign,3,0.0213,2.3904,-1.8249,gain_of_function,0.116493607243856,0.0957,benign,10.1101/2022.10.22.513328; 37085483
S185R,0.83904,0.5345799999999999,-0.09838786387028912,Neutral,Neutral,0.03379,0.13401333333333335,-0.250329526358401,Neutral,Neutral,44.34,14.201,73.26,32.473,,,0.520,"COSMIC,somatic_muts,clinvar",P,True,44.34,3.325,,,damaging,damaging,potentially_damaging,P,True,73.26,0.814,,,damaging,neutral,potentially_damaging,1748280,Likely benign,1,-0.0785,2.3904,-7.3692,loss_of_function,-2.1883691405826,0.6104,pathogenic,10.1101/2022.10.22.513328; 37085483
S185T,0.14471,0.24262999999999998,0.12688379201147995,Neutral,Neutral,0.60194,0.30657666666666666,0.5049445399601821,Neutral,Neutral,44.34,14.201,73.26,32.473,,,,"COSMIC,somatic_muts",P,True,44.34,3.325,,,neutral,damaging,potentially_damaging,P,True,73.26,0.814,,,neutral,neutral,potentially_damaging,,,,0.0309,2.3904,-6.1468,gain_of_function,-1.53198523946946,0.0858,benign,10.1101/2022.10.22.513328; 37085483
D186E,0.07479,1.05941,0.4073800582781722,Neutral,Neutral,0.21769,0.40068,0.12508704444786528,Neutral,Neutral,84.35,13.986,53.435,23.888,,3.9784843566e-06,0.643,"COSMIC,clinvar",,True,84.35,,,,neutral,neutral,neutral,,True,53.435,,,,neutral,neutral,neutral,230006,Likely benign,2,-0.0604,1.5659,-4.7814,loss_of_function,-0.647375049671803,0.4078,ambiguous,10.1101/2022.10.22.513328; 37085483
D186G,0.52505,3.0773233333333336,1.308339835812219,Uncertain,Neutral,0.2288,1.2747166666666667,0.768142046140004,Neutral,Neutral,84.35,13.986,53.435,23.888,,,0.680,COSMIC,,True,84.35,,,,neutral,neutral,neutral,,True,53.435,,,,neutral,neutral,neutral,,,,-0.1116,1.5659,-1.822,loss_of_function,-5.69946724771392,0.5048,ambiguous,10.1101/2022.10.22.513328; 37085483
D186H,0.61492,2.217006666666667,0.34226899101816793,Uncertain,Neutral,0.72528,0.19626000000000002,-0.22147758429893097,Neutral,Neutral,84.35,13.986,53.435,23.888,,,0.692,"COSMIC,somatic_muts",,True,84.35,,,,neutral,neutral,neutral,,True,53.435,,,,neutral,neutral,neutral,,,,-0.2139,1.5659,-22.239,loss_of_function,-3.91172505625663,0.803,pathogenic,10.1101/2022.10.22.513328; 37085483
D186N,0.39003,1.8261900000000002,0.4647122105475034,Neutral,Neutral,0.32195,-0.059186666666666644,-0.1185169993618775,Neutral,Neutral,84.35,13.986,53.435,23.888,,7.957728546e-06,0.532,"cBioPortal,COSMIC,somatic_muts,clinvar",,True,84.35,,,,neutral,neutral,neutral,,True,53.435,,,,neutral,neutral,neutral,406601,Likely benign,3,-0.0732,1.5659,-3.0206,loss_of_function,-1.78942865852632,0.3448,ambiguous,10.1101/2022.10.22.513328; 37085483
D186V,0.7075,2.7366233333333336,0.7184261000392529,Uncertain,Neutral,1.22599,0.45147333333333334,0.23420752463153902,Neutral,Neutral,84.35,13.986,53.435,23.888,,,0.800,"COSMIC,somatic_muts",,True,84.35,,,,neutral,neutral,neutral,,True,53.435,,,,neutral,neutral,neutral,,,,-0.2517,1.5659,-22.239,loss_of_function,-5.75187386230467,0.7499,pathogenic,10.1101/2022.10.22.513328; 37085483
D186Y,0.4177,2.38197,0.6932710037110065,Uncertain,Neutral,0.39366,0.30476333333333333,0.004246091393550301,Neutral,Neutral,84.35,13.986,53.435,23.888,,,,somatic_muts,,True,84.35,,,,neutral,neutral,neutral,,True,53.435,,,,neutral,neutral,neutral,,,,-0.2496,1.5659,-22.239,loss_of_function,-5.48755082177828,0.7262,pathogenic,10.1101/2022.10.22.513328
G187A,1.51195,1.18594,1.1149725951953622,Neutral,Neutral,2.05337,1.74603,1.0760513040897601,Uncertain,Uncertain,56.367,18.283,109.675,27.215,,,,clinvar,,True,56.367,,,,neutral,neutral,neutral,,True,109.675,,,,neutral,neutral,neutral,1479275,Uncertain significance,1,-0.1286,1.8092,-4.8667,loss_of_function,-1.7231937485443,0.2047,benign,10.1101/2022.10.22.513328; 37085483
G187C,2.04533,1.4209733333333334,1.4536471809286364,Uncertain,Uncertain,2.40676,2.4812933333333334,1.802139221182843,Uncertain,Uncertain,56.367,18.283,109.675,27.215,,,0.705,"cBioPortal,COSMIC,somatic_muts",,True,56.367,,,,neutral,neutral,neutral,,True,109.675,,,,neutral,neutral,neutral,,,,-0.2011,1.8092,-7.3692,loss_of_function,-2.23517995208198,0.2974,benign,10.1101/2022.10.22.513328; 37085483
G187D,1.19759,1.1634933333333333,0.8034536637607892,Neutral,Neutral,2.54481,2.19796,1.033068775572829,Uncertain,Uncertain,56.367,18.283,109.675,27.215,,,0.625,"cBioPortal,COSMIC,somatic_muts,clinvar",,True,56.367,,,,neutral,neutral,neutral,,True,109.675,,,,neutral,neutral,neutral,422532,Uncertain significance,2,-0.1935,1.8092,-5.7843,loss_of_function,-2.47844934009982,0.4916,ambiguous,10.1101/2022.10.22.513328; 37085483
G187R,2.3941,2.697843333333333,0.8034552596722705,Uncertain,Uncertain,2.36441,1.82721,0.7438116352225789,Uncertain,Uncertain,56.367,18.283,109.675,27.215,,,0.700,"cBioPortal,COSMIC,clinvar",,True,56.367,,,,neutral,neutral,neutral,,True,109.675,,,,neutral,neutral,neutral,635392,Conflicting interpretations of pathogenicity,1,-0.2938,1.8092,-22.2419,loss_of_function,-5.04099022305313,0.6489,pathogenic,10.1101/2022.10.22.513328; 37085483
G187S,1.34138,1.1600899999999998,1.1081993392649443,Neutral,Neutral,2.42654,1.15261,1.2274934270262847,Uncertain,Uncertain,56.367,18.283,109.675,27.215,,,0.649,"cBioPortal,COSMIC,somatic_muts,clinvar",,True,56.367,,,,neutral,neutral,neutral,,True,109.675,,,,neutral,neutral,neutral,840399,Uncertain significance,2,-0.1359,1.8092,-5.1468,loss_of_function,-2.60475214338246,0.1262,benign,10.1101/2022.10.22.513328; 37085483
G187V,3.35889,2.70839,1.6950900740634778,Uncertain,Uncertain,3.51954,3.5513600000000003,1.7547528765067109,Destabilizing,Uncertain,56.367,18.283,109.675,27.215,,,0.666,"COSMIC,somatic_muts,clinvar",,True,56.367,,,,neutral,neutral,neutral,,True,109.675,,,,neutral,neutral,neutral,2032550,Uncertain significance,1,-0.2281,1.8092,-7.3692,loss_of_function,-3.18355446101431,0.3175,benign,10.1101/2022.10.22.513328; 37085483
L188M,0.2043,1.3454633333333332,0.6169589160279765,Neutral,Neutral,-0.05956,1.32528,1.2671747131527598,Neutral,Neutral,74.43,14.759,38.72,22.565,,,0.473,COSMIC,,True,74.43,,,,neutral,neutral,neutral,,True,38.72,,,,neutral,neutral,neutral,,,,-0.004,2.5085,-6.1468,loss_of_function,-2.03246337702532,0.1544,benign,10.1101/2022.10.22.513328; 37085483
L188P,0.64867,3.11882,3.0314928284803337,Uncertain,Uncertain,0.66335,5.177436666666666,4.677656953078794,Uncertain,Uncertain,74.43,14.759,38.72,22.565,,,,"germline_muts,somatic_muts",,True,74.43,,,,neutral,neutral,neutral,,True,38.72,,,,neutral,neutral,neutral,,,,-0.1839,2.5085,-4.9542,loss_of_function,-2.07287529396529,0.1339,benign,10.1101/2022.10.22.513328; 37085483
L188Q,0.39753,1.4480700000000002,1.146583697791612,Neutral,Neutral,0.78134,0.9782299999999999,1.7270555449370264,Neutral,Neutral,74.43,14.759,38.72,22.565,,,0.581,"cBioPortal,COSMIC",,True,74.43,,,,neutral,neutral,neutral,,True,38.72,,,,neutral,neutral,neutral,,,,-0.1204,2.5085,-4.7843,loss_of_function,-4.02237159951265,0.1893,benign,10.1101/2022.10.22.513328; 37085483
L188V,0.57748,1.15839,0.663956435431018,Neutral,Neutral,0.78909,0.9473933333333333,1.2730932848512093,Neutral,Neutral,74.43,14.759,38.72,22.565,,,0.572,"COSMIC,somatic_muts,clinvar",,True,74.43,,,,neutral,neutral,neutral,,True,38.72,,,,neutral,neutral,neutral,933702,Uncertain significance,1,-0.0053,2.5085,-3.8667,loss_of_function,-1.55449930492216,0.1186,benign,10.1101/2022.10.22.513328; 37085483
A189D,2.00456,3.804873333333333,2.1517970436697933,Uncertain,Uncertain,2.24961,1.61168,1.0715212208880904,Uncertain,Uncertain,5.172,5.008,11.645,18.822,,,0.817,"cBioPortal,COSMIC,germline_muts,clinvar",,False,5.172,,,,neutral,neutral,neutral,,False,11.645,,,,neutral,neutral,neutral,2137906,Uncertain significance,1,-0.2731,0.7558,-6.6322,loss_of_function,-2.40147207040067,0.9857,pathogenic,10.1101/2022.10.22.513328; 37085483
A189G,1.43856,1.7848033333333333,1.8269496035074546,Neutral,Neutral,-0.18559,3.2675700000000005,1.6170602389311022,Uncertain,Neutral,5.172,5.008,11.645,18.822,,,0.754,"COSMIC,somatic_muts,clinvar",,False,5.172,,,,neutral,neutral,neutral,,False,11.645,,,,neutral,neutral,neutral,1378428,Uncertain significance,1,-0.2646,0.7558,-22.2419,loss_of_function,-5.8316505052007,0.6979,pathogenic,10.1101/2022.10.22.513328; 37085483
A189P,0.24092,4.69025,3.1657970360568655,Uncertain,Uncertain,2.66738,5.06247,4.8126954623255775,Uncertain,Uncertain,5.172,5.008,11.645,18.822,,,0.721,"cBioPortal,COSMIC,somatic_muts",,False,5.172,,,,neutral,neutral,neutral,,False,11.645,,,,neutral,neutral,neutral,,,,-0.3925,0.7558,-22.2419,loss_of_function,-3.86587816946943,0.7205,pathogenic,10.1101/2022.10.22.513328; 37085483
A189S,0.83245,1.30363,1.1409016041648845,Neutral,Neutral,0.33548,0.2383233333333333,0.9438584211029831,Neutral,Neutral,5.172,5.008,11.645,18.822,,,0.700,"COSMIC,clinvar",,False,5.172,,,,neutral,neutral,neutral,,False,11.645,,,,neutral,neutral,neutral,528262,Uncertain significance,2,-0.1578,0.7558,-6.9542,loss_of_function,-2.63286801121178,0.3994,ambiguous,10.1101/2022.10.22.513328; 37085483
A189T,1.768,1.6832200000000002,0.9940408380526481,Neutral,Neutral,1.77482,1.3741466666666664,0.5696349190905524,Neutral,Neutral,5.172,5.008,11.645,18.822,,,0.728,"COSMIC,somatic_muts",,False,5.172,,,,neutral,neutral,neutral,,False,11.645,,,,neutral,neutral,neutral,,,,-0.1596,0.7558,-6.1468,loss_of_function,-1.81167935946565,0.7003,pathogenic,10.1101/2022.10.22.513328; 37085483
A189V,1.70237,1.3209733333333336,0.36594227520067407,Neutral,Neutral,2.06915,1.2112233333333333,0.027117819293543954,Uncertain,Uncertain,5.172,5.008,11.645,18.822,,2.38617924979e-05,0.790,"cBioPortal,COSMIC,germline_muts,somatic_muts,clinvar",,False,5.172,,,,neutral,neutral,neutral,,False,11.645,,,,neutral,neutral,neutral,12382,Conflicting interpretations of pathogenicity,1,-0.1591,0.7558,-6.6322,loss_of_function,-2.91132196336471,0.5887,pathogenic,10.1101/2022.10.22.513328; 37085483
P190A,2.22507,1.14626,-0.22417842894076334,Uncertain,Uncertain,1.25862,0.5476199999999999,0.26266886589520616,Neutral,Neutral,33.768,7.235,16.27,12.117,,,0.757,"cBioPortal,COSMIC,somatic_muts,clinvar",,False,33.768,,,,neutral,neutral,neutral,,False,16.27,,,,neutral,neutral,neutral,1021934,Uncertain significance,1,-0.1984,0.6122,-7.9483,loss_of_function,-2.99567003362681,0.4869,ambiguous,10.1101/2022.10.22.513328; 37085483
P190F,2.0293,1.38934,-0.6328708194888899,Uncertain,Uncertain,3.78094,3.480836666666667,-0.12060923496471844,Destabilizing,Uncertain,33.768,7.235,16.27,12.117,,,,COSMIC,,False,33.768,,,,neutral,neutral,neutral,,False,16.27,,,,neutral,neutral,neutral,,,,-0.3324,0.6122,-22.2361,loss_of_function,-4.64609065702091,0.966,pathogenic,10.1101/2022.10.22.513328; 37085483
P190H,2.55686,1.2438766666666667,-0.674295310146642,Uncertain,Uncertain,4.37177,3.6252866666666663,0.100782357766457,Destabilizing,Uncertain,33.768,7.235,16.27,12.117,,,0.731,COSMIC,,False,33.768,,,,neutral,neutral,neutral,,False,16.27,,,,neutral,neutral,neutral,,,,-0.2151,0.6122,-3.6264,loss_of_function,-3.24502230725534,0.7649,pathogenic,10.1101/2022.10.22.513328; 37085483
P190L,1.81919,1.1264166666666666,-0.8222244311650356,Neutral,Neutral,2.19419,1.5832233333333334,-0.36605566391975297,Uncertain,Uncertain,33.768,7.235,16.27,12.117,,,0.824,"cBioPortal,COSMIC,germline_muts,somatic_muts,clinvar",,False,33.768,,,,neutral,neutral,neutral,,False,16.27,,,,neutral,neutral,neutral,418517,Likely pathogenic,3,-0.2523,0.6122,-8.9482,loss_of_function,-5.71134636968457,0.7083,pathogenic,10.1101/2022.10.22.513328; 37085483
P190N,2.55055,1.5261933333333333,-0.3120142689001004,Uncertain,Uncertain,2.36641,2.3493166666666667,0.2796479146696221,Uncertain,Uncertain,33.768,7.235,16.27,12.117,,,,"COSMIC,somatic_muts",,False,33.768,,,,neutral,neutral,neutral,,False,16.27,,,,neutral,neutral,neutral,,,,-0.2222,0.6122,-7.3634,loss_of_function,-3.83177689961355,0.9398,pathogenic,10.1101/2022.10.22.513328; 37085483
P190R,1.96427,1.4692733333333334,-0.4917193178321879,Neutral,Neutral,3.47107,4.328456666666667,0.23094775734852413,Destabilizing,Uncertain,33.768,7.235,16.27,12.117,,,0.846,"cBioPortal,COSMIC,germline_muts,clinvar",,False,33.768,,,,neutral,neutral,neutral,,False,16.27,,,,neutral,neutral,neutral,234061,Conflicting interpretations of pathogenicity,1,-0.3412,0.6122,-22.2361,loss_of_function,-5.59560735149418,0.8268,pathogenic,10.1101/2022.10.22.513328; 37085483
P190S,2.71924,1.57075,-0.19019224470125784,Uncertain,Uncertain,1.73787,1.4023833333333335,0.6462074995800936,Neutral,Neutral,33.768,7.235,16.27,12.117,,,0.788,"cBioPortal,COSMIC,somatic_muts,clinvar",,False,33.768,,,,neutral,neutral,neutral,,False,16.27,,,,neutral,neutral,neutral,646725,Uncertain significance,2,-0.1981,0.6122,-7.9483,loss_of_function,-3.5530655746616,0.6927,pathogenic,10.1101/2022.10.22.513328; 37085483
P190T,3.29498,1.41587,-0.21213894905842445,Uncertain,Uncertain,3.39348,1.6998866666666668,0.6179071501615586,Uncertain,Uncertain,33.768,7.235,16.27,12.117,,,0.822,"cBioPortal,COSMIC,somatic_muts,clinvar",,False,33.768,,,,neutral,neutral,neutral,,False,16.27,,,,neutral,neutral,neutral,233197,Uncertain significance,2,-0.2832,0.6122,-22.2361,loss_of_function,-5.26746995626814,0.8083,pathogenic,10.1101/2022.10.22.513328; 37085483
P191A,1.85188,0.8213133333333333,-0.040373826929793535,Neutral,Neutral,1.66456,1.0055566666666667,0.22301244316807126,Neutral,Neutral,16.952,10.757,54.75,12.286,,,0.598,COSMIC,,False,16.952,,,,neutral,neutral,neutral,,False,54.75,,,,neutral,neutral,neutral,,,,-0.105,1.3131,-2.2759,loss_of_function,-1.57010272545414,0.1423,benign,10.1101/2022.10.22.513328; 37085483
P191H,4.16784,2.323583333333333,-0.16357687258501155,Uncertain,Uncertain,2.72315,1.08855,-0.2888859174724086,Uncertain,Uncertain,16.952,10.757,54.75,12.286,,3.9765226105e-06,0.797,"cBioPortal,COSMIC,somatic_muts,clinvar",,False,16.952,,,,neutral,neutral,neutral,,False,54.75,,,,neutral,neutral,neutral,853530,Uncertain significance,2,-0.2456,1.3131,-22.2361,loss_of_function,-5.0015821412385,0.6467,pathogenic,10.1101/2022.10.22.513328; 37085483
P191L,2.54642,1.2263033333333333,-0.8325881714923525,Uncertain,Uncertain,1.79815,0.7879833333333334,-0.41644286916748335,Neutral,Neutral,16.952,10.757,54.75,12.286,,3.9765226105e-06,0.748,"cBioPortal,COSMIC,somatic_muts",,False,16.952,,,,neutral,neutral,neutral,,False,54.75,,,,neutral,neutral,neutral,,,,-0.2556,1.3131,-22.2361,loss_of_function,-4.30289476148818,0.5851,pathogenic,10.1101/2022.10.22.513328; 37085483
P191R,2.68085,2.928343333333333,-0.38012486218531,Uncertain,Uncertain,1.7258,0.9692766666666667,-0.1958696710993455,Neutral,Neutral,16.952,10.757,54.75,12.286,,1.19295678315e-05,0.617,"COSMIC,somatic_muts,clinvar",,False,16.952,,,,neutral,neutral,neutral,,False,54.75,,,,neutral,neutral,neutral,127816,Likely benign,3,-0.1802,1.3131,-3.3337,loss_of_function,-2.35161070148448,0.5246,ambiguous,10.1101/2022.10.22.513328; 37085483
P191S,2.44844,1.7713166666666667,0.37434086823294166,Uncertain,Uncertain,2.10683,0.9111066666666666,0.1816051709124351,Uncertain,Uncertain,16.952,10.757,54.75,12.286,,,0.722,"cBioPortal,COSMIC,somatic_muts,clinvar",,False,16.952,,,,neutral,neutral,neutral,,False,54.75,,,,neutral,neutral,neutral,1024017,Uncertain significance,1,-0.1285,1.3131,-6.9483,loss_of_function,-1.80852078612712,0.3445,ambiguous,10.1101/2022.10.22.513328; 37085483
P191T,2.93812,1.7604300000000002,0.10846486328591341,Uncertain,Uncertain,2.31206,1.0274400000000001,0.16227032946255526,Uncertain,Uncertain,16.952,10.757,54.75,12.286,,,0.727,"COSMIC,somatic_muts",,False,16.952,,,,neutral,neutral,neutral,,False,54.75,,,,neutral,neutral,neutral,,,,-0.2187,1.3131,-22.2361,loss_of_function,-3.21332629010937,0.5102,ambiguous,10.1101/2022.10.22.513328; 37085483
Q192H,1.05918,0.38389999999999996,0.04747327080174516,Neutral,Neutral,0.2128,0.2649666666666667,-0.21415449042022602,Neutral,Neutral,38.844,13.448,32.735,12.022,,,"0.534, 0.537","cBioPortal,COSMIC,somatic_muts,clinvar",,False,38.844,,,,neutral,neutral,neutral,,False,32.735,,,,neutral,neutral,neutral,"988617, 922531","Likely benign, Uncertain significance","1, 2",-0.0899,1.4461,-6.9483,loss_of_function,-1.73335343456233,0.3598,ambiguous,10.1101/2022.10.22.513328; 37085483
Q192K,-0.14611,0.72778,0.40599826238032616,Neutral,Neutral,-0.20787,0.6851466666666667,0.3036666296376673,Neutral,Neutral,38.844,13.448,32.735,12.022,,,0.640,"COSMIC,somatic_muts",,False,38.844,,,,neutral,neutral,neutral,,False,32.735,,,,neutral,neutral,neutral,,,,-0.2,1.4461,-22.2361,loss_of_function,-3.90293857336837,0.2843,benign,10.1101/2022.10.22.513328; 37085483
Q192L,-0.41362,0.31576333333333334,-0.27093818582992496,Neutral,Neutral,-0.50162,-0.17199333333333333,-0.4898325371504649,Neutral,Neutral,38.844,13.448,32.735,12.022,,,0.718,"cBioPortal,COSMIC,somatic_muts",,False,38.844,,,,neutral,neutral,neutral,,False,32.735,,,,neutral,neutral,neutral,,,,-0.1857,1.4461,-22.2361,loss_of_function,-4.30901436282833,0.3186,benign,10.1101/2022.10.22.513328; 37085483
Q192P,-0.12162,4.403743333333334,1.977452481959266,Uncertain,Neutral,-0.31147,5.428796666666667,2.2460107309142088,Uncertain,Uncertain,38.844,13.448,32.735,12.022,,,,clinvar,,False,38.844,,,,neutral,neutral,neutral,,False,32.735,,,,neutral,neutral,neutral,1036209,Uncertain significance,1,-0.3404,1.4461,-22.2361,loss_of_function,-5.41081355098746,0.3204,benign,10.1101/2022.10.22.513328; 37085483
Q192R,0.04788,0.5175733333333333,0.10639015971098616,Neutral,Neutral,0.14236,0.6018133333333333,-0.09851244938349842,Neutral,Neutral,38.844,13.448,32.735,12.022,,,0.677,"cBioPortal,COSMIC,somatic_muts,clinvar",,False,38.844,,,,neutral,neutral,neutral,,False,32.735,,,,neutral,neutral,neutral,182931,Uncertain significance,2,-0.1188,1.4461,-6.6264,loss_of_function,-2.49721471871481,0.2727,benign,10.1101/2022.10.22.513328; 37085483
H193D,1.10588,2.0880966666666665,2.6640947364085883,Uncertain,Uncertain,-2.08295,1.29422,1.670949385318047,Uncertain,Uncertain,2.307,1.935,0.95,1.351,,,0.922,"cBioPortal,COSMIC,germline_muts,somatic_muts,clinvar",,False,2.307,,,,neutral,neutral,neutral,,False,0.95,,,,neutral,neutral,neutral,376613,Likely pathogenic,0,-0.3443,0.0001,-22.2419,loss_of_function,-7.14475957649214,0.998,pathogenic,10.1101/2022.10.22.513328; 37085483
H193L,-1.27803,0.29535000000000006,0.20488610987387632,Neutral,Neutral,-1.82479,-0.35963666666666666,0.016911713417814056,Neutral,Neutral,2.307,1.935,0.95,1.351,,,0.864,"cBioPortal,COSMIC,somatic_muts,clinvar",,False,2.307,,,,neutral,neutral,neutral,,False,0.95,,,,neutral,neutral,neutral,185822,Conflicting interpretations of pathogenicity,1,-0.3469,0.0001,-22.2419,loss_of_function,-8.25135518731248,0.9942,pathogenic,10.1101/2022.10.22.513328; 37085483
H193N,0.67644,1.3171199999999998,1.736992956126441,Neutral,Neutral,-2.42044,0.8464866666666667,0.9717068545808464,Uncertain,Uncertain,2.307,1.935,0.95,1.351,,,0.875,"cBioPortal,COSMIC,somatic_muts,clinvar",,False,2.307,,,,neutral,neutral,neutral,,False,0.95,,,,neutral,neutral,neutral,376614,Likely pathogenic,0,-0.3038,0.0001,-22.2419,loss_of_function,-7.14475957649214,0.9845,pathogenic,10.1101/2022.10.22.513328; 37085483
H193P,1.60607,6.487303333333333,6.584911113083677,Uncertain,Uncertain,4.9411,5.202493333333333,5.349988850002549,Destabilizing,Destabilizing,2.307,1.935,0.95,1.351,,,0.870,"cBioPortal,COSMIC,germline_muts,somatic_muts,clinvar",,False,2.307,,,,neutral,neutral,neutral,,False,0.95,,,,neutral,neutral,neutral,376612,Pathogenic,3,-0.4603,0.0001,-22.2419,loss_of_function,-8.25135518731248,0.9975,pathogenic,10.1101/2022.10.22.513328; 37085483
H193Q,1.04537,0.9375300000000001,1.6603834990757562,Neutral,Neutral,-0.2593,0.6521533333333334,1.1584662482879982,Neutral,Neutral,2.307,1.935,0.95,1.351,,,0.807,"cBioPortal,COSMIC,somatic_muts,clinvar",,False,2.307,,,,neutral,neutral,neutral,,False,0.95,,,,neutral,neutral,neutral,825975,Likely pathogenic,1,-0.2653,0.0001,-22.2419,loss_of_function,-6.22965436600818,0.9979,pathogenic,10.1101/2022.10.22.513328; 37085483
H193R,3.05668,1.9718799999999999,1.727851275416766,Uncertain,Uncertain,4.94137,4.16349,0.7986763885088456,Destabilizing,Uncertain,2.307,1.935,0.95,1.351,,,0.884,"cBioPortal,COSMIC,germline_muts,somatic_muts,clinvar",,False,2.307,,,,neutral,neutral,neutral,,False,0.95,,,,neutral,neutral,neutral,184979,Pathogenic/Likely pathogenic,2,-0.3334,0.0001,-22.2419,loss_of_function,-5.99226010418964,0.9982,pathogenic,10.1101/2022.10.22.513328; 37085483
H193Y,3.04666,-0.8608833333333333,-0.6132677121333254,Uncertain,Uncertain,5.19893,1.0004533333333334,-0.06959124939784962,Uncertain,Uncertain,2.307,1.935,0.95,1.351,,,0.887,"cBioPortal,COSMIC,germline_muts,somatic_muts,clinvar",,False,2.307,,,,neutral,neutral,neutral,,False,0.95,,,,neutral,neutral,neutral,230256,Pathogenic/Likely pathogenic,2,-0.2689,0.0001,-22.2419,loss_of_function,-4.01303053158416,0.9627,pathogenic,10.1101/2022.10.22.513328; 37085483
L194F,2.2235,2.185146666666667,0.8533645484857537,Uncertain,Uncertain,5.42538,3.0096366666666667,1.2520152380376752,Destabilizing,Uncertain,3.196,2.087,0.605,0.735,,,0.851,"cBioPortal,COSMIC,germline_muts,somatic_muts,clinvar",,False,3.196,,,,neutral,neutral,neutral,,False,0.605,,,,neutral,neutral,neutral,127817,Pathogenic/Likely pathogenic,2,-0.2832,0.021,-8.9541,loss_of_function,-5.28126106416149,0.9428,pathogenic,10.1101/2022.10.22.513328; 37085483
L194H,2.7418,3.156236666666667,2.084814276221414,Uncertain,Uncertain,4.95439,3.46236,2.1202143492263086,Destabilizing,Uncertain,3.196,2.087,0.605,0.735,,,0.918,"cBioPortal,COSMIC,somatic_muts,clinvar",,False,3.196,,,,neutral,neutral,neutral,,False,0.605,,,,neutral,neutral,neutral,376634,Conflicting interpretations of pathogenicity,1,-0.46,0.021,-22.2419,loss_of_function,-6.32813408679831,0.9974,pathogenic,10.1101/2022.10.22.513328; 37085483
L194I,0.82045,1.1739233333333334,0.7707829023252278,Neutral,Neutral,1.14182,3.3614533333333334,0.9245459956267067,Uncertain,Neutral,3.196,2.087,0.605,0.735,,,0.791,"cBioPortal,COSMIC,somatic_muts",,False,3.196,,,,neutral,neutral,neutral,,False,0.605,,,,neutral,neutral,neutral,,,,-0.2917,0.021,-22.2419,loss_of_function,-3.75098857645665,0.5835,pathogenic,10.1101/2022.10.22.513328; 37085483
L194P,2.0025,2.826416666666667,5.244182457443951,Uncertain,Uncertain,1.65489,5.6499999999999995,5.439326724892729,Uncertain,Uncertain,3.196,2.087,0.605,0.735,,,0.937,"cBioPortal,COSMIC,somatic_muts,clinvar",,False,3.196,,,,neutral,neutral,neutral,,False,0.605,,,,neutral,neutral,neutral,376635,Uncertain significance,1,-0.501,0.021,-22.2419,loss_of_function,-8.07358961589327,0.9989,pathogenic,10.1101/2022.10.22.513328; 37085483
L194R,5.18274,7.147506666666666,2.6163098916970693,Destabilizing,Uncertain,8.03285,6.8146233333333335,2.690899834150901,Destabilizing,Uncertain,3.196,2.087,0.605,0.735,,3.9763644895e-06,0.933,"cBioPortal,COSMIC,somatic_muts,clinvar",,False,3.196,,,,neutral,neutral,neutral,,False,0.605,,,,neutral,neutral,neutral,376633,Conflicting interpretations of pathogenicity,1,-0.4978,0.021,-22.2419,loss_of_function,-8.07358961589327,0.9952,pathogenic,10.1101/2022.10.22.513328; 37085483
L194V,1.65251,0.4192766666666666,1.1863082014817679,Neutral,Neutral,0.74298,2.16043,1.1790082502108898,Uncertain,Neutral,3.196,2.087,0.605,0.735,,,0.833,"cBioPortal,COSMIC,somatic_muts",,False,3.196,,,,neutral,neutral,neutral,,False,0.605,,,,neutral,neutral,neutral,,,,-0.328,0.021,-22.2419,loss_of_function,-4.06512820151916,0.7109,pathogenic,10.1101/2022.10.22.513328; 37085483
I195F,4.27244,1.5351466666666667,1.50146314093394,Uncertain,Uncertain,4.47777,1.5395666666666667,1.009920610528429,Uncertain,Uncertain,4.334,1.934,1.515,1.678,,,0.904,"cBioPortal,COSMIC,somatic_muts,clinvar",,False,4.334,,,,neutral,neutral,neutral,,False,1.515,,,,neutral,neutral,neutral,376617,Conflicting interpretations of pathogenicity,1,-0.3622,0.2723,-22.2419,loss_of_function,-6.96272216613622,0.9288,pathogenic,10.1101/2022.10.22.513328; 37085483
I195K,3.35357,5.282536666666666,4.257743590797398,Destabilizing,Destabilizing,2.78266,5.668026666666667,3.2986139332926783,Uncertain,Uncertain,4.334,1.934,1.515,1.678,,,,"cBioPortal,COSMIC",,False,4.334,,,,neutral,neutral,neutral,,False,1.515,,,,neutral,neutral,neutral,,,,-0.4987,0.2723,-22.2419,loss_of_function,-7.4631744305005,0.9982,pathogenic,10.1101/2022.10.22.513328; 37085483
I195L,-0.00195,0.8274366666666667,0.2889621897033547,Neutral,Neutral,-0.39678,0.37448999999999993,0.6139645440544402,Neutral,Neutral,4.334,1.934,1.515,1.678,,,0.724,"COSMIC,somatic_muts",,False,4.334,,,,neutral,neutral,neutral,,False,1.515,,,,neutral,neutral,neutral,,,,-0.2025,0.2723,-5.7843,loss_of_function,-2.06454558168875,0.2338,benign,10.1101/2022.10.22.513328; 37085483
I195M,0.0294,1.0507933333333332,1.2064063240547604,Neutral,Neutral,-0.94227,1.52857,1.1570346493906614,Neutral,Neutral,4.334,1.934,1.515,1.678,,,0.755,"cBioPortal,COSMIC,clinvar",,False,4.334,,,,neutral,neutral,neutral,,False,1.515,,,,neutral,neutral,neutral,376620,Uncertain significance,2,-0.2141,0.2723,-6.9542,loss_of_function,-2.07380098452234,0.4112,ambiguous,10.1101/2022.10.22.513328; 37085483
I195N,2.78213,3.526076666666667,2.7865141626618075,Uncertain,Uncertain,2.10444,3.49864,2.2889079244376114,Uncertain,Uncertain,4.334,1.934,1.515,1.678,,,0.840,"cBioPortal,COSMIC,germline_muts,somatic_muts,clinvar",,False,4.334,,,,neutral,neutral,neutral,,False,1.515,,,,neutral,neutral,neutral,376618,Conflicting interpretations of pathogenicity,1,-0.4384,0.2723,-22.2419,loss_of_function,-7.4631744305005,0.998,pathogenic,10.1101/2022.10.22.513328; 37085483
I195S,4.36039,4.1161,3.800041446909729,Destabilizing,Destabilizing,1.72188,4.40567,3.0700420192349434,Uncertain,Uncertain,4.334,1.934,1.515,1.678,,,0.865,"cBioPortal,COSMIC,somatic_muts,clinvar",,False,4.334,,,,neutral,neutral,neutral,,False,1.515,,,,neutral,neutral,neutral,376619,Uncertain significance,1,-0.4418,0.2723,-22.2419,loss_of_function,-6.41975022589998,0.9967,pathogenic,10.1101/2022.10.22.513328; 37085483
I195T,2.71755,2.5997733333333333,2.469545457979091,Uncertain,Uncertain,1.15071,2.941266666666667,2.0512656126529163,Uncertain,Uncertain,4.334,1.934,1.515,1.678,,0.0,0.851,"cBioPortal,COSMIC,germline_muts,somatic_muts,clinvar",,False,4.334,,,,neutral,neutral,neutral,,False,1.515,,,,neutral,neutral,neutral,216077,Conflicting interpretations of pathogenicity,1,-0.2908,0.2723,-8.9541,loss_of_function,-6.41975022589998,0.9962,pathogenic,10.1101/2022.10.22.513328; 37085483
I195V,0.98131,0.95612,0.6479513946211334,Neutral,Neutral,-0.33415,1.0551033333333333,0.5446095842988647,Neutral,Neutral,4.334,1.934,1.515,1.678,,,0.725,"cBioPortal,somatic_muts",,False,4.334,,,,neutral,neutral,neutral,,False,1.515,,,,neutral,neutral,neutral,,,,-0.1707,0.2723,-7.3692,loss_of_function,-2.02257112956522,0.4167,ambiguous,10.1101/2022.10.22.513328; 37085483
R196G,1.15514,3.012583333333333,2.9780800232483506,Uncertain,Uncertain,-0.07276,2.6585066666666664,3.0375016574862648,Uncertain,Uncertain,14.527,6.751,16.345,9.355,,,0.897,"cBioPortal,COSMIC,somatic_muts,clinvar",,False,14.527,,,,neutral,neutral,neutral,,False,16.345,,,,neutral,neutral,neutral,232344,Uncertain significance,2,-0.4371,0.0888,-22.239,loss_of_function,-7.80629060075436,0.9907,pathogenic,10.1101/2022.10.22.513328; 37085483
R196L,-1.21991,-0.15895666666666666,0.3237599858030764,Neutral,Neutral,-1.41331,-0.6586166666666666,-0.0652281934403413,Neutral,Neutral,14.527,6.751,16.345,9.355,,,0.933,"cBioPortal,COSMIC,somatic_muts,clinvar",,False,14.527,,,,neutral,neutral,neutral,,False,16.345,,,,neutral,neutral,neutral,100814,Conflicting interpretations of pathogenicity,1,-0.4041,0.0888,-22.239,loss_of_function,-5.82925530448756,0.9763,pathogenic,10.1101/2022.10.22.513328; 37085483
R196P,3.5289,3.033443333333333,4.735555692409329,Destabilizing,Destabilizing,3.65912,3.566893333333333,5.451497498068832,Destabilizing,Destabilizing,14.527,6.751,16.345,9.355,,,0.941,"cBioPortal,COSMIC,germline_muts,somatic_muts,clinvar",,False,14.527,,,,neutral,neutral,neutral,,False,16.345,,,,neutral,neutral,neutral,231165,Conflicting interpretations of pathogenicity,1,-0.5438,0.0888,-22.239,loss_of_function,-7.80629060075436,0.9985,pathogenic,10.1101/2022.10.22.513328; 37085483
R196Q,0.00979,0.3202933333333333,1.6171845144509247,Neutral,Neutral,-0.14431,0.8901333333333333,1.5835691516455006,Neutral,Neutral,14.527,6.751,16.345,9.355,,3.9763961127e-06,0.888,"cBioPortal,COSMIC,germline_muts,somatic_muts,clinvar",,False,14.527,,,,neutral,neutral,neutral,,False,16.345,,,,neutral,neutral,neutral,216467,Uncertain significance,2,-0.2984,0.0888,-6.9513,loss_of_function,-4.08074164295966,0.8076,pathogenic,10.1101/2022.10.22.513328; 37085483
V197A,3.29051,2.854083333333333,2.874869571122653,Uncertain,Uncertain,-0.61782,2.3849199999999997,1.601997075980121,Uncertain,Neutral,6.965,2.204,1.025,1.123,,,0.823,"COSMIC,somatic_muts",,False,6.965,,,,neutral,neutral,neutral,,False,1.025,,,,neutral,neutral,neutral,,,,-0.3211,0.325,-22.2419,loss_of_function,-3.5206512021933,0.7733,pathogenic,10.1101/2022.10.22.513328; 37085483
V197E,4.41414,3.6272133333333336,4.432458535734084,Destabilizing,Destabilizing,3.51462,4.840703333333333,2.654149674274439,Destabilizing,Uncertain,6.965,2.204,1.025,1.123,,,0.897,"cBioPortal,COSMIC,germline_muts,somatic_muts,clinvar",,False,6.965,,,,neutral,neutral,neutral,,False,1.025,,,,neutral,neutral,neutral,634757,Uncertain significance,2,-0.445,0.325,-22.2419,loss_of_function,-6.8456697360114,0.9891,pathogenic,10.1101/2022.10.22.513328; 37085483
V197G,4.8937,5.35578,4.9494276464723015,Destabilizing,Destabilizing,0.08738,4.901813333333334,3.6649477248012556,Uncertain,Uncertain,6.965,2.204,1.025,1.123,,,0.914,"cBioPortal,COSMIC,somatic_muts,clinvar",,False,6.965,,,,neutral,neutral,neutral,,False,1.025,,,,neutral,neutral,neutral,826051,Uncertain significance,2,-0.4469,0.325,-22.2419,loss_of_function,-6.75265058190232,0.9,pathogenic,10.1101/2022.10.22.513328; 37085483
V197L,1.19491,2.1028366666666667,1.725168219326972,Uncertain,Neutral,-0.01222,2.0171200000000002,-0.13145293827121077,Uncertain,Neutral,6.965,2.204,1.025,1.123,,,0.730,"cBioPortal,COSMIC,germline_muts,somatic_muts,clinvar",,False,6.965,,,,neutral,neutral,neutral,,False,1.025,,,,neutral,neutral,neutral,"480766, 216468","Uncertain significance, Uncertain significance","1, 2",-0.2488,0.325,-7.9541,loss_of_function,-2.53947494754032,0.9179,pathogenic,10.1101/2022.10.22.513328; 37085483
V197M,1.70043,2.3290266666666666,2.5468492858536744,Uncertain,Uncertain,-0.29481,2.7541966666666666,0.4713087163655689,Uncertain,Neutral,6.965,2.204,1.025,1.123,,0.0,0.758,"cBioPortal,COSMIC,germline_muts,somatic_muts,clinvar",,False,6.965,,,,neutral,neutral,neutral,,False,1.025,,,,neutral,neutral,neutral,188060,Uncertain significance,2,-0.2468,0.325,-5.7843,loss_of_function,-2.05747489701612,0.8149,pathogenic,10.1101/2022.10.22.513328; 37085483
V197R,6.84056,4.41304,4.568114749092049,Destabilizing,Destabilizing,6.22022,8.498416666666666,2.031157321192714,Destabilizing,Uncertain,6.965,2.204,1.025,1.123,,,,COSMIC,,False,6.965,,,,neutral,neutral,neutral,,False,1.025,,,,neutral,neutral,neutral,,,,-0.5049,0.325,-22.2419,loss_of_function,-7.33996685341231,0.9904,pathogenic,10.1101/2022.10.22.513328; 37085483
E198D,0.29176,0.29796,0.27754026292071493,Neutral,Neutral,-0.03877,0.08957,0.34372660000711613,Neutral,Neutral,51.209,6.281,48.68,9.83,,,0.824,"cBioPortal,somatic_muts",,False,51.209,,,,neutral,neutral,neutral,,False,48.68,,,,neutral,neutral,neutral,,,,-0.2801,0.0678,-22.2419,loss_of_function,-2.9993919025193,0.9126,pathogenic,10.1101/2022.10.22.513328; 37085483
E198G,1.36516,1.2794766666666666,1.0259817064273482,Neutral,Neutral,-0.23217,1.2047633333333334,1.1427540863902388,Neutral,Neutral,51.209,6.281,48.68,9.83,,,0.915,"cBioPortal,COSMIC,somatic_muts,clinvar",,False,51.209,,,,neutral,neutral,neutral,,False,48.68,,,,neutral,neutral,neutral,1750606,Uncertain significance,2,-0.2622,0.0678,-6.9542,loss_of_function,-3.91981923473022,0.8918,pathogenic,10.1101/2022.10.22.513328; 37085483
E198K,0.16803,0.16961666666666667,0.26941474821297234,Neutral,Neutral,-0.03094,0.15272000000000002,0.3079615821564532,Neutral,Neutral,51.209,6.281,48.68,9.83,,,0.910,"cBioPortal,COSMIC,somatic_muts",,False,51.209,,,,neutral,neutral,neutral,,False,48.68,,,,neutral,neutral,neutral,,,,-0.3364,0.0678,-22.2419,loss_of_function,-6.67699439893473,0.9619,pathogenic,10.1101/2022.10.22.513328; 37085483
E198Q,0.15495,-0.1017,0.28343782046174454,Neutral,Neutral,-0.08926,-0.38787,0.22301417338513838,Neutral,Neutral,51.209,6.281,48.68,9.83,,,0.889,"COSMIC,somatic_muts",,False,51.209,,,,neutral,neutral,neutral,,False,48.68,,,,neutral,neutral,neutral,,,,-0.2869,0.0678,-22.2419,loss_of_function,-3.67879250789538,0.8704,pathogenic,10.1101/2022.10.22.513328; 37085483
E198V,1.09761,0.07879666666666663,-0.0249412234971996,Neutral,Neutral,0.59747,-0.5312933333333333,0.05033006832366049,Neutral,Neutral,51.209,6.281,48.68,9.83,,,0.926,COSMIC,,False,51.209,,,,neutral,neutral,neutral,,False,48.68,,,,neutral,neutral,neutral,,,,-0.3277,0.0678,-22.2419,loss_of_function,-6.1303990407713,0.9698,pathogenic,10.1101/2022.10.22.513328; 37085483
G199A,3.1295,1.03118,1.5994141749259807,Uncertain,Uncertain,1.69042,1.4677999999999998,1.6144013845125504,Neutral,Neutral,88.939,8.199,109.395,14.62,,,0.888,"COSMIC,somatic_muts",,False,88.939,,,,neutral,neutral,neutral,,False,109.395,,,,neutral,neutral,neutral,,,,-0.2948,0.1416,-7.3721,loss_of_function,-4.80334672416214,0.7779,pathogenic,10.1101/2022.10.22.513328; 37085483
G199E,3.42398,0.9746033333333334,1.3265769916509835,Uncertain,Uncertain,2.11956,1.0077066666666665,1.4255689366099895,Uncertain,Uncertain,88.939,8.199,109.395,14.62,,,0.880,"cBioPortal,COSMIC,somatic_muts,clinvar",,False,88.939,,,,neutral,neutral,neutral,,False,109.395,,,,neutral,neutral,neutral,582257,Uncertain significance,2,-0.3522,0.1416,-6.9571,loss_of_function,-3.96135340166989,0.9647,pathogenic,10.1101/2022.10.22.513328; 37085483
G199I,4.51608,4.058166666666667,2.497306855596833,Destabilizing,Uncertain,3.49076,4.5526100000000005,2.7656725700116596,Destabilizing,Uncertain,88.939,8.199,109.395,14.62,,,,cBioPortal,,False,88.939,,,,neutral,neutral,neutral,,False,109.395,,,,neutral,neutral,neutral,,,,-0.5142,0.1416,-22.2448,loss_of_function,-7.38569882570294,0.9905,pathogenic,10.1101/2022.10.22.513328; 37085483
G199K,2.85265,0.5980733333333333,0.9723591606823021,Uncertain,Uncertain,1.75774,0.23582999999999998,1.0234815402049746,Neutral,Neutral,88.939,8.199,109.395,14.62,,,,somatic_muts,,False,88.939,,,,neutral,neutral,neutral,,False,109.395,,,,neutral,neutral,neutral,,,,-0.4632,0.1416,-22.2448,loss_of_function,-7.64307823678845,0.9923,pathogenic,10.1101/2022.10.22.513328
G199R,3.17836,1.1175733333333333,0.8497832248324378,Uncertain,Uncertain,1.81256,0.9055566666666667,0.8925862955192759,Neutral,Neutral,88.939,8.199,109.395,14.62,,,0.883,"COSMIC,somatic_muts,clinvar",,False,88.939,,,,neutral,neutral,neutral,,False,109.395,,,,neutral,neutral,neutral,1015039,Uncertain significance,1,-0.3794,0.1416,-8.957,loss_of_function,-7.64307823678845,0.9824,pathogenic,10.1101/2022.10.22.513328; 37085483
G199T,4.54587,1.10839,2.211251964068602,Uncertain,Uncertain,2.92646,1.8280066666666668,2.335709314762776,Uncertain,Uncertain,88.939,8.199,109.395,14.62,,,,COSMIC,,False,88.939,,,,neutral,neutral,neutral,,False,109.395,,,,neutral,neutral,neutral,,,,-0.4535,0.1416,-22.2448,loss_of_function,-6.8709400035319,0.9385,pathogenic,10.1101/2022.10.22.513328; 37085483
G199V,4.77329,4.115646666666667,2.3371410468229796,Destabilizing,Uncertain,3.22483,4.8086166666666665,2.5410559790364533,Destabilizing,Uncertain,88.939,8.199,109.395,14.62,,,0.899,"cBioPortal,COSMIC,germline_muts,somatic_muts,clinvar",,False,88.939,,,,neutral,neutral,neutral,,False,109.395,,,,neutral,neutral,neutral,451799,Likely pathogenic,1,-0.4574,0.1416,-22.2448,loss_of_function,-7.38569882570294,0.9687,pathogenic,10.1101/2022.10.22.513328; 37085483
N200D,0.53786,-0.7545333333333334,1.0512005713364505,Neutral,Neutral,-0.12573,0.5657633333333334,1.7211505896668235,Neutral,Neutral,29.988,7.62,33.855,26.157,,,0.840,"COSMIC,somatic_muts,clinvar",,False,29.988,,,,neutral,neutral,neutral,,False,33.855,,,,neutral,neutral,neutral,1061739,Uncertain significance,1,-0.275,0.6214,-22.2448,loss_of_function,-3.29350549214925,0.7248,pathogenic,10.1101/2022.10.22.513328; 37085483
N200H,-0.17016,0.4426333333333334,0.1021533423938355,Neutral,Neutral,3.93677,2.0273233333333334,0.8022666173706122,Uncertain,Uncertain,29.988,7.62,33.855,26.157,,,,clinvar,,False,29.988,,,,neutral,neutral,neutral,,False,33.855,,,,neutral,neutral,neutral,2006345,Uncertain significance,1,-0.2767,0.6214,-22.2448,loss_of_function,-4.73925841340621,0.5591,ambiguous,10.1101/2022.10.22.513328
N200I,-0.94548,-0.24433333333333337,-0.14937874371953777,Neutral,Neutral,0.94288,-0.027889999999999988,0.3297749692013276,Neutral,Neutral,29.988,7.62,33.855,26.157,,,0.792,COSMIC,,False,29.988,,,,neutral,neutral,neutral,,False,33.855,,,,neutral,neutral,neutral,,,,-0.2461,0.6214,-7.3721,loss_of_function,-3.88280033074422,0.8104,pathogenic,10.1101/2022.10.22.513328; 37085483
N200K,-0.75236,1.31349,1.1289419282301052,Neutral,Neutral,0.2835,2.144556666666667,1.9409660469929972,Uncertain,Neutral,29.988,7.62,33.855,26.157,,,,somatic_muts,,False,29.988,,,,neutral,neutral,neutral,,False,33.855,,,,neutral,neutral,neutral,,,,-0.275,0.6214,-22.2448,loss_of_function,-4.36009452915514,0.9759,pathogenic,10.1101/2022.10.22.513328
N200S,0.66723,1.79898,1.2760812792068212,Neutral,Neutral,-1.06572,0.38299,1.2764396127984678,Neutral,Neutral,29.988,7.62,33.855,26.157,,,0.678,"COSMIC,somatic_muts,clinvar",,False,29.988,,,,neutral,neutral,neutral,,False,33.855,,,,neutral,neutral,neutral,924379,Uncertain significance,1,-0.1458,0.6214,-3.4653,loss_of_function,-2.69652319272738,0.2322,benign,10.1101/2022.10.22.513328; 37085483
N200T,0.052,1.4716566666666668,0.9240371733705479,Neutral,Neutral,-0.11032,-0.8028333333333334,0.9799996871790814,Neutral,Neutral,29.988,7.62,33.855,26.157,,,0.768,"COSMIC,somatic_muts",,False,29.988,,,,neutral,neutral,neutral,,False,33.855,,,,neutral,neutral,neutral,,,,-0.2153,0.6214,-7.3721,loss_of_function,-2.68225003822747,0.6728,pathogenic,10.1101/2022.10.22.513328; 37085483
N200Y,-1.20146,-0.7140599999999999,-0.20019134395602708,Neutral,Neutral,4.28151,2.49263,0.7830115953121668,Uncertain,Uncertain,29.988,7.62,33.855,26.157,,,0.900,"cBioPortal,COSMIC,clinvar",,False,29.988,,,,neutral,neutral,neutral,,False,33.855,,,,neutral,neutral,neutral,2450739,Uncertain significance,1,-0.3125,0.6214,-22.2448,loss_of_function,-5.66554857065075,0.7838,pathogenic,10.1101/2022.10.22.513328; 37085483
L201F,0.04449,-0.017686666666666667,0.3222806074904235,Neutral,Neutral,1.64017,-0.1286866666666667,0.6802754884190122,Neutral,Neutral,90.144,8.32,30.64,19.656,,,0.446,"COSMIC,somatic_muts",,False,90.144,,,,neutral,neutral,neutral,,False,30.64,,,,neutral,neutral,neutral,,,,-0.0704,2.2788,-7.957,loss_of_function,-3.07549202194472,0.1485,benign,10.1101/2022.10.22.513328; 37085483
L201M,0.46076,0.26496666666666663,0.4677822330544363,Neutral,Neutral,0.03369,0.3098633333333333,0.7985444070092114,Neutral,Neutral,90.144,8.32,30.64,19.656,,,,clinvar,,False,90.144,,,,neutral,neutral,neutral,,False,30.64,,,,neutral,neutral,neutral,1751128,Uncertain significance,1,-0.0314,2.2788,-7.3721,loss_of_function,-0.566286831019014,0.0943,benign,10.1101/2022.10.22.513328
L201P,0.16526,0.2227866666666667,1.7508036684363992,Neutral,Neutral,0.84824,4.090703333333333,5.644205509204215,Uncertain,Uncertain,90.144,8.32,30.64,19.656,,,,COSMIC,,False,90.144,,,,neutral,neutral,neutral,,False,30.64,,,,neutral,neutral,neutral,,,,-0.2038,2.2788,-4.7092,loss_of_function,-0.722144173015352,0.0876,benign,10.1101/2022.10.22.513328; 37085483
L201S,0.23622,0.05634999999999999,0.6708262597101653,Neutral,Neutral,0.75264,1.03957,1.9903446939467848,Neutral,Neutral,90.144,8.32,30.64,19.656,,,0.505,COSMIC,,False,90.144,,,,neutral,neutral,neutral,,False,30.64,,,,neutral,neutral,neutral,,,,-0.1331,2.2788,-1.2567,loss_of_function,-0.196241491882778,0.1323,benign,10.1101/2022.10.22.513328; 37085483
L201V,0.32741,0.44671,0.6176118526023759,Neutral,Neutral,1.46109,0.9017,1.0347570950675051,Neutral,Neutral,90.144,8.32,30.64,19.656,,,0.447,COSMIC,,False,90.144,,,,neutral,neutral,neutral,,False,30.64,,,,neutral,neutral,neutral,,,,-0.0524,2.2788,-8.957,loss_of_function,-2.17201643401262,0.0939,benign,10.1101/2022.10.22.513328; 37085483
R202C,0.53035,1.32256,1.0900457129011691,Neutral,Neutral,0.45307,-0.35124666666666665,1.1667989326283486,Neutral,Neutral,63.602,10.82,91.355,6.491,3.18654005481e-05,2.78352155241e-05,0.498,"cBioPortal,COSMIC,germline_muts,somatic_muts,clinvar",,False,63.602,,,,neutral,neutral,neutral,,False,91.355,,,,neutral,neutral,neutral,127818,Conflicting interpretations of pathogenicity,1,-0.1532,2.0378,-6.9571,loss_of_function,-2.09111881832108,0.116,benign,10.1101/2022.10.22.513328; 37085483
R202G,0.68957,0.8121333333333333,1.1269511701832162,Neutral,Neutral,0.40963,0.8834466666666666,1.349381659738726,Neutral,Neutral,63.602,10.82,91.355,6.491,,,0.483,"COSMIC,somatic_muts,clinvar",,False,63.602,,,,neutral,neutral,neutral,,False,91.355,,,,neutral,neutral,neutral,231661,Conflicting interpretations of pathogenicity,1,-0.19,2.0378,-8.957,loss_of_function,-1.3870717050981,0.1515,benign,10.1101/2022.10.22.513328; 37085483
R202H,0.52049,0.09138333333333333,0.2045221848816462,Neutral,Neutral,0.35525,0.01973,0.13554871251729658,Neutral,Neutral,63.602,10.82,91.355,6.491,,,0.528,"COSMIC,somatic_muts,clinvar",,False,63.602,,,,neutral,neutral,neutral,,False,91.355,,,,neutral,neutral,neutral,135358,Conflicting interpretations of pathogenicity,1,-0.0842,2.0378,-1.0929,loss_of_function,0.19866576258103,0.0714,benign,10.1101/2022.10.22.513328; 37085483
R202L,-0.0381,0.07573666666666666,0.006164215950515801,Neutral,Neutral,0.04854,0.23458,-0.08334432175394833,Neutral,Neutral,63.602,10.82,91.355,6.491,,,0.530,"COSMIC,somatic_muts,clinvar",,False,63.602,,,,neutral,neutral,neutral,,False,91.355,,,,neutral,neutral,neutral,182932,Uncertain significance,2,-0.124,2.0378,-2.4814,loss_of_function,-1.16836799688307,0.1554,benign,10.1101/2022.10.22.513328; 37085483
R202P,0.92438,2.1060133333333333,2.7934219998277663,Uncertain,Uncertain,-0.08075,1.2994333333333332,2.035202558222917,Neutral,Uncertain,63.602,10.82,91.355,6.491,,,0.528,"cBioPortal,COSMIC,somatic_muts,clinvar",,False,63.602,,,,neutral,neutral,neutral,,False,91.355,,,,neutral,neutral,neutral,826165,Uncertain significance,1,-0.3645,2.0378,-22.2448,loss_of_function,-3.66857640737189,0.5449,ambiguous,10.1101/2022.10.22.513328; 37085483
R202S,0.54931,0.047393333333333336,0.5779745969468734,Neutral,Neutral,0.20758,-0.09161333333333332,0.6679741942368461,Neutral,Neutral,63.602,10.82,91.355,6.491,,,0.486,"COSMIC,somatic_muts",,False,63.602,,,,neutral,neutral,neutral,,False,91.355,,,,neutral,neutral,neutral,,,,-0.2229,2.0378,-22.2448,loss_of_function,-2.81419087979135,0.28,benign,10.1101/2022.10.22.513328; 37085483
V203A,1.91255,2.1316333333333333,2.264697260150801,Uncertain,Uncertain,-1.32143,1.4166666666666667,1.3209745037302472,Neutral,Neutral,18.112,9.596,14.8,8.787,,,0.526,"COSMIC,somatic_muts",,False,18.112,,,,neutral,neutral,neutral,,False,14.8,,,,neutral,neutral,neutral,,,,-0.1354,1.1312,-0.3873,loss_of_function,0.605143927663759,0.1,benign,10.1101/2022.10.22.513328; 37085483
V203E,4.0748,6.129706666666666,3.1590482601844267,Destabilizing,Destabilizing,0.14298,5.27245,2.208163569245469,Uncertain,Uncertain,18.112,9.596,14.8,8.787,,,0.630,"cBioPortal,COSMIC,somatic_muts,clinvar",,False,18.112,,,,neutral,neutral,neutral,,False,14.8,,,,neutral,neutral,neutral,644883,Uncertain significance,1,-0.3708,1.1312,-22.2448,loss_of_function,-4.648604673011,0.8955,pathogenic,10.1101/2022.10.22.513328; 37085483
V203L,1.56113,4.2015899999999995,1.1113345828180334,Uncertain,Neutral,0.27782,3.6444466666666666,0.36317794753913096,Uncertain,Neutral,18.112,9.596,14.8,8.787,,,0.506,"cBioPortal,COSMIC,somatic_muts,clinvar",,False,18.112,,,,neutral,neutral,neutral,,False,14.8,,,,neutral,neutral,neutral,"482235, 482218","Uncertain significance, Uncertain significance","2, 2",-0.1746,1.1312,-7.957,loss_of_function,-1.57779146542502,0.7401,pathogenic,10.1101/2022.10.22.513328; 37085483
V203M,1.96498,4.190593333333333,1.7687344813501358,Uncertain,Neutral,-0.78083,2.0337866666666664,0.6689778486054311,Uncertain,Neutral,18.112,9.596,14.8,8.787,,,0.519,"cBioPortal,COSMIC,somatic_muts,clinvar",,False,18.112,,,,neutral,neutral,neutral,,False,14.8,,,,neutral,neutral,neutral,182933,Uncertain significance,3,-0.2566,1.1312,-22.2448,loss_of_function,-3.60071629476165,0.5787,pathogenic,10.1101/2022.10.22.513328; 37085483
E204A,0.49052,0.59637,0.17011283946871547,Neutral,Neutral,0.16367,0.17857333333333336,0.5068462324532016,Neutral,Neutral,53.3,7.785,60.365,12.395,,,0.600,"COSMIC,somatic_muts",,False,53.3,,,,neutral,neutral,neutral,,False,60.365,,,,neutral,neutral,neutral,,,,-0.1018,1.6413,-8.9541,loss_of_function,-4.38455113914571,0.2159,benign,10.1101/2022.10.22.513328; 37085483
E204D,0.37811,0.8299333333333333,0.3467013128277279,Neutral,Neutral,0.39486,0.21689666666666665,0.6186415225840579,Neutral,Neutral,53.3,7.785,60.365,12.395,,,0.494,"cBioPortal,COSMIC",,False,53.3,,,,neutral,neutral,neutral,,False,60.365,,,,neutral,neutral,neutral,,,,-0.0544,1.6413,-6.3692,loss_of_function,-1.70479957730539,0.1919,benign,10.1101/2022.10.22.513328; 37085483
E204G,1.21938,1.7572566666666667,0.9793333696034647,Neutral,Neutral,0.53062,1.0060066666666667,1.3841081577435084,Neutral,Neutral,53.3,7.785,60.365,12.395,3.18796225453e-05,,0.604,"cBioPortal,COSMIC,somatic_muts,clinvar",,False,53.3,,,,neutral,neutral,neutral,,False,60.365,,,,neutral,neutral,neutral,949463,Uncertain significance,1,-0.1954,1.6413,-22.2419,loss_of_function,-5.25170119144998,0.394,ambiguous,10.1101/2022.10.22.513328; 37085483
E204K,-0.3433,0.5551,0.013192668818107175,Neutral,Neutral,-0.34542,0.02199666666666668,0.37581050332137284,Neutral,Neutral,53.3,7.785,60.365,12.395,,,0.624,"COSMIC,somatic_muts",,False,53.3,,,,neutral,neutral,neutral,,False,60.365,,,,neutral,neutral,neutral,,,,-0.1062,1.6413,-5.4948,loss_of_function,-1.35436664368131,0.2764,benign,10.1101/2022.10.22.513328; 37085483
E204Q,-0.09106,-0.06859333333333333,0.10872076116409683,Neutral,Neutral,-0.15512,0.02052333333333335,0.4457334889894675,Neutral,Neutral,53.3,7.785,60.365,12.395,,,0.458,"cBioPortal,COSMIC",,False,53.3,,,,neutral,neutral,neutral,,False,60.365,,,,neutral,neutral,neutral,,,,-0.0314,1.6413,-0.5363,loss_of_function,-0.625135789158261,0.1258,benign,10.1101/2022.10.22.513328; 37085483
E204V,-0.17844,-0.17573666666666665,-0.35417703026744646,Neutral,Neutral,-0.02319,-0.31870666666666664,-0.0942916378334459,Neutral,Neutral,53.3,7.785,60.365,12.395,,,0.588,"COSMIC,somatic_muts,clinvar",,False,53.3,,,,neutral,neutral,neutral,,False,60.365,,,,neutral,neutral,neutral,1751713,Uncertain significance,1,-0.1007,1.6413,-6.1468,loss_of_function,-2.67756988432955,0.3037,benign,10.1101/2022.10.22.513328; 37085483
Y205C,3.52137,4.987753333333333,4.451186328308976,Destabilizing,Destabilizing,-2.4977,1.0596366666666668,2.8925260935561563,Uncertain,Uncertain,15.299,3.254,26.74,21.152,,,0.873,"cBioPortal,COSMIC,germline_muts,somatic_muts,clinvar",,True,15.299,,,,uncertain,,,,True,26.74,,,,uncertain,,,376681,Pathogenic,2,-0.4159,0.0744,-22.239,loss_of_function,-7.97634045107894,0.9974,pathogenic,10.1101/2022.10.22.513328; 37085483
Y205D,4.86149,5.65238,5.194505296872884,Destabilizing,Destabilizing,0.01462,2.5936533333333336,3.7465765455572915,Uncertain,Uncertain,15.299,3.254,26.74,21.152,,,0.925,"cBioPortal,COSMIC,germline_muts,somatic_muts,clinvar",,True,15.299,,,,uncertain,,,,True,26.74,,,,uncertain,,,376686,Conflicting interpretations of pathogenicity,1,-0.4594,0.0744,-22.239,loss_of_function,-7.97634045107894,0.9971,pathogenic,10.1101/2022.10.22.513328; 37085483
Y205F,0.06297,0.7918366666666667,0.07553107930468923,Neutral,Neutral,-0.42058,-0.06677666666666666,0.6997356160410005,Neutral,Neutral,15.299,3.254,26.74,21.152,,,0.823,"cBioPortal,COSMIC,somatic_muts,clinvar",,True,15.299,,,,uncertain,,,,True,26.74,,,,uncertain,,,376682,Likely pathogenic,0,-0.2827,0.0744,-22.239,loss_of_function,-3.70658794075006,0.787,pathogenic,10.1101/2022.10.22.513328; 37085483
Y205H,2.96545,3.3385466666666663,2.5526860449374005,Uncertain,Uncertain,0.37987,2.03186,1.9988266882601626,Uncertain,Neutral,15.299,3.254,26.74,21.152,,0.0,0.900,"cBioPortal,COSMIC,somatic_muts,clinvar",,True,15.299,,,,uncertain,,,,True,26.74,,,,uncertain,,,376685,Conflicting interpretations of pathogenicity,1,-0.2851,0.0744,-8.9511,loss_of_function,-2.98739685309101,0.9986,pathogenic,10.1101/2022.10.22.513328; 37085483
Y205N,3.94258,4.473696666666666,4.089893328785359,Destabilizing,Destabilizing,-1.49027,1.7360533333333332,2.8285107516062715,Neutral,Uncertain,15.299,3.254,26.74,21.152,,,0.897,"cBioPortal,COSMIC,somatic_muts,clinvar",,True,15.299,,,,uncertain,,,,True,26.74,,,,uncertain,,,376684,Uncertain significance,2,-0.4384,0.0744,-22.239,loss_of_function,-7.97634045107894,0.9856,pathogenic,10.1101/2022.10.22.513328; 37085483
Y205S,4.91887,5.839569999999999,5.094093998942797,Destabilizing,Destabilizing,-2.03817,1.3586166666666666,3.32189060065109,Uncertain,Uncertain,15.299,3.254,26.74,21.152,,,0.852,"cBioPortal,COSMIC,somatic_muts,clinvar",,True,15.299,,,,uncertain,,,,True,26.74,,,,uncertain,,,376683,Likely pathogenic,0,-0.4499,0.0744,-22.239,loss_of_function,-7.97634045107894,0.9955,pathogenic,10.1101/2022.10.22.513328; 37085483
L206F,0.73737,0.38560333333333335,0.7999716729001006,Neutral,Neutral,0.50376,-0.29512333333333335,0.3349689383759378,Neutral,Neutral,38.165,7.993,46.07,14.755,,,0.421,"COSMIC,somatic_muts",,True,38.165,,,,neutral,neutral,neutral,,True,46.07,,,,neutral,neutral,neutral,,,,-0.0544,2.226,-3.8667,loss_of_function,-0.991137868643407,0.1276,benign,10.1101/2022.10.22.513328; 37085483
L206S,1.3602,1.756916666666667,2.341945825838384,Neutral,Uncertain,-0.00521,0.8585033333333333,1.5468533212568358,Neutral,Neutral,38.165,7.993,46.07,14.755,,,,clinvar,,True,38.165,,,,neutral,neutral,neutral,,True,46.07,,,,neutral,neutral,neutral,439319,Conflicting interpretations of pathogenicity,1,-0.162,2.226,-5.9542,loss_of_function,-0.883449963984159,0.1231,benign,10.1101/2022.10.22.513328; 37085483
D207A,0.2925,0.3324233333333333,0.7901806832060659,Neutral,Neutral,-0.06239,0.8803866666666665,1.6097873312727327,Neutral,Neutral,51.844,12.718,30.5,18.244,,,0.518,"COSMIC,somatic_muts",,True,51.844,,,,neutral,neutral,neutral,,True,30.5,,,,neutral,neutral,neutral,,,,-0.159,1.3244,-8.9541,loss_of_function,-4.79992424352891,0.4022,ambiguous,10.1101/2022.10.22.513328; 37085483
D207E,0.11447,-0.08854999999999998,0.44159977229430386,Neutral,Neutral,-0.30017,-0.7879833333333334,1.5215029574443877,Neutral,Neutral,51.844,12.718,30.5,18.244,,,0.435,"COSMIC,somatic_muts",,True,51.844,,,,neutral,neutral,neutral,,True,30.5,,,,neutral,neutral,neutral,,,,-0.0618,1.3244,-0.7015,loss_of_function,-0.414044459748668,0.2799,benign,10.1101/2022.10.22.513328; 37085483
D207G,0.6188,1.0362799999999999,1.3068090040607467,Neutral,Neutral,0.81478,2.8387766666666665,2.9484759945110355,Uncertain,Uncertain,51.844,12.718,30.5,18.244,,,0.616,"COSMIC,germline_muts,somatic_muts",,True,51.844,,,,neutral,neutral,neutral,,True,30.5,,,,neutral,neutral,neutral,,,,-0.238,1.3244,-22.2419,loss_of_function,-4.83904568381669,0.5033,ambiguous,10.1101/2022.10.22.513328; 37085483
D207H,0.62101,0.5092966666666667,0.2511127438287268,Neutral,Neutral,0.88502,0.03140666666666666,0.9525502954510903,Neutral,Neutral,51.844,12.718,30.5,18.244,,,,clinvar,,True,51.844,,,,neutral,neutral,neutral,,True,30.5,,,,neutral,neutral,neutral,919639,Uncertain significance,1,-0.1684,1.3244,-8.9541,loss_of_function,-3.10747195468716,0.6425,pathogenic,10.1101/2022.10.22.513328; 37085483
D207N,0.39381,0.07947999999999998,0.513961597963318,Neutral,Neutral,-0.02042,0.38956999999999997,1.4024864742870287,Neutral,Neutral,51.844,12.718,30.5,18.244,,,0.406,cBioPortal,,True,51.844,,,,neutral,neutral,neutral,,True,30.5,,,,neutral,neutral,neutral,,,,-0.1206,1.3244,-7.9541,loss_of_function,-0.904858873091193,0.267,benign,10.1101/2022.10.22.513328; 37085483
D207Y,0.18976,0.0803866666666666,0.2643094298619431,Neutral,Neutral,0.46431,-0.4565766666666667,0.706510912168287,Neutral,Neutral,51.844,12.718,30.5,18.244,,,0.606,"COSMIC,somatic_muts",,True,51.844,,,,neutral,neutral,neutral,,True,30.5,,,,neutral,neutral,neutral,,,,-0.2718,1.3244,-22.2419,loss_of_function,-4.88084400394254,0.5888,pathogenic,10.1101/2022.10.22.513328; 37085483
D208E,1.24412,3.0537433333333333,0.941656775340534,Uncertain,Neutral,0.29692,2.2501166666666665,0.8777292213929115,Uncertain,Neutral,25.741,10.988,46.535,14.247,,,0.767,"cBioPortal,COSMIC,somatic_muts",,True,25.741,,,,neutral,neutral,neutral,,True,46.535,,,,neutral,neutral,neutral,,,,-0.2752,0.2005,-22.2419,loss_of_function,-3.87557754153043,0.9192,pathogenic,10.1101/2022.10.22.513328; 37085483
D208G,2.40448,5.272336666666667,1.6623611997478411,Uncertain,Uncertain,1.13392,4.2199566666666675,2.0252199216552462,Uncertain,Uncertain,25.741,10.988,46.535,14.247,,,0.944,"cBioPortal,COSMIC,somatic_muts,clinvar",,True,25.741,,,,neutral,neutral,neutral,,True,46.535,,,,neutral,neutral,neutral,584922,Uncertain significance,2,-0.2736,0.2005,-8.9541,loss_of_function,-6.23147236261918,0.9278,pathogenic,10.1101/2022.10.22.513328; 37085483
D208H,2.75095,3.10272,0.502241484697981,Uncertain,Uncertain,1.46111,2.4967133333333336,0.3914176274596513,Uncertain,Neutral,25.741,10.988,46.535,14.247,,,0.930,"COSMIC,clinvar",,True,25.741,,,,neutral,neutral,neutral,,True,46.535,,,,neutral,neutral,neutral,826261,Uncertain significance,2,-0.2667,0.2005,-7.9541,loss_of_function,-5.09335841444029,0.9284,pathogenic,10.1101/2022.10.22.513328; 37085483
D208I,3.29104,2.88265,0.8715305032873095,Uncertain,Uncertain,0.8419,1.9051,0.8593012747618284,Neutral,Neutral,25.741,10.988,46.535,14.247,,,,"COSMIC,somatic_muts",,True,25.741,,,,neutral,neutral,neutral,,True,46.535,,,,neutral,neutral,neutral,,,,-0.4226,0.2005,-22.2419,loss_of_function,-7.03768940174965,0.9852,pathogenic,10.1101/2022.10.22.513328; 37085483
D208N,1.82646,1.9861666666666669,0.2763344520147974,Neutral,Neutral,1.01081,1.4824233333333332,0.3279504851858798,Neutral,Neutral,25.741,10.988,46.535,14.247,,,0.760,"cBioPortal,COSMIC,somatic_muts,clinvar",,True,25.741,,,,neutral,neutral,neutral,,True,46.535,,,,neutral,neutral,neutral,1752332,Likely benign,1,-0.2189,0.2005,-6.9542,loss_of_function,-2.30040921412221,0.5927,pathogenic,10.1101/2022.10.22.513328; 37085483
D208V,2.91715,2.51009,0.7825354814123112,Uncertain,Uncertain,1.09136,2.020976666666667,0.8639179691275171,Uncertain,Neutral,25.741,10.988,46.535,14.247,,,0.950,"cBioPortal,COSMIC,somatic_muts,clinvar",,True,25.741,,,,neutral,neutral,neutral,,True,46.535,,,,neutral,neutral,neutral,1036023,Uncertain significance,2,-0.3773,0.2005,-22.2419,loss_of_function,-6.045583408159,0.9529,pathogenic,10.1101/2022.10.22.513328; 37085483
D208Y,2.29282,4.259863333333333,0.8461616225632594,Uncertain,Uncertain,1.0176,1.6475066666666667,0.5798242331285729,Neutral,Neutral,25.741,10.988,46.535,14.247,,,0.943,"COSMIC,somatic_muts,clinvar",,True,25.741,,,,neutral,neutral,neutral,,True,46.535,,,,neutral,neutral,neutral,1350980,Conflicting interpretations of pathogenicity,1,-0.3752,0.2005,-22.2419,loss_of_function,-7.0826306968347,0.948,pathogenic,10.1101/2022.10.22.513328; 37085483
R209G,0.42445,0.4955766666666667,1.0128089370064617,Neutral,Neutral,0.35023,0.9721066666666666,1.0458691323017137,Neutral,Neutral,76.587,15.722,87.815,9.065,,,0.635,"COSMIC,clinvar",,True,76.587,,,,neutral,neutral,neutral,,True,87.815,,,,neutral,neutral,neutral,627819,Conflicting interpretations of pathogenicity,1,-0.1169,2.6472,-5.6323,loss_of_function,-1.39133951331861,0.1043,benign,10.1101/2022.10.22.513328; 37085483
R209I,0.63764,-0.24093,0.3257045783079678,Neutral,Neutral,0.37002,0.6147366666666666,0.0951410505567246,Neutral,Neutral,76.587,15.722,87.815,9.065,,,0.532,"cBioPortal,COSMIC,somatic_muts",,True,76.587,,,,neutral,neutral,neutral,,True,87.815,,,,neutral,neutral,neutral,,,,-0.1198,2.6472,-7.3692,loss_of_function,-0.664010578646347,0.1491,benign,10.1101/2022.10.22.513328; 37085483
R209K,0.2069,-0.16281333333333334,0.4920040797676142,Neutral,Neutral,-0.02641,-0.25986666666666663,0.21605356343928564,Neutral,Neutral,76.587,15.722,87.815,9.065,,,0.453,"cBioPortal,COSMIC,somatic_muts,clinvar",,True,76.587,,,,neutral,neutral,neutral,,True,87.815,,,,neutral,neutral,neutral,962629,Conflicting interpretations of pathogenicity,1,0.034,2.6472,-4.4948,gain_of_function,-0.10428217322617,0.0655,benign,10.1101/2022.10.22.513328; 37085483
R209S,0.50687,-0.25067666666666666,0.5679756393246375,Neutral,Neutral,0.31749,0.29501,0.3853679969481467,Neutral,Neutral,76.587,15.722,87.815,9.065,,,0.588,"cBioPortal,COSMIC,somatic_muts,clinvar",,True,76.587,,,,neutral,neutral,neutral,,True,87.815,,,,neutral,neutral,neutral,2450746,Likely benign,1,-0.069,2.6472,-3.0716,loss_of_function,-0.306108475250913,0.1899,benign,10.1101/2022.10.22.513328; 37085483
R209T,0.70734,-0.4960333333333333,0.5580021400047508,Neutral,Neutral,0.52916,0.21689333333333338,0.2774644610116831,Neutral,Neutral,76.587,15.722,87.815,9.065,,,0.503,"cBioPortal,COSMIC,somatic_muts",,True,76.587,,,,neutral,neutral,neutral,,True,87.815,,,,neutral,neutral,neutral,,,,-0.0817,2.6472,-4.7063,loss_of_function,-0.216224260209177,0.1071,benign,10.1101/2022.10.22.513328; 37085483
N210D,0.33792,-0.25941,0.082376650978887,Neutral,Neutral,0.12608,-0.16938666666666666,-0.17446390832597727,Neutral,Neutral,76.947,14.22,112.075,8.676,,,0.300,"COSMIC,somatic_muts",,True,76.947,,,,neutral,neutral,neutral,,True,112.075,,,,neutral,neutral,neutral,,,,-0.048,2.3513,-8.957,loss_of_function,-2.49788020409364,0.1612,benign,10.1101/2022.10.22.513328; 37085483
N210H,0.25484,-0.07086333333333333,-0.20802349958987199,Neutral,Neutral,0.12517,0.16802666666666669,-0.23192920514278348,Neutral,Neutral,76.947,14.22,112.075,8.676,,,0.340,"COSMIC,somatic_muts",,True,76.947,,,,neutral,neutral,neutral,,True,112.075,,,,neutral,neutral,neutral,,,,-0.0245,2.3513,-4.0029,loss_of_function,-0.502012353773146,0.0826,benign,10.1101/2022.10.22.513328; 37085483
N210I,0.1436,-0.52812,-0.15807780082905284,Neutral,Neutral,0.44984,-0.0051,-0.024802476345724234,Neutral,Neutral,76.947,14.22,112.075,8.676,,,,somatic_muts,,True,76.947,,,,neutral,neutral,neutral,,True,112.075,,,,neutral,neutral,neutral,,,,-0.0555,2.3513,-1.2022,loss_of_function,-0.131622522302542,0.1668,benign,10.1101/2022.10.22.513328
N210K,-0.27673,-0.14297,0.00910656089065596,Neutral,Neutral,-0.22058,-0.09206333333333332,-0.12532888410728263,Neutral,Neutral,76.947,14.22,112.075,8.676,,,0.369,COSMIC,,True,76.947,,,,neutral,neutral,neutral,,True,112.075,,,,neutral,neutral,neutral,,,,-0.0429,2.3513,-7.957,loss_of_function,-2.0116031568231,0.2679,benign,10.1101/2022.10.22.513328; 37085483
N210S,0.01704,0.21303666666666665,0.31508833221550653,Neutral,Neutral,-0.06698,-0.23582666666666663,0.06163939645821364,Neutral,Neutral,76.947,14.22,112.075,8.676,,,0.262,"COSMIC,somatic_muts",,True,76.947,,,,neutral,neutral,neutral,,True,112.075,,,,neutral,neutral,neutral,,,,-0.0028,2.3513,-6.6352,loss_of_function,-1.6835745248611,0.0892,benign,10.1101/2022.10.22.513328; 37085483
N210T,-0.13568,-0.2899066666666667,0.1692000065310043,Neutral,Neutral,-0.2299,-0.27857333333333334,0.0620314071655076,Neutral,Neutral,76.947,14.22,112.075,8.676,,,0.380,"COSMIC,somatic_muts",,True,76.947,,,,neutral,neutral,neutral,,True,112.075,,,,neutral,neutral,neutral,,,,-0.0434,2.3513,-4.8696,loss_of_function,-0.692090300639771,0.0949,benign,10.1101/2022.10.22.513328; 37085483
N210Y,-0.26416,-0.57381,-0.18888817095484087,Neutral,Neutral,0.23591,0.01111,0.009833355842722344,Neutral,Neutral,76.947,14.22,112.075,8.676,,,,"germline_muts,clinvar",,True,76.947,,,,neutral,neutral,neutral,,True,112.075,,,,neutral,neutral,neutral,406588,Uncertain significance,1,-0.0855,2.3513,-8.957,loss_of_function,-2.09316774390548,0.1341,benign,10.1101/2022.10.22.513328; 37085483
T211A,0.00559,1.33356,0.3440933074599804,Neutral,Neutral,-0.64867,0.25827666666666665,0.27483131511323416,Neutral,Neutral,41.815,16.934,26.095,14.907,,,0.881,"cBioPortal,COSMIC,somatic_muts,clinvar",P,True,41.815,3.104,,,damaging,damaging,potentially_damaging,P,True,26.095,1.861,,,damaging,neutral,potentially_damaging,406581,Uncertain significance,1,-0.2295,0.2778,-8.957,loss_of_function,-3.63665144001085,0.7434,pathogenic,10.1101/2022.10.22.513328; 37085483
T211I,0.27526,1.1818600000000001,-0.12964431514202046,Neutral,Neutral,0.0779,-0.46904666666666667,-0.4157762948021177,Neutral,Neutral,41.815,16.934,26.095,14.907,,,0.944,"cBioPortal,COSMIC,somatic_muts,clinvar",P,True,41.815,3.104,,,damaging,damaging,potentially_damaging,P,True,26.095,1.861,,,damaging,neutral,potentially_damaging,1503185,Uncertain significance,1,-0.2502,0.2778,-7.957,loss_of_function,-4.64531106592155,0.974,pathogenic,10.1101/2022.10.22.513328; 37085483
T211N,0.06181,0.6613366666666666,0.23212042536360533,Neutral,Neutral,-0.49277,0.08412666666666667,0.1065991329450457,Neutral,Neutral,41.815,16.934,26.095,14.907,,,0.756,"cBioPortal,COSMIC,somatic_muts",P,True,41.815,3.104,,,damaging,damaging,potentially_damaging,P,True,26.095,1.861,,,damaging,neutral,potentially_damaging,,,,-0.28,0.2778,-7.957,loss_of_function,-3.54541722447446,0.4866,ambiguous,10.1101/2022.10.22.513328; 37085483
T211P,1.72944,6.507143333333334,4.444190184512563,Uncertain,Uncertain,1.45357,5.398413333333334,2.658519630919851,Uncertain,Uncertain,41.815,16.934,26.095,14.907,,,0.911,"cBioPortal,COSMIC,somatic_muts,clinvar",P,True,41.815,3.104,,,damaging,damaging,potentially_damaging,P,True,26.095,1.861,,,damaging,neutral,potentially_damaging,528235,Uncertain significance,2,-0.4616,0.2778,-22.2448,loss_of_function,-7.44728783945904,0.8468,pathogenic,10.1101/2022.10.22.513328; 37085483
T211S,-0.15226,0.8225633333333334,0.6633232427556713,Neutral,Neutral,-0.47663,0.6515833333333333,0.3824172044480448,Neutral,Neutral,41.815,16.934,26.095,14.907,,,0.753,"cBioPortal,COSMIC,somatic_muts,clinvar",P,True,41.815,3.104,,,neutral,damaging,potentially_damaging,P,True,26.095,1.861,,,neutral,neutral,potentially_damaging,1019369,Uncertain significance,1,-0.1813,0.2778,-6.6352,loss_of_function,-2.18720541797429,0.295,benign,10.1101/2022.10.22.513328; 37085483
F212C,0.80575,1.8588466666666665,1.805994571369789,Neutral,Neutral,0.68095,1.6327666666666667,2.4297937995462804,Neutral,Uncertain,40.666,17.77,38.615,15.938,,,0.647,cBioPortal,,True,40.666,,,,neutral,neutral,neutral,,True,38.615,,,,neutral,neutral,neutral,,,,-0.2412,1.9157,-22.2361,loss_of_function,-2.86385680802714,0.2408,benign,10.1101/2022.10.22.513328; 37085483
F212I,2.9213,5.835263333333334,1.0065336949616592,Uncertain,Uncertain,0.23843,1.79558,1.054425771154129,Neutral,Neutral,40.666,17.77,38.615,15.938,,,0.478,"cBioPortal,COSMIC,somatic_muts,clinvar",,True,40.666,,,,neutral,neutral,neutral,,True,38.615,,,,neutral,neutral,neutral,422414,Uncertain significance,2,-0.2169,1.9157,-22.2361,loss_of_function,-4.32079728589621,0.5688,pathogenic,10.1101/2022.10.22.513328; 37085483
F212L,0.19846,1.62744,0.4403618179826658,Neutral,Neutral,-0.12479,1.0341266666666666,0.5051856915109677,Neutral,Neutral,40.666,17.77,38.615,15.938,,,"0.481, 0.489","COSMIC,somatic_muts",,True,40.666,,,,neutral,neutral,neutral,,True,38.615,,,,neutral,neutral,neutral,,,,-0.0885,1.9157,-4.4889,loss_of_function,-1.03107939841147,0.7743,pathogenic,10.1101/2022.10.22.513328; 37085483
F212S,0.88412,2.2990933333333334,1.6840077873650994,Uncertain,Neutral,1.14654,1.8757366666666666,2.497778021110664,Neutral,Uncertain,40.666,17.77,38.615,15.938,,,0.554,"COSMIC,somatic_muts",,True,40.666,,,,neutral,neutral,neutral,,True,38.615,,,,neutral,neutral,neutral,,,,-0.1761,1.9157,-7.3634,loss_of_function,-2.08927993166533,0.3508,ambiguous,10.1101/2022.10.22.513328; 37085483
F212V,2.98437,5.40635,1.1024556248174615,Uncertain,Uncertain,0.47328,2.1139466666666666,1.2339631327338656,Uncertain,Neutral,40.666,17.77,38.615,15.938,,,0.471,"cBioPortal,COSMIC",,True,40.666,,,,neutral,neutral,neutral,,True,38.615,,,,neutral,neutral,neutral,,,,-0.2113,1.9157,-22.2361,loss_of_function,-4.32079728589621,0.4369,ambiguous,10.1101/2022.10.22.513328; 37085483
F212Y,0.25014,0.07006999999999998,0.02933896532186529,Neutral,Neutral,0.25619,-0.21871,0.393107985609221,Neutral,Neutral,40.666,17.77,38.615,15.938,,,0.395,COSMIC,,True,40.666,,,,neutral,neutral,neutral,,True,38.615,,,,neutral,neutral,neutral,,,,-0.0852,1.9157,-6.6264,loss_of_function,-1.08294441578119,0.135,benign,10.1101/2022.10.22.513328; 37085483
R213G,2.25236,3.04354,2.848896837928095,Uncertain,Uncertain,0.74066,3.1356,2.0768567089571035,Uncertain,Uncertain,6.944,4.828,23.57,14.926,,,0.915,"cBioPortal,COSMIC,somatic_muts,clinvar",,True,6.944,,,,neutral,neutral,neutral,,True,23.57,,,,neutral,neutral,neutral,376651,Conflicting interpretations of pathogenicity,1,-0.4413,0.0421,-22.2361,loss_of_function,-8.03821593623277,0.9955,pathogenic,10.1101/2022.10.22.513328; 37085483
R213L,0.12978,-0.18288000000000001,-0.15344285235400357,Neutral,Neutral,-1.01042,0.18084,-0.15709333783689272,Neutral,Neutral,6.944,4.828,23.57,14.926,,,0.929,"cBioPortal,COSMIC,germline_muts,somatic_muts,clinvar",,True,6.944,,,,neutral,neutral,neutral,,True,23.57,,,,neutral,neutral,neutral,376650,Uncertain significance,1,-0.4084,0.0421,-22.2361,loss_of_function,-8.03821593623277,0.9906,pathogenic,10.1101/2022.10.22.513328; 37085483
R213P,5.50679,5.288889999999999,5.981990303813195,Destabilizing,Destabilizing,5.74627,6.172906666666667,5.979240312849142,Destabilizing,Destabilizing,6.944,4.828,23.57,14.926,,,0.951,"cBioPortal,COSMIC,germline_muts,somatic_muts,clinvar",,True,6.944,,,,neutral,neutral,neutral,,True,23.57,,,,neutral,neutral,neutral,231214,Pathogenic/Likely pathogenic,2,-0.5481,0.0421,-22.2361,loss_of_function,-8.03821593623277,0.9986,pathogenic,10.1101/2022.10.22.513328; 37085483
R213Q,1.49254,0.9538566666666667,1.3755479268299171,Neutral,Neutral,0.27875,0.6366233333333333,0.8970510964809643,Neutral,Neutral,6.944,4.828,23.57,14.926,,3.9767440011e-06,0.920,"cBioPortal,COSMIC,germline_muts,somatic_muts,clinvar",,True,6.944,,,,neutral,neutral,neutral,,True,23.57,,,,neutral,neutral,neutral,135359,Pathogenic,2,-0.3129,0.0421,-8.9482,loss_of_function,-5.48929031422363,0.9561,pathogenic,10.1101/2022.10.22.513328; 37085483
R213W,1.00914,0.65068,0.05242613654006356,Neutral,Neutral,3.69944,0.40782333333333337,-0.04089414148763978,Uncertain,Uncertain,6.944,4.828,23.57,14.926,,,,"cBioPortal,COSMIC",,True,6.944,,,,neutral,neutral,neutral,,True,23.57,,,,neutral,neutral,neutral,,,,-0.4237,0.0421,-22.2361,loss_of_function,-6.5936364022848,0.9479,pathogenic,10.1101/2022.10.22.513328; 37085483
H214A,0.03044,1.10306,1.137267886241486,Neutral,Neutral,-1.36699,0.8781166666666667,1.3182949359388119,Neutral,Neutral,15.581,7.485,2.91,3.103,,,,COSMIC,,True,15.581,,,,neutral,neutral,neutral,,True,2.91,,,,neutral,neutral,neutral,,,,-0.2125,0.9192,-22.2419,loss_of_function,-5.55656608914318,0.9728,pathogenic,10.1101/2022.10.22.513328; 37085483
H214D,0.82548,1.6244866666666666,1.5116712466880668,Neutral,Neutral,0.52636,2.93526,2.1233755035822885,Uncertain,Uncertain,15.581,7.485,2.91,3.103,,,0.844,"cBioPortal,COSMIC,somatic_muts",,True,15.581,,,,neutral,neutral,neutral,,True,2.91,,,,neutral,neutral,neutral,,,,-0.2597,0.9192,-22.2419,loss_of_function,-3.52139071132981,0.9861,pathogenic,10.1101/2022.10.22.513328; 37085483
H214L,-0.58342,-0.68186,0.016643002054861328,Neutral,Neutral,-2.02947,-0.5192733333333334,-0.055454860613861845,Uncertain,Uncertain,15.581,7.485,2.91,3.103,,,0.869,"cBioPortal,COSMIC,clinvar",,True,15.581,,,,neutral,neutral,neutral,,True,2.91,,,,neutral,neutral,neutral,376616,Uncertain significance,1,-0.2623,0.9192,-22.2419,loss_of_function,-3.80100244388362,0.8,pathogenic,10.1101/2022.10.22.513328; 37085483
H214N,0.3636,1.17415,1.14839157011002,Neutral,Neutral,-0.97107,1.2276666666666667,1.270976600248675,Neutral,Neutral,15.581,7.485,2.91,3.103,,,,clinvar,,True,15.581,,,,neutral,neutral,neutral,,True,2.91,,,,neutral,neutral,neutral,230254,Uncertain significance,2,-0.2192,0.9192,-22.2419,loss_of_function,-3.29554812010733,0.8346,pathogenic,10.1101/2022.10.22.513328; 37085483
H214P,0.00632,1.9689333333333334,3.181529189848975,Neutral,Uncertain,-1.55738,1.7214299999999998,4.501419541012406,Neutral,Uncertain,15.581,7.485,2.91,3.103,,0.0,0.932,"cBioPortal,COSMIC,somatic_muts,clinvar",,True,15.581,,,,neutral,neutral,neutral,,True,2.91,,,,neutral,neutral,neutral,643078,Uncertain significance,2,-0.3757,0.9192,-22.2419,loss_of_function,-6.13903125739984,0.9774,pathogenic,10.1101/2022.10.22.513328; 37085483
H214Q,0.15857,0.33401333333333333,1.04033084068915,Neutral,Neutral,-0.0542,0.6875300000000001,1.287543322955216,Neutral,Neutral,15.581,7.485,2.91,3.103,,3.18134459529e-05,0.550,"cBioPortal,COSMIC,germline_muts,somatic_muts,clinvar",,True,15.581,,,,neutral,neutral,neutral,,True,2.91,,,,neutral,neutral,neutral,140943,Conflicting interpretations of pathogenicity,1,-0.0699,0.9192,-0.5196,loss_of_function,-0.0842496993920413,0.7704,pathogenic,10.1101/2022.10.22.513328; 37085483
H214R,0.46028,0.9887766666666667,0.629745526477529,Neutral,Neutral,1.53008,0.6005666666666667,1.2421011002858504,Neutral,Neutral,15.581,7.485,2.91,3.103,,,0.885,"cBioPortal,COSMIC,germline_muts,somatic_muts,clinvar",,True,15.581,,,,neutral,neutral,neutral,,True,2.91,,,,neutral,neutral,neutral,376615,Likely pathogenic,3,-0.2488,0.9192,-22.2419,loss_of_function,-4.8374880537707,0.9451,pathogenic,10.1101/2022.10.22.513328; 37085483
H214Y,-0.47169,-0.2621333333333334,0.07076352546410357,Neutral,Neutral,2.83107,-1.1028333333333333,0.6292165977321708,Uncertain,Uncertain,15.581,7.485,2.91,3.103,,,0.736,"cBioPortal,COSMIC,somatic_muts,clinvar",,True,15.581,,,,neutral,neutral,neutral,,True,2.91,,,,neutral,neutral,neutral,1053808,Uncertain significance,2,-0.1843,0.9192,-22.2419,loss_of_function,-3.64208286680964,0.8018,pathogenic,10.1101/2022.10.22.513328; 37085483
S215C,-0.06553,0.27324333333333334,0.03385648327184853,Neutral,Neutral,0.16185,-0.25827666666666665,-0.30164843593533885,Neutral,Neutral,6.162,5.057,3.95,3.866,,,0.902,"cBioPortal,COSMIC,somatic_muts,clinvar",P,True,6.162,3.818,,,uncertain,damaging,uncertain,P,True,3.95,4.058,,,uncertain,damaging,uncertain,1753522,Conflicting interpretations of pathogenicity,1,-0.2558,0.0798,-8.9541,loss_of_function,-2.10381058388002,0.4744,ambiguous,10.1101/2022.10.22.513328; 37085483
S215G,1.06587,1.6914966666666666,0.9139701056175839,Neutral,Neutral,0.5698,0.27642,1.2695101720469093,Neutral,Neutral,6.162,5.057,3.95,3.866,,,0.896,"cBioPortal,COSMIC,germline_muts,somatic_muts,clinvar",P,True,6.162,3.818,,,uncertain,damaging,uncertain,P,True,3.95,4.058,,,uncertain,damaging,uncertain,265337,Conflicting interpretations of pathogenicity,1,-0.2823,0.0798,-22.2419,loss_of_function,-7.88480027678971,0.8417,pathogenic,10.1101/2022.10.22.513328; 37085483
S215I,-0.16331,0.3238133333333333,-0.29641199722876294,Neutral,Neutral,0.40486,0.3098666666666666,-1.6753502173896584,Neutral,Neutral,6.162,5.057,3.95,3.866,,,0.913,"cBioPortal,COSMIC,somatic_muts,clinvar",P,True,6.162,3.818,,,uncertain,damaging,uncertain,P,True,3.95,4.058,,,uncertain,damaging,uncertain,376660,Pathogenic,1,-0.3543,0.0798,-22.2419,loss_of_function,-7.35595670390969,0.984,pathogenic,10.1101/2022.10.22.513328; 37085483
S215K,0.62493,1.5681433333333334,0.8611600998984009,Neutral,Neutral,1.41964,1.1876433333333332,0.1692401406783761,Neutral,Neutral,6.162,5.057,3.95,3.866,,,,somatic_muts,P,True,6.162,3.818,,,uncertain,damaging,uncertain,P,True,3.95,4.058,,,uncertain,damaging,uncertain,,,,-0.3618,0.0798,-22.2419,loss_of_function,-7.88480027678971,0.9993,pathogenic,10.1101/2022.10.22.513328
S215N,1.22209,0.9053300000000001,-0.18146014632068622,Neutral,Neutral,1.91602,0.74433,-0.4571012762631194,Neutral,Neutral,6.162,5.057,3.95,3.866,,,0.785,"cBioPortal,COSMIC,somatic_muts,clinvar",P,True,6.162,3.818,,,uncertain,damaging,uncertain,P,True,3.95,4.058,,,uncertain,damaging,uncertain,376662,Conflicting interpretations of pathogenicity,1,-0.2955,0.0798,-22.2419,loss_of_function,-5.85983530296452,0.9616,pathogenic,10.1101/2022.10.22.513328; 37085483
S215R,0.84256,1.4622466666666665,0.08750885531328635,Neutral,Neutral,2.11402,0.67041,-0.6792359365598286,Uncertain,Uncertain,6.162,5.057,3.95,3.866,,,"0.812, 0.917","cBioPortal,COSMIC,germline_muts,somatic_muts,clinvar",P,True,6.162,3.818,,,uncertain,damaging,uncertain,P,True,3.95,4.058,,,uncertain,uncertain,uncertain,"2020649, 428895, 376661","Uncertain significance, Conflicting interpretations of pathogenicity, Conflicting interpretations of pathogenicity","1, 1, 1",-0.367,0.0798,-22.2419,loss_of_function,-7.88480027678971,0.998,pathogenic,10.1101/2022.10.22.513328; 37085483
S215T,0.41074,0.16961666666666667,-0.2932535328754299,Neutral,Neutral,0.77502,-0.038773333333333326,-0.5783864415627552,Neutral,Neutral,6.162,5.057,3.95,3.866,,,0.852,"cBioPortal,COSMIC,somatic_muts,clinvar",P,True,6.162,3.818,,,neutral,damaging,uncertain,P,True,3.95,4.058,,,neutral,damaging,uncertain,142012,Uncertain significance,2,-0.2638,0.0798,-22.2419,loss_of_function,-4.73329170270735,0.7415,pathogenic,10.1101/2022.10.22.513328; 37085483
V216A,2.99804,2.52551,2.7237174419456682,Uncertain,Uncertain,-0.6002,2.62256,1.8830468607254902,Uncertain,Neutral,0.955,0.916,1.2,1.079,,,0.961,"COSMIC,somatic_muts",,True,0.955,,,,neutral,neutral,neutral,,True,1.2,,,,neutral,neutral,neutral,,,,-0.3456,0.0589,-22.2419,loss_of_function,-4.6325659282855,0.7484,pathogenic,10.1101/2022.10.22.513328; 37085483
V216E,4.92741,5.2820866666666655,4.181704559467968,Destabilizing,Destabilizing,3.36872,5.740813333333333,3.3037459885913365,Destabilizing,Destabilizing,0.955,0.916,1.2,1.079,,,0.982,"cBioPortal,COSMIC,somatic_muts,clinvar",,True,0.955,,,,neutral,neutral,neutral,,True,1.2,,,,neutral,neutral,neutral,376672,Uncertain significance,1,-0.4695,0.0589,-22.2419,loss_of_function,-7.86367800860004,0.9979,pathogenic,10.1101/2022.10.22.513328; 37085483
V216G,4.66047,5.0873,4.879865707299381,Destabilizing,Destabilizing,0.56874,4.620633333333334,3.8924848530510174,Uncertain,Uncertain,0.955,0.916,1.2,1.079,,,0.980,"cBioPortal,COSMIC,somatic_muts,clinvar",,True,0.955,,,,neutral,neutral,neutral,,True,1.2,,,,neutral,neutral,neutral,376671,Uncertain significance,1,-0.4714,0.0589,-22.2419,loss_of_function,-7.86367800860004,0.9564,pathogenic,10.1101/2022.10.22.513328; 37085483
V216L,1.85056,2.0436533333333333,1.2069497174477424,Uncertain,Neutral,2.16377,1.9995433333333335,1.0041864278427508,Uncertain,Uncertain,0.955,0.916,1.2,1.079,,,0.948,"cBioPortal,COSMIC,somatic_muts,clinvar",,True,0.955,,,,neutral,neutral,neutral,,True,1.2,,,,neutral,neutral,neutral,"406596, 376670","Conflicting interpretations of pathogenicity, Conflicting interpretations of pathogenicity","1, 1",-0.3462,0.0589,-22.2419,loss_of_function,-3.74686827650794,0.9153,pathogenic,10.1101/2022.10.22.513328; 37085483
V216M,2.59088,5.173583333333333,2.160638861766847,Uncertain,Uncertain,1.44597,2.7030600000000002,1.4191278936383753,Uncertain,Neutral,0.955,0.916,1.2,1.079,,,0.956,"cBioPortal,COSMIC,germline_muts,somatic_muts,clinvar",,True,0.955,,,,neutral,neutral,neutral,,True,1.2,,,,neutral,neutral,neutral,182965,Conflicting interpretations of pathogenicity,1,-0.3553,0.0589,-22.2419,loss_of_function,-4.72138030490248,0.9421,pathogenic,10.1101/2022.10.22.513328; 37085483
V216W,15.17184,7.02823,4.531689948975231,Destabilizing,Destabilizing,20.33332,11.063833333333333,0.8766259294339411,Destabilizing,Uncertain,0.955,0.916,1.2,1.079,,,,somatic_muts,,True,0.955,,,,neutral,neutral,neutral,,True,1.2,,,,neutral,neutral,neutral,,,,-0.4633,0.0589,-22.2419,loss_of_function,-7.86367800860004,0.9998,pathogenic,10.1101/2022.10.22.513328
V217A,2.36805,1.8348066666666665,1.5573609116219798,Uncertain,Uncertain,0.99554,1.5189333333333332,1.0073478046662896,Neutral,Neutral,8.103,5.981,7.505,5.574,,,0.647,"cBioPortal,COSMIC,somatic_muts",,True,8.103,,,,neutral,neutral,neutral,,True,7.505,,,,neutral,neutral,neutral,,,,-0.0771,2.1286,-6.9571,loss_of_function,-2.14745108374035,0.3266,benign,10.1101/2022.10.22.513328; 37085483
V217E,2.54412,2.636506666666667,1.6072156003971587,Uncertain,Uncertain,1.75016,1.81372,1.0125109729570227,Neutral,Neutral,8.103,5.981,7.505,5.574,,,0.723,"cBioPortal,COSMIC",,True,8.103,,,,neutral,neutral,neutral,,True,7.505,,,,neutral,neutral,neutral,,,,-0.279,2.1286,-22.2448,loss_of_function,-4.97791765137677,0.8706,pathogenic,10.1101/2022.10.22.513328; 37085483
V217G,3.72478,4.1337866666666665,3.0493323834432715,Destabilizing,Destabilizing,2.21823,3.4504533333333334,2.3372053261429557,Uncertain,Uncertain,8.103,5.981,7.505,5.574,,,0.731,"cBioPortal,COSMIC,somatic_muts",,True,8.103,,,,neutral,neutral,neutral,,True,7.505,,,,neutral,neutral,neutral,,,,-0.208,2.1286,-7.957,loss_of_function,-3.08625379543033,0.7,pathogenic,10.1101/2022.10.22.513328; 37085483
V217I,0.0881,0.02585333333333335,-0.284370956227419,Neutral,Neutral,-0.35996,0.31939,-0.17291839931291517,Neutral,Neutral,8.103,5.981,7.505,5.574,,,,somatic_muts,,True,8.103,,,,neutral,neutral,neutral,,True,7.505,,,,neutral,neutral,neutral,,,,-0.0097,2.1286,-6.3721,loss_of_function,-1.43408541530922,0.1097,benign,10.1101/2022.10.22.513328
V217L,0.28818,0.5619033333333333,-0.14689457857487728,Neutral,Neutral,-0.28135,0.28481,-0.11686926952152195,Neutral,Neutral,8.103,5.981,7.505,5.574,,,0.544,"cBioPortal,COSMIC,somatic_muts,clinvar",,True,8.103,,,,neutral,neutral,neutral,,True,7.505,,,,neutral,neutral,neutral,1386154,Conflicting interpretations of pathogenicity,1,-0.0482,2.1286,-1.1627,loss_of_function,-0.539631388372405,0.3919,ambiguous,10.1101/2022.10.22.513328; 37085483
V217M,0.2395,1.31145,0.5197346311117342,Neutral,Neutral,-0.27087,0.6921766666666667,0.49579864262992085,Neutral,Neutral,8.103,5.981,7.505,5.574,,3.9769970491e-06,0.451,"COSMIC,somatic_muts,clinvar",,True,8.103,,,,neutral,neutral,neutral,,True,7.505,,,,neutral,neutral,neutral,183071,Conflicting interpretations of pathogenicity,1,-0.0682,2.1286,-3.3132,loss_of_function,-1.40428730991163,0.3012,benign,10.1101/2022.10.22.513328; 37085483
V218A,2.71262,3.0442199999999997,1.74276366001451,Uncertain,Uncertain,-0.75846,1.1310666666666667,1.9525967132931716,Neutral,Neutral,3.135,2.463,2.195,1.509,,,0.974,"COSMIC,somatic_muts",,False,3.135,,,,neutral,neutral,neutral,,False,2.195,,,,neutral,neutral,neutral,,,,-0.3301,0.227,-22.2448,loss_of_function,-4.07629893885742,0.8565,pathogenic,10.1101/2022.10.22.513328; 37085483
V218E,2.41611,3.5173466666666666,2.2657287460267237,Uncertain,Uncertain,2.82207,4.5,2.979420909153577,Uncertain,Uncertain,3.135,2.463,2.195,1.509,,,0.977,"cBioPortal,COSMIC,somatic_muts,clinvar",,False,3.135,,,,neutral,neutral,neutral,,False,2.195,,,,neutral,neutral,neutral,1754112,Likely pathogenic,1,-0.454,0.227,-22.2448,loss_of_function,-6.84820493328757,0.99,pathogenic,10.1101/2022.10.22.513328; 37085483
V218G,4.32915,5.015643333333333,3.5436712438384927,Destabilizing,Destabilizing,0.38252,6.231743333333333,3.8717989323199915,Uncertain,Uncertain,3.135,2.463,2.195,1.509,,,0.972,"cBioPortal,COSMIC,somatic_muts,clinvar",,False,3.135,,,,neutral,neutral,neutral,,False,2.195,,,,neutral,neutral,neutral,528249,Uncertain significance,2,-0.4559,0.227,-22.2448,loss_of_function,-6.84820493328757,0.9144,pathogenic,10.1101/2022.10.22.513328; 37085483
V218L,-0.39018,1.9853766666666666,0.2678742988101498,Neutral,Neutral,0.10217,0.7671199999999999,0.39550524466226644,Neutral,Neutral,3.135,2.463,2.195,1.509,,,0.864,"cBioPortal,COSMIC,somatic_muts",,False,3.135,,,,neutral,neutral,neutral,,False,2.195,,,,neutral,neutral,neutral,,,,-0.2468,0.227,-5.7872,loss_of_function,-2.07009444312409,0.7135,pathogenic,10.1101/2022.10.22.513328; 37085483
V218M,-0.53418,2.24637,0.9488141713990528,Uncertain,Neutral,-0.15397,0.9689333333333333,0.7900171467733678,Neutral,Neutral,3.135,2.463,2.195,1.509,,,0.873,"cBioPortal,COSMIC,germline_muts,somatic_muts,clinvar",,False,3.135,,,,neutral,neutral,neutral,,False,2.195,,,,neutral,neutral,neutral,237952,Conflicting interpretations of pathogenicity,1,-0.3398,0.227,-22.2448,loss_of_function,-3.15165734968342,0.7748,pathogenic,10.1101/2022.10.22.513328; 37085483
P219C,2.18584,2.0007933333333336,0.8600105342054399,Uncertain,Uncertain,3.17864,1.3428566666666668,0.6019814903588694,Uncertain,Uncertain,26.029,9.467,27.67,8.881,,,,COSMIC,,False,26.029,,,,neutral,neutral,neutral,,False,27.67,,,,neutral,neutral,neutral,,,,-0.3501,0.1119,-22.2448,loss_of_function,-6.95438318069062,0.8789,pathogenic,10.1101/2022.10.22.513328; 37085483
P219H,2.60157,0.9083900000000001,-0.3645025384200793,Uncertain,Uncertain,3.53538,0.0791366666666667,-0.6022930631800824,Uncertain,Uncertain,26.029,9.467,27.67,8.881,,,0.957,"cBioPortal,COSMIC,somatic_muts",,False,26.029,,,,neutral,neutral,neutral,,False,27.67,,,,neutral,neutral,neutral,,,,-0.3561,0.1119,-22.2448,loss_of_function,-7.82669451732048,0.7211,pathogenic,10.1101/2022.10.22.513328; 37085483
P219L,1.50478,0.8649666666666667,-0.7775940833750715,Neutral,Neutral,2.4422,-0.15850333333333333,-0.768404814711635,Uncertain,Uncertain,26.029,9.467,27.67,8.881,,3.9777563863e-06,0.947,"cBioPortal,COSMIC,somatic_muts,clinvar",,False,26.029,,,,neutral,neutral,neutral,,False,27.67,,,,neutral,neutral,neutral,826488,Uncertain significance,2,-0.2903,0.1119,-7.3721,loss_of_function,-4.32516605469899,0.4909,ambiguous,10.1101/2022.10.22.513328; 37085483
P219R,2.0259,1.9269833333333333,-0.14303994816954693,Uncertain,Uncertain,2.96108,0.28095,-0.3810511903150518,Uncertain,Uncertain,26.029,9.467,27.67,8.881,,,0.966,"cBioPortal,COSMIC,clinvar",,False,26.029,,,,neutral,neutral,neutral,,False,27.67,,,,neutral,neutral,neutral,953426,Uncertain significance,1,-0.3872,0.1119,-22.2448,loss_of_function,-7.82669451732048,0.6961,pathogenic,10.1101/2022.10.22.513328; 37085483
P219S,2.64481,2.0619066666666668,0.33440843238479073,Uncertain,Uncertain,3.24331,0.38583000000000006,0.03666357788767854,Uncertain,Uncertain,26.029,9.467,27.67,8.881,,3.9775665248e-06,0.960,"COSMIC,germline_muts,somatic_muts,clinvar",,False,26.029,,,,neutral,neutral,neutral,,False,27.67,,,,neutral,neutral,neutral,245673,Conflicting interpretations of pathogenicity,1,-0.2442,0.1119,-7.957,loss_of_function,-4.97570162335351,0.5148,ambiguous,10.1101/2022.10.22.513328; 37085483
P219T,2.50218,1.6591833333333332,0.09783289879764567,Uncertain,Uncertain,3.7107,0.14954666666666663,-0.029630490226633294,Uncertain,Uncertain,26.029,9.467,27.67,8.881,,,0.962,"cBioPortal,COSMIC,somatic_muts",,False,26.029,,,,neutral,neutral,neutral,,False,27.67,,,,neutral,neutral,neutral,,,,-0.3293,0.1119,-22.2448,loss_of_function,-6.95438318069062,0.5899,pathogenic,10.1101/2022.10.22.513328; 37085483
Y220C,3.05899,3.2351466666666666,3.4613464140771892,Destabilizing,Destabilizing,-1.59646,1.9498866666666668,2.7490517284337854,Neutral,Uncertain,6.204,4.166,38.43,24.876,,7.9551963342e-06,0.936,"cBioPortal,COSMIC,germline_muts,somatic_muts,clinvar",P,True,6.204,5.103,,,uncertain,neutral,uncertain,P,True,38.43,3.12,,,damaging,damaging,potentially_damaging,127819,Pathogenic,3,-0.4154,0.0798,-22.2419,loss_of_function,-6.98521212435209,0.8515,pathogenic,10.1101/2022.10.22.513328; 37085483
Y220D,4.42716,3.8616766666666664,4.195077349566669,Destabilizing,Destabilizing,-0.33453,3.391383333333333,2.930785675507275,Uncertain,Uncertain,6.204,4.166,38.43,24.876,,,0.934,"cBioPortal,COSMIC,somatic_muts,clinvar",P,True,6.204,5.103,,,uncertain,neutral,uncertain,P,True,38.43,3.12,,,damaging,damaging,potentially_damaging,376689,Uncertain significance,1,-0.4589,0.0798,-22.2419,loss_of_function,-6.87859714830146,0.9974,pathogenic,10.1101/2022.10.22.513328; 37085483
Y220H,2.44944,1.9907033333333333,2.065758299051267,Uncertain,Uncertain,0.5436,1.5078233333333335,1.6000471003664642,Neutral,Neutral,6.204,4.166,38.43,24.876,,3.9777247414e-06,0.909,"cBioPortal,COSMIC,somatic_muts,clinvar",P,True,6.204,5.103,,,uncertain,uncertain,uncertain,P,True,38.43,3.12,,,damaging,damaging,potentially_damaging,376687,Pathogenic,2,-0.3524,0.0798,-22.2419,loss_of_function,-3.40666941627912,0.9633,pathogenic,10.1101/2022.10.22.513328; 37085483
Y220L,0.54686,1.4425166666666664,1.3310834558439444,Neutral,Neutral,-0.87633,2.0807233333333337,1.1465268087137575,Uncertain,Neutral,6.204,4.166,38.43,24.876,,,,COSMIC,P,True,6.204,5.103,,,uncertain,damaging,uncertain,P,True,38.43,3.12,,,damaging,damaging,potentially_damaging,,,,-0.4339,0.0798,-22.2419,loss_of_function,-3.10007605983779,0.8841,pathogenic,10.1101/2022.10.22.513328; 37085483
Y220N,3.34837,2.8354866666666667,3.18484482763982,Uncertain,Destabilizing,-1.20895,1.9167800000000002,2.270550114372532,Neutral,Uncertain,6.204,4.166,38.43,24.876,,,0.910,"cBioPortal,COSMIC,somatic_muts,clinvar",P,True,6.204,5.103,,,uncertain,neutral,uncertain,P,True,38.43,3.12,,,damaging,damaging,potentially_damaging,376688,Conflicting interpretations of pathogenicity,1,-0.4379,0.0798,-22.2419,loss_of_function,-6.87859714830146,0.9869,pathogenic,10.1101/2022.10.22.513328; 37085483
Y220S,4.25613,4.411793333333333,4.134905338585083,Destabilizing,Destabilizing,-1.73668,2.8989766666666665,2.9409142054878665,Uncertain,Uncertain,6.204,4.166,38.43,24.876,,,0.918,"cBioPortal,COSMIC,germline_muts,somatic_muts,clinvar",P,True,6.204,5.103,,,uncertain,neutral,uncertain,P,True,38.43,3.12,,,uncertain,damaging,potentially_damaging,12383,Pathogenic,2,-0.4494,0.0798,-22.2419,loss_of_function,-4.64453510359499,0.9754,pathogenic,10.1101/2022.10.22.513328; 37085483
E221A,0.32253,0.3329933333333333,0.4968400164260907,Neutral,Neutral,-0.65432,0.1373,0.24669636210096915,Neutral,Neutral,57.193,11.332,52.865,29.521,,,,clinvar,,True,57.193,,,,neutral,neutral,neutral,,True,52.865,,,,neutral,neutral,neutral,573679,Uncertain significance,1,-0.2355,0.1886,-8.9599,loss_of_function,-5.59593430062344,0.6479,pathogenic,10.1101/2022.10.22.513328; 37085483
E221D,0.22662,0.32267666666666667,0.30790940623996516,Neutral,Neutral,-0.22751,0.5899099999999999,0.19555888839937266,Neutral,Neutral,57.193,11.332,52.865,29.521,,,0.669,"COSMIC,somatic_muts",,True,57.193,,,,neutral,neutral,neutral,,True,52.865,,,,neutral,neutral,neutral,,,,-0.2012,0.1886,-8.9599,loss_of_function,-0.510158117387993,0.4842,ambiguous,10.1101/2022.10.22.513328; 37085483
E221G,0.90541,1.6365100000000001,1.2503395661223624,Neutral,Neutral,-0.88357,1.6092966666666666,0.8965803030879881,Neutral,Neutral,57.193,11.332,52.865,29.521,,,0.826,"COSMIC,somatic_muts",,True,57.193,,,,neutral,neutral,neutral,,True,52.865,,,,neutral,neutral,neutral,,,,-0.3291,0.1886,-22.2477,loss_of_function,-5.94248562830314,0.7281,pathogenic,10.1101/2022.10.22.513328; 37085483
E221K,-0.48733,-0.14931999999999998,0.4015311568498956,Neutral,Neutral,-0.15528,-0.051136666666666664,0.12232985731968123,Neutral,Neutral,57.193,11.332,52.865,29.521,,3.9780095631e-06,0.897,"cBioPortal,COSMIC,somatic_muts,clinvar",,True,57.193,,,,neutral,neutral,neutral,,True,52.865,,,,neutral,neutral,neutral,184647,Uncertain significance,2,-0.2575,0.1886,-8.9599,loss_of_function,-2.48019949466779,0.7104,pathogenic,10.1101/2022.10.22.513328; 37085483
E221V,-0.12705,-0.5449,0.013181441236692468,Neutral,Neutral,0.02916,0.5276633333333334,0.0698488137550085,Neutral,Neutral,57.193,11.332,52.865,29.521,,,0.901,COSMIC,,True,57.193,,,,neutral,neutral,neutral,,True,52.865,,,,neutral,neutral,neutral,,,,-0.3166,0.1886,-22.2477,loss_of_function,-6.92433865170428,0.6334,pathogenic,10.1101/2022.10.22.513328; 37085483
P222A,2.13023,1.1464833333333333,0.21780435941345713,Uncertain,Uncertain,1.9388,1.3205200000000001,0.950980437821317,Neutral,Neutral,38.064,13.685,23.495,24.249,,,0.395,"COSMIC,somatic_muts",,True,38.064,,,,neutral,neutral,neutral,,True,23.495,,,,neutral,neutral,neutral,,,,-0.1255,1.2061,-4.375,loss_of_function,-1.99439351178775,0.0808,benign,10.1101/2022.10.22.513328; 37085483
P222L,1.83499,0.53061,-0.2381769440826148,Neutral,Neutral,2.70678,0.25226666666666664,-0.491920991200605,Uncertain,Uncertain,38.064,13.685,23.495,24.249,6.37226789014e-05,1.59154570919e-05,0.585,"cBioPortal,COSMIC,germline_muts,somatic_muts,clinvar",,True,38.064,,,,neutral,neutral,neutral,,True,23.495,,,,neutral,neutral,neutral,161397,Conflicting interpretations of pathogenicity,1,-0.1845,1.2061,-6.375,loss_of_function,-1.39143923387326,0.0964,benign,10.1101/2022.10.22.513328; 37085483
P222Q,2.08342,1.1476199999999999,0.4260681996806615,Uncertain,Uncertain,3.82392,0.82109,0.916519357689585,Uncertain,Uncertain,38.064,13.685,23.495,24.249,,,0.626,"COSMIC,somatic_muts,clinvar",,True,38.064,,,,neutral,neutral,neutral,,True,23.495,,,,neutral,neutral,neutral,1461784,Uncertain significance,1,-0.1723,1.2061,-7.9599,loss_of_function,-2.72420196645075,0.1551,benign,10.1101/2022.10.22.513328; 37085483
P222S,2.61041,1.1223333333333334,0.39755057067780175,Uncertain,Uncertain,2.97526,1.64796,1.4920893197192473,Uncertain,Uncertain,38.064,13.685,23.495,24.249,,,0.344,"COSMIC,germline_muts,somatic_muts,clinvar",,True,38.064,,,,neutral,neutral,neutral,,True,23.495,,,,neutral,neutral,neutral,406592,Conflicting interpretations of pathogenicity,1,-0.1298,1.2061,-5.2596,loss_of_function,-0.961746201173931,0.1373,benign,10.1101/2022.10.22.513328; 37085483
P222T,2.73728,0.5660966666666667,0.3652164825977944,Uncertain,Uncertain,3.87979,0.75873,0.9369917525770743,Uncertain,Uncertain,38.064,13.685,23.495,24.249,,,0.533,COSMIC,,True,38.064,,,,neutral,neutral,neutral,,True,23.495,,,,neutral,neutral,neutral,,,,-0.1438,1.2061,-5.6381,loss_of_function,-1.0716492687091,0.1178,benign,10.1101/2022.10.22.513328; 37085483
P223A,1.57924,0.8670066666666667,0.24270179409034212,Neutral,Neutral,1.28369,0.23004333333333338,0.4644453567743089,Neutral,Neutral,33.853,10.975,11.16,11.087,,,0.759,"COSMIC,somatic_muts",,True,33.853,,,,neutral,neutral,neutral,,True,11.16,,,,neutral,neutral,neutral,,,,-0.322,0.0627,-22.2477,loss_of_function,-6.17373289280236,0.495,ambiguous,10.1101/2022.10.22.513328; 37085483
P223H,2.56267,1.5402500000000001,-0.054145840090379205,Uncertain,Uncertain,10.82873,-0.52653,-0.156353874236866,Uncertain,Uncertain,33.853,10.975,11.16,11.087,,3.9792442619e-06,0.728,"COSMIC,somatic_muts",,True,33.853,,,,neutral,neutral,neutral,,True,11.16,,,,neutral,neutral,neutral,,,,-0.2929,0.0627,-8.9599,loss_of_function,-7.32700846970999,0.9636,pathogenic,10.1101/2022.10.22.513328; 37085483
P223L,1.84315,1.579023333333333,-0.273206808631,Neutral,Neutral,5.64344,-0.4639433333333333,-0.25439799951471204,Uncertain,Uncertain,33.853,10.975,11.16,11.087,,,0.634,"cBioPortal,COSMIC,somatic_muts,clinvar",,True,33.853,,,,neutral,neutral,neutral,,True,11.16,,,,neutral,neutral,neutral,234214,Uncertain significance,2,-0.3029,0.0627,-8.9599,loss_of_function,-4.36242532907302,0.838,pathogenic,10.1101/2022.10.22.513328; 37085483
P223R,1.89454,1.0876433333333333,-0.017266634115281065,Neutral,Neutral,7.21613,0.7972800000000002,0.03486412187158727,Uncertain,Uncertain,33.853,10.975,11.16,11.087,,,0.740,"COSMIC,somatic_muts",,True,33.853,,,,neutral,neutral,neutral,,True,11.16,,,,neutral,neutral,neutral,,,,-0.3918,0.0627,-22.2477,loss_of_function,-8.13005495551572,0.9182,pathogenic,10.1101/2022.10.22.513328; 37085483
P223S,2.19017,1.443196666666667,0.38236445159019655,Uncertain,Uncertain,1.75033,-0.23254000000000005,0.49424934666913267,Neutral,Neutral,33.853,10.975,11.16,11.087,,,0.765,"cBioPortal,COSMIC,somatic_muts",,True,33.853,,,,neutral,neutral,neutral,,True,11.16,,,,neutral,neutral,neutral,,,,-0.3217,0.0627,-22.2477,loss_of_function,-5.11965140933339,0.8509,pathogenic,10.1101/2022.10.22.513328; 37085483
P223T,2.5589,1.4794766666666668,0.3254515396558945,Uncertain,Uncertain,4.26872,-0.8388866666666667,0.6124170875094662,Uncertain,Uncertain,33.853,10.975,11.16,11.087,,,0.786,"cBioPortal,somatic_muts",,True,33.853,,,,neutral,neutral,neutral,,True,11.16,,,,neutral,neutral,neutral,,,,-0.3338,0.0627,-22.2477,loss_of_function,-6.53497147428304,0.8645,pathogenic,10.1101/2022.10.22.513328; 37085483
E224A,0.32474,0.16383333333333333,0.25490018315747837,Neutral,Neutral,-0.37999,-0.60034,0.6780229950725851,Neutral,Neutral,85.137,13.743,66.195,24.192,,,0.825,"cBioPortal,clinvar",,True,85.137,,,,neutral,neutral,neutral,,True,66.195,,,,neutral,neutral,neutral,428892,Uncertain significance,2,-0.2464,0.8075,-22.2477,loss_of_function,-5.87663873434466,0.6237,pathogenic,10.1101/2022.10.22.513328; 37085483
E224D,0.12077,0.025056666666666633,-0.0832754149148013,Neutral,Neutral,0.31694,0.3710866666666666,0.5942493368858588,Neutral,Neutral,85.137,13.743,66.195,24.192,,3.9807649438e-06,0.697,"cBioPortal,COSMIC,somatic_muts,clinvar",,True,85.137,,,,neutral,neutral,neutral,,True,66.195,,,,neutral,neutral,neutral,"1493447, 635390","Uncertain significance, Uncertain significance","1, 1",-0.1443,0.8075,-8.9599,loss_of_function,-3.60034930259215,0.8106,pathogenic,10.1101/2022.10.22.513328; 37085483
E224G,0.22844,0.5784566666666667,0.6869550366406157,Neutral,Neutral,-1.06703,0.20272333333333337,1.2360945198965088,Neutral,Neutral,85.137,13.743,66.195,24.192,,,0.890,"COSMIC,somatic_muts,clinvar",,True,85.137,,,,neutral,neutral,neutral,,True,66.195,,,,neutral,neutral,neutral,826574,Uncertain significance,1,-0.2721,0.8075,-22.2477,loss_of_function,-7.55560463861685,0.8099,pathogenic,10.1101/2022.10.22.513328; 37085483
E224K,0.09465,-0.3345833333333333,-0.054385845158404666,Neutral,Neutral,-0.40487,-0.22959333333333332,0.5395223839174166,Neutral,Neutral,85.137,13.743,66.195,24.192,,,0.701,"cBioPortal,COSMIC,somatic_muts,clinvar",,True,85.137,,,,neutral,neutral,neutral,,True,66.195,,,,neutral,neutral,neutral,480767,Uncertain significance,2,-0.2684,0.8075,-22.2477,loss_of_function,-7.15390804138825,0.9057,pathogenic,10.1101/2022.10.22.513328; 37085483
E224Q,0.10454,-0.08526333333333334,0.15512758947502478,Neutral,Neutral,-0.37879,-0.31383333333333335,0.6175611236066748,Neutral,Neutral,85.137,13.743,66.195,24.192,,,0.533,"cBioPortal,COSMIC",,True,85.137,,,,neutral,neutral,neutral,,True,66.195,,,,neutral,neutral,neutral,,,,-0.1072,0.8075,-0.3564,loss_of_function,-1.91513849442025,0.4287,ambiguous,10.1101/2022.10.22.513328; 37085483
E224V,0.71761,0.24773,-0.03855848109713623,Neutral,Neutral,0.55567,-0.5470533333333334,0.640061762546143,Neutral,Neutral,85.137,13.743,66.195,24.192,,,0.868,"cBioPortal,COSMIC,somatic_muts",,True,85.137,,,,neutral,neutral,neutral,,True,66.195,,,,neutral,neutral,neutral,,,,-0.2596,0.8075,-22.2477,loss_of_function,-6.31570379136526,0.82,pathogenic,10.1101/2022.10.22.513328; 37085483
V225A,0.02445,-0.17154,0.30299212967868666,Neutral,Neutral,-0.87326,-0.41791333333333336,0.5043981608551176,Neutral,Neutral,128.068,12.487,78.92,20.332,,,0.449,"cBioPortal,COSMIC",,True,128.068,,,,neutral,neutral,neutral,,True,78.92,,,,neutral,neutral,neutral,,,,-0.1915,0.8678,-6.6352,loss_of_function,-1.53192676045706,0.2646,benign,10.1101/2022.10.22.513328; 37085483
V225D,0.0207,-0.40192999999999995,-0.03254857049710826,Neutral,Neutral,-0.66693,0.10555666666666663,0.3098790543355686,Neutral,Neutral,128.068,12.487,78.92,20.332,,,0.645,"COSMIC,somatic_muts,clinvar",,True,128.068,,,,neutral,neutral,neutral,,True,78.92,,,,neutral,neutral,neutral,850916,Uncertain significance,2,-0.4378,0.8678,-22.2448,loss_of_function,-5.34716918537026,0.6692,pathogenic,10.1101/2022.10.22.513328; 37085483
V225F,-0.29926,0.14422,-0.0009841262196671012,Neutral,Neutral,-0.86075,-0.8852633333333334,0.19040411829395087,Neutral,Neutral,128.068,12.487,78.92,20.332,,,0.704,"COSMIC,clinvar",,True,128.068,,,,neutral,neutral,neutral,,True,78.92,,,,neutral,neutral,neutral,2122381,Uncertain significance,1,-0.3483,0.8678,-22.2448,loss_of_function,-5.70657313311416,0.4754,ambiguous,10.1101/2022.10.22.513328; 37085483
V225G,0.11387,0.3659866666666667,0.7018366693279399,Neutral,Neutral,-1.61878,-0.05623666666666671,0.766448101797336,Neutral,Neutral,128.068,12.487,78.92,20.332,,,0.644,"COSMIC,somatic_muts",,True,128.068,,,,neutral,neutral,neutral,,True,78.92,,,,neutral,neutral,neutral,,,,-0.397,0.8678,-22.2448,loss_of_function,-5.42787583996965,0.4103,ambiguous,10.1101/2022.10.22.513328; 37085483
V225I,-0.11702,0.12120333333333333,0.07782429730897593,Neutral,Neutral,-0.29084,0.015306666666666654,0.4047859189814238,Neutral,Neutral,128.068,12.487,78.92,20.332,,,0.388,"cBioPortal,COSMIC,somatic_muts,clinvar",,True,128.068,,,,neutral,neutral,neutral,,True,78.92,,,,neutral,neutral,neutral,480736,Conflicting interpretations of pathogenicity,1,-0.1257,0.8678,-6.3721,loss_of_function,-0.536556513058598,0.1204,benign,10.1101/2022.10.22.513328; 37085483
V225L,-0.20108,-0.10090666666666669,-0.1317262322656176,Neutral,Neutral,-0.81045,-0.3526066666666667,-0.06931946653258081,Neutral,Neutral,128.068,12.487,78.92,20.332,,,,somatic_muts,,True,128.068,,,,neutral,neutral,neutral,,True,78.92,,,,neutral,neutral,neutral,,,,-0.1731,0.8678,-2.9127,loss_of_function,-1.65744017387142,0.4183,ambiguous,10.1101/2022.10.22.513328
G226A,2.92462,2.6677999999999997,1.8013082159587792,Uncertain,Uncertain,1.74161,1.05,0.9482603713503664,Neutral,Neutral,77.668,27.784,109.17,22.077,,,0.767,"COSMIC,clinvar",,True,77.668,,,,neutral,neutral,neutral,,True,109.17,,,,neutral,neutral,neutral,951459,Uncertain significance,2,-0.3023,0.1477,-8.9511,loss_of_function,-2.4820308572667,0.7389,pathogenic,10.1101/2022.10.22.513328; 37085483
G226D,3.11229,1.8124700000000002,1.0845764659327586,Uncertain,Uncertain,2.05081,0.85306,0.5451748055258209,Uncertain,Uncertain,77.668,27.784,109.17,22.077,,,0.698,"cBioPortal,COSMIC,somatic_muts",,True,77.668,,,,neutral,neutral,neutral,,True,109.17,,,,neutral,neutral,neutral,,,,-0.3523,0.1477,-6.9513,loss_of_function,-2.41477542882087,0.8313,pathogenic,10.1101/2022.10.22.513328; 37085483
G226S,3.38569,1.2980733333333332,1.6667285177495732,Uncertain,Uncertain,2.12612,0.42483000000000004,0.8999547794817798,Uncertain,Uncertain,77.668,27.784,109.17,22.077,,,0.866,"COSMIC,somatic_muts,clinvar",,True,77.668,,,,neutral,neutral,neutral,,True,109.17,,,,neutral,neutral,neutral,648028,Uncertain significance,2,-0.3031,0.1477,-7.9512,loss_of_function,-3.82207883968178,0.6868,pathogenic,10.1101/2022.10.22.513328; 37085483
G226V,4.71007,5.301586666666666,2.7124451903377387,Destabilizing,Uncertain,3.12531,3.6180266666666667,1.6567677156429779,Destabilizing,Uncertain,77.668,27.784,109.17,22.077,,,0.838,"COSMIC,clinvar",,True,77.668,,,,neutral,neutral,neutral,,True,109.17,,,,neutral,neutral,neutral,458556,Conflicting interpretations of pathogenicity,1,-0.4569,0.1477,-22.239,loss_of_function,-7.59947433762722,0.9277,pathogenic,10.1101/2022.10.22.513328; 37085483
S227C,0.0182,0.5682566666666666,0.6767439098855897,Neutral,Neutral,0.37144,0.47483000000000003,0.7359644241939757,Neutral,Neutral,39.637,10.986,52.57,32.17,,,,somatic_muts,,True,39.637,,,,uncertain,,,,True,52.57,,,,uncertain,,,,,,-0.1292,1.345,-6.9513,loss_of_function,-1.01244842519811,0.1364,benign,10.1101/2022.10.22.513328
S227F,-0.04623,0.2612233333333333,-0.3933259378292688,Neutral,Neutral,0.48367,-0.11723333333333334,-0.12524766675100443,Neutral,Neutral,39.637,10.986,52.57,32.17,,,0.727,"cBioPortal,COSMIC,somatic_muts",,True,39.637,,,,uncertain,,,,True,52.57,,,,uncertain,,,,,,-0.2348,1.345,-22.239,loss_of_function,-6.80108941624029,0.548,ambiguous,10.1101/2022.10.22.513328; 37085483
S227P,3.1197,6.046033333333334,2.4340930467392528,Destabilizing,Uncertain,2.9203,2.6725599999999994,3.4869880504945585,Uncertain,Uncertain,39.637,10.986,52.57,32.17,,,0.681,"cBioPortal,COSMIC",,True,39.637,,,,uncertain,,,,True,52.57,,,,uncertain,,,,,,-0.2424,1.345,-8.9511,loss_of_function,-6.22351859774356,0.9492,pathogenic,10.1101/2022.10.22.513328; 37085483
S227T,0.4469,-0.07970666666666666,0.11774035147000812,Neutral,Neutral,1.1814,-0.5058966666666667,0.5042744674800278,Neutral,Neutral,39.637,10.986,52.57,32.17,,,,"germline_muts,somatic_muts",,True,39.637,,,,neutral,,,,True,52.57,,,,neutral,,,,,,-0.0379,1.345,-0.7714,loss_of_function,-1.99749882559897,0.1425,benign,10.1101/2022.10.22.513328; 37085483
S227Y,0.00457,0.15816,-0.32901479826831875,Neutral,Neutral,0.43674,-0.16712000000000002,0.012136706199127703,Neutral,Neutral,39.637,10.986,52.57,32.17,,,0.772,COSMIC,,True,39.637,,,,uncertain,,,,True,52.57,,,,uncertain,,,,,,-0.2396,1.345,-22.239,loss_of_function,-6.80108941624029,0.5655,pathogenic,10.1101/2022.10.22.513328; 37085483
D228A,0.04824,0.3165533333333333,0.4839831486607406,Neutral,Neutral,-0.13372,0.05453333333333332,0.4164892358402466,Neutral,Neutral,73.361,15.197,86.985,17.958,,,0.758,"COSMIC,somatic_muts",,True,73.361,,,,neutral,neutral,neutral,,True,86.985,,,,neutral,neutral,neutral,,,,-0.176,1.011,-6.6293,loss_of_function,-3.7265271431836,0.1645,benign,10.1101/2022.10.22.513328; 37085483
D228E,-0.43192,-0.2011333333333333,0.1717414586001866,Neutral,Neutral,0.01077,0.06269999999999999,0.1505080599095443,Neutral,Neutral,73.361,15.197,86.985,17.958,,,"0.370, 0.371","cBioPortal,COSMIC,somatic_muts,clinvar",,True,73.361,,,,neutral,neutral,neutral,,True,86.985,,,,neutral,neutral,neutral,"954848, 926556","Uncertain significance, Conflicting interpretations of pathogenicity","1, 1",-0.0891,1.011,-0.3967,loss_of_function,-0.386789767388704,0.1188,benign,10.1101/2022.10.22.513328; 37085483
D228G,0.32335,0.9344666666666667,0.8166579126914391,Neutral,Neutral,-0.90023,0.5343566666666667,0.7498414886829811,Neutral,Neutral,73.361,15.197,86.985,17.958,,,0.704,"COSMIC,somatic_muts",,True,73.361,,,,neutral,neutral,neutral,,True,86.985,,,,neutral,neutral,neutral,,,,-0.1872,1.011,-6.6293,loss_of_function,-3.623202403396,0.1774,benign,10.1101/2022.10.22.513328; 37085483
D228H,0.06487,-0.21179333333333336,0.04843852020738637,Neutral,Neutral,0.06514,-0.2797033333333333,-0.06888089576406477,Neutral,Neutral,73.361,15.197,86.985,17.958,,,0.777,"cBioPortal,COSMIC,somatic_muts",,True,73.361,,,,neutral,neutral,neutral,,True,86.985,,,,neutral,neutral,neutral,,,,-0.265,1.011,-22.239,loss_of_function,-6.0681896198295,0.2979,benign,10.1101/2022.10.22.513328; 37085483
D228N,-0.06245,-0.12097333333333334,0.1520978949161,Neutral,Neutral,-0.08755,-0.42347,-0.047160044222976184,Neutral,Neutral,73.361,15.197,86.985,17.958,,,0.546,"cBioPortal,COSMIC,somatic_muts,clinvar",,True,73.361,,,,neutral,neutral,neutral,,True,86.985,,,,neutral,neutral,neutral,1395667,Uncertain significance,1,-0.2224,1.011,-22.239,loss_of_function,-3.63637678595156,0.1058,benign,10.1101/2022.10.22.513328; 37085483
D228V,0.05468,-0.24036333333333335,0.5039270417195134,Neutral,Neutral,0.59433,1.8275500000000002,0.5555922579823606,Neutral,Neutral,73.361,15.197,86.985,17.958,,,0.829,COSMIC,,True,73.361,,,,neutral,neutral,neutral,,True,86.985,,,,neutral,neutral,neutral,,,,-0.2349,1.011,-8.9511,loss_of_function,-4.70414434620379,0.238,benign,10.1101/2022.10.22.513328; 37085483
D228Y,-0.20849,-0.3072533333333333,0.2524182144421568,Neutral,Neutral,-0.12334,-0.53061,0.1186474433900867,Neutral,Neutral,73.361,15.197,86.985,17.958,,,0.849,"cBioPortal,COSMIC,clinvar",,True,73.361,,,,neutral,neutral,neutral,,True,86.985,,,,neutral,neutral,neutral,2450759,Likely benign,1,-0.3007,1.011,-22.239,loss_of_function,-6.32011535407786,0.3148,benign,10.1101/2022.10.22.513328; 37085483
C229F,0.41679,-1.0106566666666668,-0.28863543968296934,Neutral,Neutral,0.37711,0.9545333333333333,-0.679102517186783,Neutral,Neutral,17.257,10.433,26.295,14.685,,,0.401,"cBioPortal,COSMIC",,False,17.257,,,,neutral,neutral,neutral,,False,26.295,,,,neutral,neutral,neutral,,,,-0.1987,1.9363,-0.7606,loss_of_function,-0.9953252826484,0.1155,benign,10.1101/2022.10.22.513328; 37085483
C229G,0.95031,1.4536266666666666,2.242671530718649,Neutral,Uncertain,0.04938,1.2292499999999997,1.8690641975289293,Neutral,Neutral,17.257,10.433,26.295,14.685,,,0.738,"COSMIC,germline_muts,somatic_muts,clinvar",,False,17.257,,,,neutral,neutral,neutral,,False,26.295,,,,neutral,neutral,neutral,1026715,Uncertain significance,2,-0.2246,1.9363,-6.1381,loss_of_function,-2.85968821708073,0.2485,benign,10.1101/2022.10.22.513328; 37085483
C229R,0.80403,1.4632666666666667,1.4471947223536799,Neutral,Neutral,0.10309,2.00465,0.2887724471907116,Uncertain,Neutral,17.257,10.433,26.295,14.685,,7.9529819706e-06,0.754,"COSMIC,germline_muts,somatic_muts,clinvar",,False,17.257,,,,neutral,neutral,neutral,,False,26.295,,,,neutral,neutral,neutral,420137,Conflicting interpretations of pathogenicity,1,-0.2937,1.9363,-7.9454,loss_of_function,-3.21722478031866,0.5548,ambiguous,10.1101/2022.10.22.513328; 37085483
C229S,0.81109,0.8252866666666666,1.4171400088174284,Neutral,Neutral,0.3923,0.70567,0.8861426701824104,Neutral,Neutral,17.257,10.433,26.295,14.685,,,"0.535, 0.600","cBioPortal,COSMIC,somatic_muts,clinvar",,False,17.257,,,,neutral,neutral,neutral,,False,26.295,,,,neutral,neutral,neutral,582302,Uncertain significance,1,-0.2196,1.9363,-5.486,loss_of_function,-1.48349505430365,0.2846,benign,10.1101/2022.10.22.513328; 37085483
C229W,2.26447,-0.5975033333333334,0.11459739190182212,Uncertain,Uncertain,1.19317,4.839226666666667,-0.45590385644244363,Uncertain,Neutral,17.257,10.433,26.295,14.685,,,0.594,cBioPortal,,False,17.257,,,,neutral,neutral,neutral,,False,26.295,,,,neutral,neutral,neutral,,,,-0.2304,1.9363,-6.3605,loss_of_function,-1.05331855646119,0.3728,ambiguous,10.1101/2022.10.22.513328; 37085483
C229Y,0.63188,-0.9349166666666666,0.10642523432638935,Neutral,Neutral,0.51509,1.29206,-0.39536340817217414,Neutral,Neutral,17.257,10.433,26.295,14.685,,,0.389,"cBioPortal,COSMIC,somatic_muts,clinvar",,False,17.257,,,,neutral,neutral,neutral,,False,26.295,,,,neutral,neutral,neutral,419040,Uncertain significance,2,-0.2267,1.9363,-4.4219,loss_of_function,0.0338896257398098,0.1447,benign,10.1101/2022.10.22.513328; 37085483
T230A,0.61932,0.9809533333333332,0.3557913256200011,Neutral,Neutral,-1.60659,0.5747166666666668,0.011024658156647904,Neutral,Neutral,22.014,8.307,12.195,7.462,,,0.856,"cBioPortal,COSMIC,somatic_muts,clinvar",,False,22.014,,,,uncertain,,,,False,12.195,,,,uncertain,,,953956,Uncertain significance,2,-0.2241,0.2248,-6.9513,loss_of_function,-0.771978531034543,0.1821,benign,10.1101/2022.10.22.513328; 37085483
T230I,-0.96928,-0.47007,-0.842019077740637,Neutral,Neutral,-0.3586,0.32278999999999997,0.1085295096300537,Neutral,Neutral,22.014,8.307,12.195,7.462,,,0.936,"COSMIC,somatic_muts,clinvar",,False,22.014,,,,uncertain,,,,False,12.195,,,,uncertain,,,1366616,Uncertain significance,1,-0.2551,0.2248,-7.9512,loss_of_function,-2.85517953282881,0.669,pathogenic,10.1101/2022.10.22.513328; 37085483
T230N,0.32948,1.6119066666666668,0.4459450398620614,Neutral,Neutral,0.36126,0.8418399999999999,0.3656878564843192,Neutral,Neutral,22.014,8.307,12.195,7.462,,,0.875,"COSMIC,somatic_muts",,False,22.014,,,,uncertain,,,,False,12.195,,,,uncertain,,,,,,-0.3577,0.2248,-22.239,loss_of_function,-5.17123924654819,0.6742,pathogenic,10.1101/2022.10.22.513328; 37085483
T230P,0.17445,2.7292533333333338,3.468853836484154,Uncertain,Uncertain,1.01986,1.3787966666666664,5.364209326713197,Neutral,Uncertain,22.014,8.307,12.195,7.462,,,0.920,"cBioPortal,COSMIC",,False,22.014,,,,uncertain,,,,False,12.195,,,,uncertain,,,,,,-0.4664,0.2248,-22.239,loss_of_function,-7.26080279635167,0.8389,pathogenic,10.1101/2022.10.22.513328; 37085483
T230S,0.85502,1.16338,0.8448945196202139,Neutral,Neutral,-0.61554,0.9956933333333334,0.8698234990127408,Neutral,Neutral,22.014,8.307,12.195,7.462,,,0.863,COSMIC,,False,22.014,,,,neutral,,,,False,12.195,,,,neutral,,,,,,-0.1827,0.2248,-5.9513,loss_of_function,-1.94343831854702,0.2275,benign,10.1101/2022.10.22.513328; 37085483
T231A,0.71257,0.9324266666666666,0.7427594214564351,Neutral,Neutral,0.63442,0.4259633333333333,0.6626575581638466,Neutral,Neutral,30.802,7.676,44.52,10.015,,,0.905,"cBioPortal,COSMIC,somatic_muts,clinvar",,False,30.802,,,,uncertain,,,,False,44.52,,,,uncertain,,,863153,Uncertain significance,1,-0.3092,0.1477,-22.239,loss_of_function,-0.750209573914153,0.4094,ambiguous,10.1101/2022.10.22.513328; 37085483
T231I,-0.79805,-1.3572566666666666,-0.9692400366458743,Neutral,Neutral,-0.60873,-1.2001099999999998,-0.7670493918734276,Neutral,Neutral,30.802,7.676,44.52,10.015,,,0.942,"COSMIC,somatic_muts,clinvar",,False,30.802,,,,uncertain,,,,False,44.52,,,,uncertain,,,458557,Uncertain significance,1,-0.2571,0.1477,-6.9513,loss_of_function,-4.06529226224259,0.629,pathogenic,10.1101/2022.10.22.513328; 37085483
T231N,1.04491,0.6163266666666666,0.5727847883518365,Neutral,Neutral,0.93602,1.0742633333333333,0.39132610080478925,Neutral,Neutral,30.802,7.676,44.52,10.015,,,0.885,"cBioPortal,COSMIC",,False,30.802,,,,uncertain,,,,False,44.52,,,,uncertain,,,,,,-0.3648,0.1477,-22.239,loss_of_function,-4.86983639876597,0.7626,pathogenic,10.1101/2022.10.22.513328; 37085483
T231P,1.01928,0.8393433333333333,2.2359087166746665,Neutral,Uncertain,1.07696,0.3473933333333334,1.4700665388875125,Neutral,Neutral,30.802,7.676,44.52,10.015,,,0.959,"cBioPortal,COSMIC",,False,30.802,,,,uncertain,,,,False,44.52,,,,uncertain,,,,,,-0.4006,0.1477,-7.9512,loss_of_function,-5.90431671926836,0.8364,pathogenic,10.1101/2022.10.22.513328; 37085483
T231S,1.18679,1.3414966666666668,1.0643626091370904,Neutral,Neutral,0.9002,1.2222233333333334,0.765665509517807,Neutral,Neutral,30.802,7.676,44.52,10.015,,,0.922,"COSMIC,somatic_muts,clinvar",,False,30.802,,,,neutral,,,,False,44.52,,,,neutral,,,921142,Uncertain significance,2,-0.2051,0.1477,-8.9511,loss_of_function,-4.12712806788995,0.5804,pathogenic,10.1101/2022.10.22.513328; 37085483
I232F,0.25511,0.7483000000000001,1.6740591375670892,Neutral,Neutral,4.54876,1.68991,0.9035715635639381,Uncertain,Uncertain,3.271,2.419,4.545,4.356,,,0.840,"cBioPortal,COSMIC,somatic_muts",,False,3.271,,,,neutral,neutral,neutral,,False,4.545,,,,neutral,neutral,neutral,,,,-0.2162,1.0667,-7.9512,loss_of_function,-3.25419754051757,0.7616,pathogenic,10.1101/2022.10.22.513328; 37085483
I232L,0.21242,1.1980766666666667,1.038074899403768,Neutral,Neutral,-1.16124,0.20499,0.6955878349965797,Neutral,Neutral,3.271,2.419,4.545,4.356,,,0.688,"COSMIC,clinvar",,False,3.271,,,,neutral,neutral,neutral,,False,4.545,,,,neutral,neutral,neutral,482214,Uncertain significance,2,-0.1404,1.0667,-7.9512,loss_of_function,-1.93940326671129,0.396,ambiguous,10.1101/2022.10.22.513328; 37085483
I232M,0.0054,1.7447833333333336,1.8993123187953123,Neutral,Neutral,-0.99433,1.0735833333333333,1.3770233078520213,Neutral,Neutral,3.271,2.419,4.545,4.356,,,,COSMIC,,False,3.271,,,,neutral,neutral,neutral,,False,4.545,,,,neutral,neutral,neutral,,,,-0.219,1.0667,-22.239,loss_of_function,-3.21988801821096,0.5496,ambiguous,10.1101/2022.10.22.513328; 37085483
I232N,2.90955,2.9504533333333334,3.1666899683759184,Uncertain,Uncertain,1.26211,2.6408133333333335,3.09212147486828,Uncertain,Uncertain,3.271,2.419,4.545,4.356,,,0.916,"cBioPortal,COSMIC,somatic_muts,clinvar",,False,3.271,,,,neutral,neutral,neutral,,False,4.545,,,,neutral,neutral,neutral,850008,Pathogenic/Likely pathogenic,2,-0.3653,1.0667,-22.239,loss_of_function,-3.0625427012979,0.9876,pathogenic,10.1101/2022.10.22.513328; 37085483
I232S,3.70496,4.576530000000001,4.2520019277204035,Destabilizing,Destabilizing,1.71412,3.619386666666666,3.9302168832779985,Uncertain,Uncertain,3.271,2.419,4.545,4.356,,,0.935,"cBioPortal,COSMIC,somatic_muts,clinvar",,False,3.271,,,,neutral,neutral,neutral,,False,4.545,,,,neutral,neutral,neutral,634756,Pathogenic,1,-0.3687,1.0667,-22.239,loss_of_function,-5.13906058371721,0.9826,pathogenic,10.1101/2022.10.22.513328; 37085483
I232T,2.63061,2.6894533333333333,2.9028962526665603,Uncertain,Uncertain,1.40564,2.08458,2.8815810726198614,Uncertain,Uncertain,3.271,2.419,4.545,4.356,,,0.920,"cBioPortal,COSMIC,germline_muts,somatic_muts,clinvar",,False,3.271,,,,neutral,neutral,neutral,,False,4.545,,,,neutral,neutral,neutral,141224,Pathogenic/Likely pathogenic,2,-0.2177,1.0667,-8.9511,loss_of_function,-3.44402482831382,0.9462,pathogenic,10.1101/2022.10.22.513328; 37085483
I232V,1.09492,0.9091833333333333,1.043841569399688,Neutral,Neutral,0.07937,0.6365066666666667,1.4039034039480462,Neutral,Neutral,3.271,2.419,4.545,4.356,,,0.419,"COSMIC,somatic_muts",,False,3.271,,,,neutral,neutral,neutral,,False,4.545,,,,neutral,neutral,neutral,,,,-0.0665,1.0667,-1.2789,loss_of_function,-0.453565725717669,0.1023,benign,10.1101/2022.10.22.513328; 37085483
H233D,0.69714,0.71882,1.0049899077176476,Neutral,Neutral,0.20573,1.58991,0.8199284812638444,Neutral,Neutral,33.344,3.249,29.84,9.338,,,0.876,"COSMIC,germline_muts",,False,33.344,,,,neutral,neutral,neutral,,False,29.84,,,,neutral,neutral,neutral,,,,-0.2749,0.7543,-22.239,loss_of_function,-5.26877135992122,0.9787,pathogenic,10.1101/2022.10.22.513328; 37085483
H233L,-1.15624,-0.60227,-0.2181452677125635,Neutral,Neutral,-1.07557,-0.22143,-0.41073129160388966,Neutral,Neutral,33.344,3.249,29.84,9.338,,,0.579,COSMIC,,False,33.344,,,,neutral,neutral,neutral,,False,29.84,,,,neutral,neutral,neutral,,,,-0.1657,0.7543,-0.3366,loss_of_function,-1.13391902925994,0.3678,ambiguous,10.1101/2022.10.22.513328; 37085483
H233P,-0.5777,-1.1156466666666667,2.100617660674437,Neutral,Uncertain,0.69161,8.34626,4.666905809347836,Uncertain,Uncertain,33.344,3.249,29.84,9.338,,,0.844,COSMIC,,False,33.344,,,,neutral,neutral,neutral,,False,29.84,,,,neutral,neutral,neutral,,,,-0.3909,0.7543,-22.239,loss_of_function,-6.70333838902764,0.8782,pathogenic,10.1101/2022.10.22.513328; 37085483
H233Q,-0.12378,0.18877333333333335,0.7315087016230947,Neutral,Neutral,-0.28537,0.45181333333333334,0.5800464355006539,Neutral,Neutral,33.344,3.249,29.84,9.338,,,0.669,COSMIC,,False,33.344,,,,neutral,neutral,neutral,,False,29.84,,,,neutral,neutral,neutral,,,,-0.1959,0.7543,-22.239,loss_of_function,-5.6517055286347,0.9481,pathogenic,10.1101/2022.10.22.513328; 37085483
H233R,-0.32681,-0.25045333333333336,0.27618768855526443,Neutral,Neutral,-0.65196,0.57846,0.0662434047086648,Neutral,Neutral,33.344,3.249,29.84,9.338,,,0.717,"COSMIC,clinvar",,False,33.344,,,,neutral,neutral,neutral,,False,29.84,,,,neutral,neutral,neutral,246388,Conflicting interpretations of pathogenicity,1,-0.264,0.7543,-22.239,loss_of_function,-5.39308725596142,0.9072,pathogenic,10.1101/2022.10.22.513328; 37085483
H233Y,-1.01875,-0.6551033333333334,-0.30700998870345975,Neutral,Neutral,-1.00631,-0.6730166666666667,-0.08819138285181101,Neutral,Neutral,33.344,3.249,29.84,9.338,,,0.690,"cBioPortal,COSMIC,somatic_muts",,False,33.344,,,,neutral,neutral,neutral,,False,29.84,,,,neutral,neutral,neutral,,,,-0.1995,0.7543,-22.239,loss_of_function,-1.78984626143471,0.4592,ambiguous,10.1101/2022.10.22.513328; 37085483
Y234C,3.78509,4.490023333333333,3.8417029091348294,Destabilizing,Destabilizing,-0.78565,3.7377566666666673,3.5057648760068445,Uncertain,Uncertain,0.08,0.231,3.21,2.034,,3.9764593606e-06,0.945,"cBioPortal,COSMIC,germline_muts,somatic_muts,clinvar",,False,0.08,,,,uncertain,,,,False,3.21,,,,uncertain,,,127820,Pathogenic/Likely pathogenic,2,-0.3652,0.6244,-22.2332,loss_of_function,-6.44662477801322,0.8,pathogenic,10.1101/2022.10.22.513328; 37085483
Y234D,5.33498,5.468933333333332,4.65579080543122,Destabilizing,Destabilizing,0.82246,4.3866233333333335,4.450327087109333,Uncertain,Uncertain,0.08,0.231,3.21,2.034,,,0.876,"cBioPortal,COSMIC,somatic_muts,clinvar",,False,0.08,,,,uncertain,,,,False,3.21,,,,uncertain,,,219759,Conflicting interpretations of pathogenicity,1,-0.4088,0.6244,-22.2332,loss_of_function,-6.80960627818916,0.9975,pathogenic,10.1101/2022.10.22.513328; 37085483
Y234F,-0.54236,-0.23355666666666666,0.49199686475161303,Neutral,Neutral,-1.51966,-0.3631533333333333,1.0950950096708898,Neutral,Neutral,0.08,0.231,3.21,2.034,,,0.686,"COSMIC,somatic_muts",,False,0.08,,,,uncertain,,,,False,3.21,,,,uncertain,,,,,,-0.15,0.6244,-6.1381,loss_of_function,-1.56308951962019,0.0991,benign,10.1101/2022.10.22.513328; 37085483
Y234H,2.65294,2.938663333333333,2.5846515776032244,Uncertain,Uncertain,0.34327,2.36304,2.7555090456362454,Uncertain,Uncertain,0.08,0.231,3.21,2.034,,,0.890,"cBioPortal,COSMIC,germline_muts,somatic_muts,clinvar",,False,0.08,,,,uncertain,,,,False,3.21,,,,uncertain,,,376691,Pathogenic,2,-0.3023,0.6244,-22.2332,loss_of_function,-4.09950607784027,0.9891,pathogenic,10.1101/2022.10.22.513328; 37085483
Y234N,3.83975,4.354306666666666,3.5272232914277715,Destabilizing,Destabilizing,-0.4005,2.64456,3.22634265164695,Uncertain,Uncertain,0.08,0.231,3.21,2.034,,,0.941,"cBioPortal,COSMIC,somatic_muts,clinvar",,False,0.08,,,,uncertain,,,,False,3.21,,,,uncertain,,,376692,Pathogenic,2,-0.3878,0.6244,-22.2332,loss_of_function,-6.80960627818916,0.9909,pathogenic,10.1101/2022.10.22.513328; 37085483
Y234Q,3.17341,3.7096366666666665,3.412257397341166,Destabilizing,Destabilizing,-1.04434,2.9772133333333333,3.136292003149135,Uncertain,Uncertain,0.08,0.231,3.21,2.034,,,,somatic_muts,,False,0.08,,,,uncertain,,,,False,3.21,,,,uncertain,,,,,,-0.4123,0.6244,-22.2332,loss_of_function,-6.80960627818916,0.9986,pathogenic,10.1101/2022.10.22.513328
Y234R,3.73384,3.815986666666667,3.330088343288906,Destabilizing,Destabilizing,1.89796,3.191046666666667,3.2623410177153027,Uncertain,Uncertain,0.08,0.231,3.21,2.034,,,,COSMIC,,False,0.08,,,,uncertain,,,,False,3.21,,,,uncertain,,,,,,-0.4581,0.6244,-22.2332,loss_of_function,-6.80960627818916,0.997,pathogenic,10.1101/2022.10.22.513328; 37085483
Y234S,4.79398,5.64966,4.549530128266764,Destabilizing,Destabilizing,0.018,4.497846666666667,4.3488362581629465,Uncertain,Uncertain,0.08,0.231,3.21,2.034,,,0.936,"cBioPortal,COSMIC,somatic_muts,clinvar",,False,0.08,,,,uncertain,,,,False,3.21,,,,uncertain,,,376690,Conflicting interpretations of pathogenicity,1,-0.3993,0.6244,-22.2332,loss_of_function,-6.44662477801322,0.9852,pathogenic,10.1101/2022.10.22.513328; 37085483
N235D,2.37507,1.6520366666666666,1.7582689425861222,Uncertain,Uncertain,0.90246,1.5846933333333333,1.3733719613062225,Neutral,Neutral,6.317,2.733,7.67,5.146,,,0.912,"cBioPortal,COSMIC,germline_muts,somatic_muts,clinvar",,False,6.317,,,,neutral,neutral,neutral,,False,7.67,,,,neutral,neutral,neutral,919580,Conflicting interpretations of pathogenicity,1,-0.2817,0.5476,-22.239,loss_of_function,-4.00222966243389,0.8126,pathogenic,10.1101/2022.10.22.513328; 37085483
N235H,3.11105,0.24263,0.514300167826265,Uncertain,Uncertain,2.90847,1.1900233333333332,0.3570036973525115,Uncertain,Uncertain,6.317,2.733,7.67,5.146,,,0.902,COSMIC,,False,6.317,,,,neutral,neutral,neutral,,False,7.67,,,,neutral,neutral,neutral,,,,-0.2835,0.5476,-22.239,loss_of_function,-4.59891063784102,0.3915,ambiguous,10.1101/2022.10.22.513328; 37085483
N235I,-0.01166,-2.031746666666667,-0.3207324177670738,Uncertain,Neutral,-0.795,-1.2679133333333334,0.024192986919910175,Neutral,Neutral,6.317,2.733,7.67,5.146,,3.9763961127e-06,0.886,"COSMIC,somatic_muts",,False,6.317,,,,neutral,neutral,neutral,,False,7.67,,,,neutral,neutral,neutral,,,,-0.3288,0.5476,-22.239,loss_of_function,-5.06640171466846,0.8491,pathogenic,10.1101/2022.10.22.513328; 37085483
N235K,-0.63965,0.5646266666666667,0.8528491170449204,Neutral,Neutral,-0.32263,0.28356,1.2188930863980947,Neutral,Neutral,6.317,2.733,7.67,5.146,,,0.565,cBioPortal,,False,6.317,,,,neutral,neutral,neutral,,False,7.67,,,,neutral,neutral,neutral,,,,-0.1977,0.5476,-5.7813,loss_of_function,-1.52572489034109,0.8166,pathogenic,10.1101/2022.10.22.513328; 37085483
N235M,-1.25856,-1.0734733333333333,-0.14657896887837527,Neutral,Neutral,-1.24226,-0.33424000000000004,0.3647882324565718,Neutral,Neutral,6.317,2.733,7.67,5.146,,,,"COSMIC,somatic_muts",,False,6.317,,,,neutral,neutral,neutral,,False,7.67,,,,neutral,neutral,neutral,,,,-0.2894,0.5476,-22.239,loss_of_function,-5.96096504736547,0.8714,pathogenic,10.1101/2022.10.22.513328; 37085483
N235S,0.94815,0.15521333333333334,1.4456112280817648,Neutral,Neutral,-0.86605,0.79887,1.5094027318627397,Neutral,Neutral,6.317,2.733,7.67,5.146,0.0003198362438432,0.0001789378250704,0.593,"cBioPortal,COSMIC,germline_muts,somatic_muts,clinvar",,False,6.317,,,,neutral,neutral,neutral,,False,7.67,,,,neutral,neutral,neutral,127821,Benign,3,-0.1536,0.5476,-3.6659,loss_of_function,-2.64118094815742,0.1402,benign,10.1101/2022.10.22.513328; 37085483
N235T,1.36505,-0.30782333333333334,0.7327626809242646,Neutral,Neutral,-0.7915,-0.03469,0.9824587041136924,Neutral,Neutral,6.317,2.733,7.67,5.146,,,0.872,"cBioPortal,COSMIC,somatic_muts",,False,6.317,,,,neutral,neutral,neutral,,False,7.67,,,,neutral,neutral,neutral,,,,-0.298,0.5476,-22.239,loss_of_function,-3.17005902451428,0.5234,ambiguous,10.1101/2022.10.22.513328; 37085483
N235Y,4.85835,0.6899099999999999,0.3606986571316499,Uncertain,Uncertain,3.37253,0.42710000000000004,0.05367370690700098,Uncertain,Uncertain,6.317,2.733,7.67,5.146,,,0.932,"COSMIC,somatic_muts,clinvar",,False,6.317,,,,neutral,neutral,neutral,,False,7.67,,,,neutral,neutral,neutral,188206,Uncertain significance,1,-0.3192,0.5476,-22.239,loss_of_function,-5.15056092513449,0.7572,pathogenic,10.1101/2022.10.22.513328; 37085483
Y236C,4.56608,5.134013333333333,3.4562034652787794,Destabilizing,Destabilizing,-0.8275,4.585260000000001,3.6519353537701136,Uncertain,Uncertain,0.338,0.402,0.66,0.6,,,0.811,"cBioPortal,COSMIC,germline_muts,somatic_muts,clinvar",,False,0.338,,,,uncertain,,,,False,0.66,,,,uncertain,,,376693,Conflicting interpretations of pathogenicity,1,-0.3521,0.7671,-22.2419,loss_of_function,-6.69585764268672,0.9599,pathogenic,10.1101/2022.10.22.513328; 37085483
Y236D,5.63079,5.846143333333334,4.019479750329177,Destabilizing,Destabilizing,1.09188,5.39252,4.446074695543456,Uncertain,Uncertain,0.338,0.402,0.66,0.6,,,0.845,"cBioPortal,COSMIC,somatic_muts,clinvar",,False,0.338,,,,uncertain,,,,False,0.66,,,,uncertain,,,142183,Conflicting interpretations of pathogenicity,1,-0.3957,0.7671,-22.2419,loss_of_function,-6.69585764268672,0.9936,pathogenic,10.1101/2022.10.22.513328; 37085483
Y236F,0.52817,0.5482966666666668,-0.07370078661221595,Neutral,Neutral,-0.59349,-0.005556666666666672,-0.320157031421483,Neutral,Neutral,0.338,0.402,0.66,0.6,,,0.468,"cBioPortal,COSMIC",,False,0.338,,,,uncertain,,,,False,0.66,,,,uncertain,,,,,,-0.1074,0.7671,-0.3655,loss_of_function,-0.344773940656653,0.0654,benign,10.1101/2022.10.22.513328; 37085483
Y236H,3.76409,3.549886666666667,1.8053879967815742,Destabilizing,Uncertain,1.03143,2.9595233333333333,1.8244710365114243,Uncertain,Neutral,0.338,0.402,0.66,0.6,,,0.772,"cBioPortal,COSMIC,somatic_muts,clinvar",,False,0.338,,,,uncertain,,,,False,0.66,,,,uncertain,,,216469,Pathogenic,2,-0.2892,0.7671,-22.2419,loss_of_function,-4.01811152617371,0.982,pathogenic,10.1101/2022.10.22.513328; 37085483
Y236L,1.87454,2.8943333333333334,1.1507780098860712,Uncertain,Neutral,-2.09154,1.8994366666666667,1.3223423044963478,Uncertain,Uncertain,0.338,0.402,0.66,0.6,,,,COSMIC,,False,0.338,,,,uncertain,,,,False,0.66,,,,uncertain,,,,,,-0.3706,0.7671,-22.2419,loss_of_function,-4.44282781099961,0.9639,pathogenic,10.1101/2022.10.22.513328; 37085483
Y236N,4.87293,4.871543333333334,3.1329619719464006,Destabilizing,Destabilizing,0.41014,4.264623333333333,3.3292518904090507,Uncertain,Uncertain,0.338,0.402,0.66,0.6,,,0.837,"cBioPortal,COSMIC,somatic_muts,clinvar",,False,0.338,,,,uncertain,,,,False,0.66,,,,uncertain,,,376694,Uncertain significance,2,-0.3747,0.7671,-22.2419,loss_of_function,-6.69585764268672,0.9869,pathogenic,10.1101/2022.10.22.513328; 37085483
Y236S,6.0779,6.18753,4.082500748746582,Destabilizing,Destabilizing,0.368,5.850903333333334,4.203261617548907,Uncertain,Uncertain,0.338,0.402,0.66,0.6,,,0.780,"cBioPortal,COSMIC,somatic_muts,clinvar",,False,0.338,,,,uncertain,,,,False,0.66,,,,uncertain,,,182966,Conflicting interpretations of pathogenicity,1,-0.3862,0.7671,-22.2419,loss_of_function,-6.69585764268672,0.9891,pathogenic,10.1101/2022.10.22.513328; 37085483
M237I,1.86007,1.3287966666666666,0.07152218644006746,Neutral,Neutral,1.87451,1.6104299999999998,0.43405468894425486,Neutral,Neutral,19.023,4.878,16.095,9.711,,3.9763961127e-06,0.923,"cBioPortal,COSMIC,germline_muts,somatic_muts,clinvar",,False,19.023,,,,neutral,neutral,neutral,,False,16.095,,,,neutral,neutral,neutral,"1757269, 634770, 142714","Pathogenic, Likely pathogenic, Pathogenic","1, 1, 3",-0.2473,0.042,-8.9541,loss_of_function,-4.13950426525933,0.9957,pathogenic,10.1101/2022.10.22.513328; 37085483
M237K,1.47475,2.7825399999999996,1.6291519057058508,Uncertain,Neutral,0.88088,1.1023800000000001,1.1380433828829215,Neutral,Neutral,19.023,4.878,16.095,9.711,,0.0,0.957,"cBioPortal,COSMIC,somatic_muts,clinvar",,False,19.023,,,,neutral,neutral,neutral,,False,16.095,,,,neutral,neutral,neutral,376636,Uncertain significance,1,-0.4604,0.042,-22.2419,loss_of_function,-5.85174250580103,0.9612,pathogenic,10.1101/2022.10.22.513328; 37085483
M237L,-0.17673,0.28220333333333336,-0.28614530471581595,Neutral,Neutral,0.17254,-0.24308333333333335,0.06619100340254758,Neutral,Neutral,19.023,4.878,16.095,9.711,,,0.941,"cBioPortal,COSMIC,somatic_muts,clinvar",,False,19.023,,,,neutral,neutral,neutral,,False,16.095,,,,neutral,neutral,neutral,1757126,Uncertain significance,1,-0.2821,0.042,-22.2419,loss_of_function,-3.47470546913856,0.8667,pathogenic,10.1101/2022.10.22.513328; 37085483
M237R,1.84198,2.0195,1.0893185722038718,Uncertain,Neutral,1.69514,1.2071399999999999,0.709734960312078,Neutral,Neutral,19.023,4.878,16.095,9.711,,,0.948,"cBioPortal,COSMIC,somatic_muts,clinvar",,False,19.023,,,,neutral,neutral,neutral,,False,16.095,,,,neutral,neutral,neutral,419524,Uncertain significance,2,-0.4877,0.042,-22.2419,loss_of_function,-6.92978894269953,0.9494,pathogenic,10.1101/2022.10.22.513328; 37085483
M237T,2.44926,1.6377566666666665,1.2157911507006542,Uncertain,Uncertain,2.12501,1.4806100000000002,1.3111751509424308,Uncertain,Uncertain,19.023,4.878,16.095,9.711,,,0.948,"COSMIC,clinvar",,False,19.023,,,,neutral,neutral,neutral,,False,16.095,,,,neutral,neutral,neutral,481069,Uncertain significance,2,-0.3012,0.042,-8.9541,loss_of_function,-5.97821824318758,0.9638,pathogenic,10.1101/2022.10.22.513328; 37085483
M237V,1.8986,1.0784566666666666,0.4714624455858997,Neutral,Neutral,1.61012,1.6885466666666666,0.6225908383652939,Neutral,Neutral,19.023,4.878,16.095,9.711,,,0.937,"cBioPortal,COSMIC,germline_muts,somatic_muts,clinvar",,False,19.023,,,,neutral,neutral,neutral,,False,16.095,,,,neutral,neutral,neutral,182934,Conflicting interpretations of pathogenicity,1,-0.3472,0.042,-22.2419,loss_of_function,-4.22725305565164,0.8096,pathogenic,10.1101/2022.10.22.513328; 37085483
C238F,4.9991,4.05408,-0.9098336417332854,Destabilizing,Uncertain,10.13656,4.842289999999999,-0.6033162951228429,Destabilizing,Uncertain,4.682,2.801,1.23,1.752,,,0.958,"cBioPortal,COSMIC,somatic_muts,clinvar",,False,4.682,,,,neutral,neutral,neutral,,False,1.23,,,,neutral,neutral,neutral,376574,Pathogenic/Likely pathogenic,2,-0.4865,0.0001,-22.239,loss_of_function,-8.21030175526727,0.9996,pathogenic,10.1101/2022.10.22.513328; 37085483
C238G,0.74702,1.61474,1.3993373252593482,Neutral,Neutral,-0.84248,1.5074866666666666,2.1242973084318275,Neutral,Uncertain,4.682,2.801,1.23,1.752,,,0.938,"cBioPortal,COSMIC,germline_muts,somatic_muts,clinvar",,False,4.682,,,,neutral,neutral,neutral,,False,1.23,,,,neutral,neutral,neutral,376577,Pathogenic,2,-0.4849,0.0001,-22.239,loss_of_function,-8.21030175526727,0.9956,pathogenic,10.1101/2022.10.22.513328; 37085483
C238R,2.16276,4.828006666666667,-0.1779271649647619,Uncertain,Uncertain,10.0854,8.09263,1.122274904544715,Destabilizing,Uncertain,4.682,2.801,1.23,1.752,,,0.954,"cBioPortal,COSMIC,somatic_muts,clinvar",,False,4.682,,,,neutral,neutral,neutral,,False,1.23,,,,neutral,neutral,neutral,376576,Pathogenic,2,-0.5448,0.0001,-22.239,loss_of_function,-8.21030175526727,0.9997,pathogenic,10.1101/2022.10.22.513328; 37085483
C238S,-0.08296,0.6950133333333334,0.5614336118461732,Neutral,Neutral,0.60052,0.5299333333333333,1.3402521731821289,Neutral,Neutral,4.682,2.801,1.23,1.752,,,"0.946, 0.956","cBioPortal,COSMIC,germline_muts,somatic_muts,clinvar",,False,4.682,,,,neutral,neutral,neutral,,False,1.23,,,,neutral,neutral,neutral,"485039, 376575","Pathogenic, Pathogenic/Likely pathogenic","1, 2",-0.4833,0.0001,-22.239,loss_of_function,-4.92685191703637,0.9996,pathogenic,10.1101/2022.10.22.513328; 37085483
C238W,5.38994,7.457710000000001,-1.1343539880221891,Destabilizing,Uncertain,19.10652,8.423016666666667,0.39755416795518816,Destabilizing,Uncertain,4.682,2.801,1.23,1.752,,,0.896,"cBioPortal,COSMIC,somatic_muts,clinvar",,False,4.682,,,,neutral,neutral,neutral,,False,1.23,,,,neutral,neutral,neutral,161515,Pathogenic/Likely pathogenic,2,-0.4896,0.0001,-22.239,loss_of_function,-8.21030175526727,0.9996,pathogenic,10.1101/2022.10.22.513328; 37085483
C238Y,5.50411,5.125736666666667,-0.6308886845616871,Destabilizing,Uncertain,12.82234,9.38991,0.24535001502581497,Destabilizing,Uncertain,4.682,2.801,1.23,1.752,,7.9531084724e-06,0.957,"cBioPortal,COSMIC,germline_muts,somatic_muts,clinvar",,False,4.682,,,,neutral,neutral,neutral,,False,1.23,,,,neutral,neutral,neutral,182935,Pathogenic/Likely pathogenic,2,-0.4958,0.0001,-22.239,loss_of_function,-8.21030175526727,0.9996,pathogenic,10.1101/2022.10.22.513328; 37085483
N239D,0.04199,0.28401666666666664,0.6184595177206367,Neutral,Neutral,-0.19767,-0.07267666666666667,0.6247932061876402,Neutral,Neutral,20.941,4.91,43.21,8.981,,,0.948,"cBioPortal,COSMIC,somatic_muts,clinvar",,False,20.941,,,,neutral,neutral,neutral,,False,43.21,,,,neutral,neutral,neutral,234036,Conflicting interpretations of pathogenicity,1,-0.3282,0.0421,-22.239,loss_of_function,-4.51839023397795,0.9944,pathogenic,10.1101/2022.10.22.513328; 37085483
N239H,1.19754,-0.44138666666666665,0.12349311542460072,Neutral,Neutral,-0.01374,0.6608833333333334,0.20108208897507637,Neutral,Neutral,20.941,4.91,43.21,8.981,,,0.927,"cBioPortal,COSMIC,somatic_muts",,False,20.941,,,,neutral,neutral,neutral,,False,43.21,,,,neutral,neutral,neutral,,,,-0.2622,0.0421,-8.9511,loss_of_function,-5.44224221544363,0.8636,pathogenic,10.1101/2022.10.22.513328; 37085483
N239I,-0.12588,0.4562366666666667,0.06849748204037627,Neutral,Neutral,-0.31041,0.01156333333333335,-0.02454041731766841,Neutral,Neutral,20.941,4.91,43.21,8.981,,,0.943,"cBioPortal,COSMIC,somatic_muts",,False,20.941,,,,neutral,neutral,neutral,,False,43.21,,,,neutral,neutral,neutral,,,,-0.3753,0.0421,-22.239,loss_of_function,-5.7415489894666,0.9897,pathogenic,10.1101/2022.10.22.513328; 37085483
N239K,-0.66987,1.3492066666666667,0.7172867424419153,Neutral,Neutral,-0.80763,0.6733533333333334,0.6939737046672394,Neutral,Neutral,20.941,4.91,43.21,8.981,,,0.811,"cBioPortal,COSMIC,somatic_muts,clinvar",,False,20.941,,,,neutral,neutral,neutral,,False,43.21,,,,neutral,neutral,neutral,385614,Conflicting interpretations of pathogenicity,1,-0.3282,0.0421,-22.239,loss_of_function,-5.33968560339234,0.9959,pathogenic,10.1101/2022.10.22.513328; 37085483
N239S,0.48985,0.8055533333333332,0.9409531809654137,Neutral,Neutral,0.21388,0.5646266666666667,1.0996833385389044,Neutral,Neutral,20.941,4.91,43.21,8.981,,,0.897,"cBioPortal,COSMIC,somatic_muts,clinvar",,False,20.941,,,,neutral,neutral,neutral,,False,43.21,,,,neutral,neutral,neutral,376637,Likely pathogenic,2,-0.2271,0.0421,-8.9511,loss_of_function,-4.23527283879432,0.7939,pathogenic,10.1101/2022.10.22.513328; 37085483
N239T,0.39855,0.17029333333333327,0.6640316992388161,Neutral,Neutral,0.13822,0.8653066666666667,0.7877274912117297,Neutral,Neutral,20.941,4.91,43.21,8.981,,,0.935,"cBioPortal,COSMIC,somatic_muts,clinvar",,False,20.941,,,,neutral,neutral,neutral,,False,43.21,,,,neutral,neutral,neutral,376638,Conflicting interpretations of pathogenicity,1,-0.3445,0.0421,-22.239,loss_of_function,-5.72677100872193,0.9759,pathogenic,10.1101/2022.10.22.513328; 37085483
N239Y,2.29277,1.1767566666666667,0.05299100577536442,Uncertain,Uncertain,-0.30336,1.448413333333333,0.034283378546342454,Neutral,Neutral,20.941,4.91,43.21,8.981,,,0.905,"COSMIC,somatic_muts",,False,20.941,,,,neutral,neutral,neutral,,False,43.21,,,,neutral,neutral,neutral,,,,-0.3657,0.0421,-22.239,loss_of_function,-2.55273457862813,0.8137,pathogenic,10.1101/2022.10.22.513328; 37085483
S240C,-0.46106,0.28163333333333335,-0.3420652098270023,Neutral,Neutral,-0.44602,-0.23004666666666665,-0.17744547020730103,Neutral,Neutral,5.113,6.047,12.145,6.753,,,0.923,"cBioPortal,COSMIC,germline_muts,somatic_muts",,False,5.113,,,,uncertain,,,,False,12.145,,,,uncertain,,,,,,-0.331,0.0001,-22.239,loss_of_function,-4.74966987468903,0.965,pathogenic,10.1101/2022.10.22.513328; 37085483
S240F,5.30492,-1.5229,-0.6119975901572713,Uncertain,Uncertain,1.71806,0.8058966666666668,-1.520624330389322,Neutral,Neutral,5.113,6.047,12.145,6.753,,,,"cBioPortal,COSMIC",,False,5.113,,,,uncertain,,,,False,12.145,,,,uncertain,,,,,,-0.3585,0.0001,-22.239,loss_of_function,-7.47258067390211,0.998,pathogenic,10.1101/2022.10.22.513328; 37085483
S240G,0.9527,1.1196166666666667,0.572196632246582,Neutral,Neutral,-1.59779,1.1181400000000001,0.6936078390203796,Neutral,Neutral,5.113,6.047,12.145,6.753,,,0.872,"cBioPortal,COSMIC,germline_muts,somatic_muts,clinvar",,False,5.113,,,,uncertain,,,,False,12.145,,,,uncertain,,,584921,Pathogenic/Likely pathogenic,2,-0.2896,0.0001,-22.239,loss_of_function,-4.8180146382902,0.8955,pathogenic,10.1101/2022.10.22.513328; 37085483
S240I,1.28797,0.7587266666666667,-0.8154755525974194,Neutral,Neutral,0.74975,-1.0575966666666667,-0.9204227200127955,Neutral,Neutral,5.113,6.047,12.145,6.753,,,0.883,"COSMIC,somatic_muts,clinvar",,False,5.113,,,,uncertain,,,,False,12.145,,,,uncertain,,,1036853,Uncertain significance,2,-0.3617,0.0001,-22.239,loss_of_function,-4.94063288282226,0.9894,pathogenic,10.1101/2022.10.22.513328; 37085483
S240N,1.16497,0.7709733333333334,-0.5651788166168901,Neutral,Neutral,0.03403,-0.06156333333333334,-0.4465797803224752,Neutral,Neutral,5.113,6.047,12.145,6.753,,,,clinvar,,False,5.113,,,,uncertain,,,,False,12.145,,,,uncertain,,,2502882,Pathogenic,0,-0.3028,0.0001,-22.239,loss_of_function,-5.00618289110594,0.9618,pathogenic,10.1101/2022.10.22.513328
S240P,4.83306,3.269956666666667,4.864536338349761,Destabilizing,Destabilizing,6.22916,3.8718833333333333,3.8212408880205437,Destabilizing,Destabilizing,5.113,6.047,12.145,6.753,,,,COSMIC,,False,5.113,,,,uncertain,,,,False,12.145,,,,uncertain,,,,,,-0.4339,0.0001,-22.239,loss_of_function,-7.89312945800426,0.9978,pathogenic,10.1101/2022.10.22.513328; 37085483
S240R,4.06953,0.08865999999999996,0.20988406694385717,Uncertain,Uncertain,1.23024,0.17845999999999998,-0.39807077557438647,Neutral,Neutral,5.113,6.047,12.145,6.753,,,"0.908, 0.939","cBioPortal,COSMIC,somatic_muts,clinvar",,False,5.113,,,,uncertain,,,,False,12.145,,,,uncertain,,,"1504304, 826894, 458559","Uncertain significance, Likely pathogenic, Uncertain significance","2, 1, 1",-0.3743,0.0001,-22.239,loss_of_function,-4.54427391360842,0.9995,pathogenic,10.1101/2022.10.22.513328; 37085483
S240T,0.7399,-0.44342333333333334,-0.4497962127806637,Neutral,Neutral,0.90811,-0.5284599999999999,-0.29096143520235057,Neutral,Neutral,5.113,6.047,12.145,6.753,,,0.800,"COSMIC,somatic_muts",,False,5.113,,,,neutral,,,,False,12.145,,,,neutral,,,,,,-0.2712,0.0001,-22.239,loss_of_function,-3.64003872030778,0.8618,pathogenic,10.1101/2022.10.22.513328; 37085483
S241A,0.21535,0.16995666666666667,0.016112100055394166,Neutral,Neutral,0.2021,0.09909333333333332,0.04980421741079921,Neutral,Neutral,53.292,15.473,86.04,13.604,,,0.858,"cBioPortal,COSMIC,somatic_muts,clinvar",,False,53.292,,,,uncertain,,,,False,86.04,,,,uncertain,,,376665,Pathogenic,2,-0.2805,0.0001,-22.239,loss_of_function,-4.92685191703637,0.9765,pathogenic,10.1101/2022.10.22.513328; 37085483
S241C,0.33098,0.9341266666666668,0.6473145864430846,Neutral,Neutral,0.42893,0.5057833333333334,0.7226105766069595,Neutral,Neutral,53.292,15.473,86.04,13.604,,0.0,0.952,"cBioPortal,COSMIC,somatic_muts,clinvar",,False,53.292,,,,uncertain,,,,False,86.04,,,,uncertain,,,177791,Pathogenic/Likely pathogenic,2,-0.331,0.0001,-22.239,loss_of_function,-4.92685191703637,0.998,pathogenic,10.1101/2022.10.22.513328; 37085483
S241F,0.21078,-0.006460000000000003,-0.5228697660126241,Neutral,Neutral,0.08281,-0.63923,-0.4376884302636526,Neutral,Neutral,53.292,15.473,86.04,13.604,,3.9765226105e-06,0.958,"cBioPortal,COSMIC,germline_muts,somatic_muts,clinvar",,False,53.292,,,,uncertain,,,,False,86.04,,,,uncertain,,,12359,Pathogenic/Likely pathogenic,2,-0.3585,0.0001,-22.239,loss_of_function,-8.21030175526727,0.999,pathogenic,10.1101/2022.10.22.513328; 37085483
S241P,1.30996,5.06746,2.1109571593956225,Uncertain,Uncertain,0.86339,5.001136666666667,1.8617539299024017,Uncertain,Neutral,53.292,15.473,86.04,13.604,,3.9764593606e-06,0.954,"cBioPortal,COSMIC,somatic_muts,clinvar",,False,53.292,,,,uncertain,,,,False,86.04,,,,uncertain,,,376664,Uncertain significance,1,-0.4339,0.0001,-22.239,loss_of_function,-6.5576491183733,0.9981,pathogenic,10.1101/2022.10.22.513328; 37085483
S241T,0.47757,-0.018139999999999993,0.05457750639266513,Neutral,Neutral,0.5541,-0.3680266666666667,0.022272002046884398,Neutral,Neutral,53.292,15.473,86.04,13.604,,,0.922,"cBioPortal,COSMIC,germline_muts,somatic_muts,clinvar",,False,53.292,,,,neutral,,,,False,86.04,,,,neutral,,,959232,Uncertain significance,1,-0.2712,0.0001,-22.239,loss_of_function,-4.08804575809013,0.9465,pathogenic,10.1101/2022.10.22.513328; 37085483
S241V,0.98158,0.5060066666666666,-0.24287338748874454,Neutral,Neutral,0.71937,0.26406,-0.07959902594683503,Neutral,Neutral,53.292,15.473,86.04,13.604,,,,COSMIC,,False,53.292,,,,uncertain,,,,False,86.04,,,,uncertain,,,,,,-0.3359,0.0001,-22.239,loss_of_function,-8.21030175526727,0.9989,pathogenic,10.1101/2022.10.22.513328; 37085483
S241Y,0.34905,-0.10340333333333333,-0.4448439234607375,Neutral,Neutral,0.27899,-0.48095333333333334,-0.38536328650711565,Neutral,Neutral,53.292,15.473,86.04,13.604,,,0.960,"cBioPortal,COSMIC,germline_muts,somatic_muts,clinvar",,False,53.292,,,,uncertain,,,,False,86.04,,,,uncertain,,,376663,Pathogenic,2,-0.3633,0.0001,-22.239,loss_of_function,-8.21030175526727,0.9984,pathogenic,10.1101/2022.10.22.513328; 37085483
C242F,-0.44315,1.1470533333333333,-0.3259029660520006,Neutral,Neutral,25.57796,0.0538566666666667,-0.5277254955337872,Uncertain,Uncertain,24.171,6.687,7.025,4.199,,,0.977,"cBioPortal,COSMIC,germline_muts,somatic_muts,clinvar",,False,24.171,,,,neutral,neutral,neutral,,False,7.025,,,,neutral,neutral,neutral,376578,Conflicting interpretations of pathogenicity,1,-0.4865,0.0001,-22.2361,loss_of_function,-8.15974944450928,0.9994,pathogenic,10.1101/2022.10.22.513328; 37085483
C242G,0.12598,1.1863933333333332,0.8792643026328403,Neutral,Neutral,0.6299,1.8536299999999999,0.8315411117897757,Neutral,Neutral,24.171,6.687,7.025,4.199,,,0.963,"cBioPortal,COSMIC,somatic_muts,clinvar",,False,24.171,,,,neutral,neutral,neutral,,False,7.025,,,,neutral,neutral,neutral,376581,Uncertain significance,1,-0.4849,0.0001,-22.2361,loss_of_function,-8.15974944450928,0.9973,pathogenic,10.1101/2022.10.22.513328; 37085483
C242R,0.08647,0.2880933333333333,0.1568611904675887,Neutral,Neutral,12.41415,1.2206366666666668,-0.22482768401629458,Uncertain,Uncertain,24.171,6.687,7.025,4.199,,,0.966,"cBioPortal,COSMIC,germline_muts,somatic_muts,clinvar",,False,24.171,,,,neutral,neutral,neutral,,False,7.025,,,,neutral,neutral,neutral,449512,Conflicting interpretations of pathogenicity,1,-0.5447,0.0001,-22.2361,loss_of_function,-8.15974944450928,0.9994,pathogenic,10.1101/2022.10.22.513328; 37085483
C242S,-0.16276,0.5776633333333333,0.09153790047834709,Neutral,Neutral,2.5679,0.61508,0.3619960144770921,Uncertain,Uncertain,24.171,6.687,7.025,4.199,,,"0.947, 0.960","cBioPortal,COSMIC,somatic_muts,clinvar",,False,24.171,,,,neutral,neutral,neutral,,False,7.025,,,,neutral,neutral,neutral,"2124706, 647334, 376579","Uncertain significance, Uncertain significance, Conflicting interpretations of pathogenicity","1, 1, 1",-0.4833,0.0001,-22.2361,loss_of_function,-3.52762339560825,0.9989,pathogenic,10.1101/2022.10.22.513328; 37085483
C242W,0.72776,-0.20997999999999997,-0.5307803352839798,Neutral,Neutral,29.24155,0.40736999999999995,-0.7893318523792411,Uncertain,Uncertain,24.171,6.687,7.025,4.199,,,0.940,"cBioPortal,COSMIC,somatic_muts,clinvar",,False,24.171,,,,neutral,neutral,neutral,,False,7.025,,,,neutral,neutral,neutral,376580,Likely pathogenic,0,-0.4896,0.0001,-22.2361,loss_of_function,-8.15974944450928,0.9994,pathogenic,10.1101/2022.10.22.513328; 37085483
C242Y,-0.24036,0.9043066666666668,-0.12854439284551786,Neutral,Neutral,30.71702,0.6841233333333333,-0.20419899359708302,Uncertain,Uncertain,24.171,6.687,7.025,4.199,,0.0,0.973,"cBioPortal,COSMIC,germline_muts,somatic_muts,clinvar",,False,24.171,,,,neutral,neutral,neutral,,False,7.025,,,,neutral,neutral,neutral,12354,Pathogenic,2,-0.4958,0.0001,-22.2361,loss_of_function,-8.15974944450928,0.9995,pathogenic,10.1101/2022.10.22.513328; 37085483
M243I,0.40819,0.5088400000000001,0.30927543494475535,Neutral,Neutral,0.07268,0.021426666666666667,-0.23288143713613377,Neutral,Neutral,69.902,10.472,90.02,10.511,,,0.820,"cBioPortal,COSMIC,somatic_muts,clinvar",,False,69.902,,,,neutral,neutral,neutral,,False,90.02,,,,neutral,neutral,neutral,840505,Uncertain significance,1,-0.2218,1.056,-22.239,loss_of_function,-3.86249283957872,0.9829,pathogenic,10.1101/2022.10.22.513328; 37085483
M243K,0.06919,0.20804999999999998,0.5161961481388934,Neutral,Neutral,0.03901,0.048186666666666676,-0.13452694139155638,Neutral,Neutral,69.902,10.472,90.02,10.511,,,0.933,"COSMIC,somatic_muts",,False,69.902,,,,neutral,neutral,neutral,,False,90.02,,,,neutral,neutral,neutral,,,,-0.2993,1.056,-8.9511,loss_of_function,-4.97557790620836,0.9506,pathogenic,10.1101/2022.10.22.513328; 37085483
M243L,0.00618,-0.08820666666666666,-0.15212472650398953,Neutral,Neutral,0.01141,0.06236,-0.5306106692612022,Neutral,Neutral,69.902,10.472,90.02,10.511,,,0.763,"COSMIC,somatic_muts,clinvar",,False,69.902,,,,neutral,neutral,neutral,,False,90.02,,,,neutral,neutral,neutral,"1758050, 186653","Uncertain significance, Uncertain significance","1, 2",-0.1159,1.056,-7.9512,loss_of_function,-0.913223744175104,0.6754,pathogenic,10.1101/2022.10.22.513328; 37085483
M243R,0.24464,0.3921766666666667,0.2839413103632764,Neutral,Neutral,0.16253,0.47108666666666665,-0.2593239089435301,Neutral,Neutral,69.902,10.472,90.02,10.511,,,0.890,"COSMIC,somatic_muts",,False,69.902,,,,neutral,neutral,neutral,,False,90.02,,,,neutral,neutral,neutral,,,,-0.3944,1.056,-22.239,loss_of_function,-4.9510398083182,0.9493,pathogenic,10.1101/2022.10.22.513328; 37085483
M243T,0.76461,0.22290333333333331,0.6325246620522681,Neutral,Neutral,0.22215,0.40079000000000004,0.026421258226422106,Neutral,Neutral,69.902,10.472,90.02,10.511,,,0.879,"cBioPortal,COSMIC,somatic_muts,clinvar",,False,69.902,,,,neutral,neutral,neutral,,False,90.02,,,,neutral,neutral,neutral,182936,Conflicting interpretations of pathogenicity,1,-0.2757,1.056,-22.239,loss_of_function,-5.0814076128431,0.9711,pathogenic,10.1101/2022.10.22.513328; 37085483
M243V,0.60759,0.5524933333333334,0.45733019809154274,Neutral,Neutral,0.16842,0.15442,-0.1185930377776671,Neutral,Neutral,69.902,10.472,90.02,10.511,,,0.705,"COSMIC,somatic_muts,clinvar",,False,69.902,,,,neutral,neutral,neutral,,False,90.02,,,,neutral,neutral,neutral,406567,Uncertain significance,2,-0.1445,1.056,-0.8117,loss_of_function,-2.65749508073715,0.6734,pathogenic,10.1101/2022.10.22.513328; 37085483
G244A,0.25822,0.3978466666666667,0.20314878710818352,Neutral,Neutral,2.86377,2.0216566666666664,1.441132416167295,Uncertain,Uncertain,34.894,15.866,84.045,15.448,,,0.922,"cBioPortal,COSMIC,somatic_muts,clinvar",,False,34.894,,,,neutral,neutral,neutral,,False,84.045,,,,neutral,neutral,neutral,458560,Pathogenic,2,-0.3817,0.0211,-22.239,loss_of_function,-6.16831376483764,0.9878,pathogenic,10.1101/2022.10.22.513328; 37085483
G244C,0.49968,-0.0021533333333334514,0.6805500063776249,Neutral,Neutral,3.31566,3.3091866666666667,1.9737901642749174,Destabilizing,Uncertain,34.894,15.866,84.045,15.448,,,0.940,"cBioPortal,COSMIC,somatic_muts,clinvar",,False,34.894,,,,neutral,neutral,neutral,,False,84.045,,,,neutral,neutral,neutral,376599,Conflicting interpretations of pathogenicity,1,-0.4415,0.0211,-22.239,loss_of_function,-6.16831376483764,0.9978,pathogenic,10.1101/2022.10.22.513328; 37085483
G244D,0.80037,-2.9137199999999996,0.0305078500797857,Uncertain,Neutral,2.83408,2.558733333333333,0.8694821707450576,Uncertain,Uncertain,34.894,15.866,84.045,15.448,,,0.953,"cBioPortal,COSMIC,germline_muts,somatic_muts,clinvar",,False,34.894,,,,neutral,neutral,neutral,,False,84.045,,,,neutral,neutral,neutral,372785,Pathogenic,2,-0.3742,0.0211,-8.9511,loss_of_function,-7.29291234882808,0.9987,pathogenic,10.1101/2022.10.22.513328; 37085483
G244E,1.12659,-2.28651,0.21501045718832476,Uncertain,Neutral,3.00218,1.25805,1.2750022722494103,Uncertain,Uncertain,34.894,15.866,84.045,15.448,,,,COSMIC,,False,34.894,,,,neutral,neutral,neutral,,False,84.045,,,,neutral,neutral,neutral,,,,-0.4413,0.0211,-22.239,loss_of_function,-7.29291234882808,0.9993,pathogenic,10.1101/2022.10.22.513328; 37085483
G244F,3.4666,-0.31054333333333334,-0.13649054060115293,Uncertain,Uncertain,3.31792,1.7630400000000002,0.9324813382122265,Uncertain,Uncertain,34.894,15.866,84.045,15.448,,,,"cBioPortal,COSMIC",,False,34.894,,,,neutral,neutral,neutral,,False,84.045,,,,neutral,neutral,neutral,,,,-0.4796,0.0211,-22.239,loss_of_function,-7.78169034861623,0.9989,pathogenic,10.1101/2022.10.22.513328; 37085483
G244R,2.66996,0.3257366666666667,0.21583504660568073,Uncertain,Uncertain,3.15581,2.0257366666666665,0.9501946946249292,Uncertain,Uncertain,34.894,15.866,84.045,15.448,,,0.942,"cBioPortal,COSMIC,somatic_muts,clinvar",,False,34.894,,,,neutral,neutral,neutral,,False,84.045,,,,neutral,neutral,neutral,376602,Likely pathogenic,0,-0.4583,0.0211,-22.239,loss_of_function,-8.0521286525835,0.999,pathogenic,10.1101/2022.10.22.513328; 37085483
G244S,0.99881,-0.7967099999999999,0.2895353842703711,Neutral,Neutral,3.23345,2.03413,1.374344874960837,Uncertain,Uncertain,34.894,15.866,84.045,15.448,,,0.936,"cBioPortal,COSMIC,germline_muts,somatic_muts,clinvar",,False,34.894,,,,neutral,neutral,neutral,,False,84.045,,,,neutral,neutral,neutral,376600,Pathogenic,2,-0.3876,0.0211,-22.239,loss_of_function,-5.25612230183068,0.9907,pathogenic,10.1101/2022.10.22.513328; 37085483
G244V,1.51192,-0.0986366666666667,0.39771052715750793,Neutral,Neutral,5.00087,4.67925,2.20854373545025,Destabilizing,Uncertain,34.894,15.866,84.045,15.448,,,0.949,"cBioPortal,COSMIC,germline_muts,somatic_muts,clinvar",,False,34.894,,,,neutral,neutral,neutral,,False,84.045,,,,neutral,neutral,neutral,376601,Likely pathogenic,0,-0.4685,0.0211,-22.239,loss_of_function,-7.51125204464897,0.9973,pathogenic,10.1101/2022.10.22.513328; 37085483
G245A,1.1708,0.25986333333333334,1.2965757723316915,Neutral,Neutral,4.08721,0.82585,0.13899084473317178,Uncertain,Uncertain,14.521,11.562,14.415,17.839,,,0.946,"cBioPortal,COSMIC,somatic_muts,clinvar",,False,14.521,,,,neutral,neutral,neutral,,False,14.415,,,,neutral,neutral,neutral,265357,Pathogenic/Likely pathogenic,2,-0.3817,0.0211,-22.239,loss_of_function,-7.14246254602009,0.9856,pathogenic,10.1101/2022.10.22.513328; 37085483
G245C,1.58996,0.27211,2.004419146075962,Neutral,Uncertain,6.75147,2.6841266666666663,1.1091612789233025,Uncertain,Uncertain,14.521,11.562,14.415,17.839,,,0.970,"cBioPortal,COSMIC,germline_muts,somatic_muts,clinvar",,False,14.521,,,,neutral,neutral,neutral,,False,14.415,,,,neutral,neutral,neutral,12349,Pathogenic,2,-0.4415,0.0211,-22.239,loss_of_function,-7.14246254602009,0.9965,pathogenic,10.1101/2022.10.22.513328; 37085483
G245D,3.81577,-3.7723333333333335,2.291459378789201,Uncertain,Uncertain,10.54465,1.9718833333333334,1.2790826090413587,Uncertain,Uncertain,14.521,11.562,14.415,17.839,,3.9767123723e-06,0.974,"cBioPortal,COSMIC,germline_muts,somatic_muts,clinvar",,False,14.521,,,,neutral,neutral,neutral,,False,14.415,,,,neutral,neutral,neutral,"861760, 12355","Pathogenic, Pathogenic/Likely pathogenic","1, 2",-0.442,0.0211,-22.239,loss_of_function,-7.84612232477533,0.9989,pathogenic,10.1101/2022.10.22.513328; 37085483
G245E,4.6487,-2.14161,3.1012056267647226,Uncertain,Destabilizing,9.58635,3.032313333333333,1.5473021001161245,Destabilizing,Uncertain,14.521,11.562,14.415,17.839,,,,COSMIC,,False,14.521,,,,neutral,neutral,neutral,,False,14.415,,,,neutral,neutral,neutral,,,,-0.4413,0.0211,-22.239,loss_of_function,-7.13690041857986,0.9993,pathogenic,10.1101/2022.10.22.513328; 37085483
G245F,8.6301,2.55964,2.306833937301402,Uncertain,Uncertain,21.23627,7.951586666666667,0.25675739053866425,Destabilizing,Uncertain,14.521,11.562,14.415,17.839,,,,"cBioPortal,COSMIC",,False,14.521,,,,neutral,neutral,neutral,,False,14.415,,,,neutral,neutral,neutral,,,,-0.4796,0.0211,-22.239,loss_of_function,-8.11833508552484,0.9987,pathogenic,10.1101/2022.10.22.513328; 37085483
G245H,9.71319,-0.07131333333333335,2.2633665029766057,Uncertain,Uncertain,23.539,6.4503433333333335,0.6008400059887538,Destabilizing,Uncertain,14.521,11.562,14.415,17.839,,,,"COSMIC,somatic_muts",,False,14.521,,,,neutral,neutral,neutral,,False,14.415,,,,neutral,neutral,neutral,,,,-0.4543,0.0211,-22.239,loss_of_function,-8.11833508552484,0.9997,pathogenic,10.1101/2022.10.22.513328; 37085483
G245I,5.0696,1.37551,3.127623220062349,Uncertain,Destabilizing,14.0668,2.9823133333333334,1.1630096810848423,Uncertain,Uncertain,14.521,11.562,14.415,17.839,,,,cBioPortal,,False,14.521,,,,neutral,neutral,neutral,,False,14.415,,,,neutral,neutral,neutral,,,,-0.5253,0.0211,-22.239,loss_of_function,-8.11833508552484,0.9986,pathogenic,10.1101/2022.10.22.513328; 37085483
G245L,3.95163,3.563603333333333,2.2705354401849105,Destabilizing,Uncertain,12.55155,3.146713333333333,0.260502855392901,Destabilizing,Uncertain,14.521,11.562,14.415,17.839,,,,"COSMIC,somatic_muts",,False,14.521,,,,neutral,neutral,neutral,,False,14.415,,,,neutral,neutral,neutral,,,,-0.4935,0.0211,-22.239,loss_of_function,-8.11833508552484,0.9988,pathogenic,10.1101/2022.10.22.513328; 37085483
G245N,4.04982,1.8078233333333333,1.7368978548383514,Uncertain,Uncertain,10.90426,2.4984133333333336,0.769509972423533,Uncertain,Uncertain,14.521,11.562,14.415,17.839,,,,"cBioPortal,COSMIC,somatic_muts",,False,14.521,,,,neutral,neutral,neutral,,False,14.415,,,,neutral,neutral,neutral,,,,-0.4423,0.0211,-22.239,loss_of_function,-7.84612232477533,0.9988,pathogenic,10.1101/2022.10.22.513328; 37085483
G245R,8.23398,-0.12278666666666682,2.8881029128570312,Uncertain,Uncertain,17.46891,5.514173333333333,1.2008724703593057,Destabilizing,Uncertain,14.521,11.562,14.415,17.839,,0.0,0.961,"cBioPortal,COSMIC,somatic_muts,clinvar",,False,14.521,,,,neutral,neutral,neutral,,False,14.415,,,,neutral,neutral,neutral,376604,Conflicting interpretations of pathogenicity,1,-0.3905,0.0211,-8.9511,loss_of_function,-5.02711372287612,0.9987,pathogenic,10.1101/2022.10.22.513328; 37085483
G245S,1.75106,0.43526333333333334,1.8977737259090717,Neutral,Neutral,5.74996,1.6488666666666667,0.9861427214843114,Uncertain,Uncertain,14.521,11.562,14.415,17.839,3.19284802043e-05,0.0,0.947,"cBioPortal,COSMIC,germline_muts,somatic_muts,clinvar",,False,14.521,,,,neutral,neutral,neutral,,False,14.415,,,,neutral,neutral,neutral,12365,Pathogenic,3,-0.3876,0.0211,-22.239,loss_of_function,-5.81833350582095,0.9732,pathogenic,10.1101/2022.10.22.513328; 37085483
G245V,3.72793,-0.7816299999999999,2.4373192549566807,Uncertain,Uncertain,11.44423,1.74796,0.851504503060824,Uncertain,Uncertain,14.521,11.562,14.415,17.839,,3.9767123723e-06,0.972,"cBioPortal,COSMIC,germline_muts,somatic_muts,clinvar",,False,14.521,,,,neutral,neutral,neutral,,False,14.415,,,,neutral,neutral,neutral,376603,Pathogenic,2,-0.4685,0.0211,-22.239,loss_of_function,-8.11833508552484,0.9969,pathogenic,10.1101/2022.10.22.513328; 37085483
G245Y,10.31766,0.7275533333333333,2.6238642584758267,Uncertain,Uncertain,24.57901,9.121653333333333,0.6037486483288649,Destabilizing,Uncertain,14.521,11.562,14.415,17.839,,,,cBioPortal,,False,14.521,,,,neutral,neutral,neutral,,False,14.415,,,,neutral,neutral,neutral,,,,-0.48,0.0211,-22.239,loss_of_function,-8.11833508552484,0.9989,pathogenic,10.1101/2022.10.22.513328; 37085483
M246I,2.25033,0.9598666666666666,0.6187301187431914,Uncertain,Uncertain,2.2509,1.5056666666666665,1.1639889665888135,Uncertain,Uncertain,1.233,1.382,2.48,2.114,,,0.838,"cBioPortal,COSMIC,somatic_muts,clinvar",,False,1.233,,,,neutral,neutral,neutral,,False,2.48,,,,neutral,neutral,neutral,"1758655, 968639, 480961","Likely pathogenic, Uncertain significance, Pathogenic/Likely pathogenic","1, 1, 2",-0.2492,0.0212,-8.9453,loss_of_function,-3.37572060739883,0.9793,pathogenic,10.1101/2022.10.22.513328; 37085483
M246K,3.035,5.087413333333333,3.1219755632731077,Destabilizing,Destabilizing,2.8914,4.784013333333333,3.1345792176898493,Uncertain,Uncertain,1.233,1.382,2.48,2.114,,,0.963,"cBioPortal,COSMIC,somatic_muts,clinvar",,False,1.233,,,,neutral,neutral,neutral,,False,2.48,,,,neutral,neutral,neutral,480764,Likely pathogenic,2,-0.4623,0.0212,-22.2332,loss_of_function,-7.57609653582207,0.9922,pathogenic,10.1101/2022.10.22.513328; 37085483
M246L,0.15461,0.6765300000000001,-0.17371526967453432,Neutral,Neutral,0.19238,1.1953500000000001,0.5816393889316824,Neutral,Neutral,1.233,1.382,2.48,2.114,,,0.865,"cBioPortal,COSMIC,germline_muts,somatic_muts,clinvar",,False,1.233,,,,neutral,neutral,neutral,,False,2.48,,,,neutral,neutral,neutral,"406586, 186737","Uncertain significance, Conflicting interpretations of pathogenicity","1, 1",-0.284,0.0212,-22.2332,loss_of_function,-3.25823119973457,0.8684,pathogenic,10.1101/2022.10.22.513328; 37085483
M246R,4.31358,4.522223333333334,2.124810558364562,Destabilizing,Uncertain,4.89822,3.131066666666667,2.380872836069118,Destabilizing,Uncertain,1.233,1.382,2.48,2.114,,,0.959,"cBioPortal,COSMIC,somatic_muts,clinvar",,False,1.233,,,,neutral,neutral,neutral,,False,2.48,,,,neutral,neutral,neutral,127822,Conflicting interpretations of pathogenicity,1,-0.4896,0.0212,-22.2332,loss_of_function,-7.57609653582207,0.9949,pathogenic,10.1101/2022.10.22.513328; 37085483
M246T,3.28433,2.3298200000000002,2.197538633718857,Uncertain,Uncertain,1.89946,2.8480733333333332,2.164471014397694,Uncertain,Uncertain,1.233,1.382,2.48,2.114,,,0.956,"cBioPortal,COSMIC,germline_muts,somatic_muts,clinvar",,False,1.233,,,,neutral,neutral,neutral,,False,2.48,,,,neutral,neutral,neutral,428886,Conflicting interpretations of pathogenicity,1,-0.3709,0.0212,-22.2332,loss_of_function,-7.57609653582207,0.9983,pathogenic,10.1101/2022.10.22.513328; 37085483
M246V,2.76279,1.42415,1.0258691758173513,Uncertain,Uncertain,1.47162,2.3336733333333335,1.3117062623004225,Uncertain,Neutral,1.233,1.382,2.48,2.114,,,0.924,"cBioPortal,COSMIC,germline_muts,somatic_muts,clinvar",,False,1.233,,,,neutral,neutral,neutral,,False,2.48,,,,neutral,neutral,neutral,100815,Pathogenic,2,-0.3491,0.0212,-22.2332,loss_of_function,-4.00168503980769,0.9304,pathogenic,10.1101/2022.10.22.513328; 37085483
N247D,0.39613,0.8675733333333334,0.6453619736048074,Neutral,Neutral,-0.10663,0.12119999999999997,-0.0025017656384701734,Neutral,Neutral,49.466,12.471,79.835,14.963,,,0.940,"cBioPortal,COSMIC,somatic_muts",,False,49.466,,,,neutral,neutral,neutral,,False,79.835,,,,neutral,neutral,neutral,,,,-0.3282,0.0422,-22.2332,loss_of_function,-4.41228490946553,0.9854,pathogenic,10.1101/2022.10.22.513328; 37085483
N247F,0.58714,0.22006666666666666,0.056290239420165304,Neutral,Neutral,0.14756,0.8057833333333333,-0.1229958388586357,Neutral,Neutral,49.466,12.471,79.835,14.963,,,,COSMIC,,False,49.466,,,,neutral,neutral,neutral,,False,79.835,,,,neutral,neutral,neutral,,,,-0.3821,0.0422,-22.2332,loss_of_function,-7.61411973536705,0.9967,pathogenic,10.1101/2022.10.22.513328; 37085483
N247I,2.53276,4.04399,0.521789863083395,Uncertain,Uncertain,0.73665,3.5521566666666664,0.19061258233602274,Uncertain,Neutral,49.466,12.471,79.835,14.963,,,0.953,"cBioPortal,COSMIC,somatic_muts,clinvar",,False,49.466,,,,neutral,neutral,neutral,,False,79.835,,,,neutral,neutral,neutral,184882,Conflicting interpretations of pathogenicity,1,-0.3753,0.0422,-22.2332,loss_of_function,-7.87845834414539,0.9966,pathogenic,10.1101/2022.10.22.513328; 37085483
N247K,0.18571,-0.5730133333333334,0.45103011539185905,Neutral,Neutral,0.19511,1.1767566666666667,0.04528835077984016,Neutral,Neutral,49.466,12.471,79.835,14.963,,,0.889,COSMIC,,False,49.466,,,,neutral,neutral,neutral,,False,79.835,,,,neutral,neutral,neutral,,,,-0.3282,0.0422,-22.2332,loss_of_function,-7.87845834414539,0.9975,pathogenic,10.1101/2022.10.22.513328; 37085483
N247S,0.86418,0.8500033333333334,1.0092323240807233,Neutral,Neutral,0.48404,1.5328799999999998,0.23952620532220692,Neutral,Neutral,49.466,12.471,79.835,14.963,,,0.935,"COSMIC,somatic_muts,clinvar",,False,49.466,,,,neutral,neutral,neutral,,False,79.835,,,,neutral,neutral,neutral,406595,Conflicting interpretations of pathogenicity,1,-0.2271,0.0422,-8.9453,loss_of_function,-3.85136361305547,0.7867,pathogenic,10.1101/2022.10.22.513328; 37085483
N247T,2.75485,1.5639466666666666,0.9720241671547561,Uncertain,Uncertain,0.64518,2.0005666666666664,0.3049011979452275,Uncertain,Neutral,49.466,12.471,79.835,14.963,,,0.950,"cBioPortal,COSMIC,somatic_muts",,False,49.466,,,,neutral,neutral,neutral,,False,79.835,,,,neutral,neutral,neutral,,,,-0.3445,0.0422,-22.2332,loss_of_function,-6.36434781999315,0.9894,pathogenic,10.1101/2022.10.22.513328; 37085483
N247Y,0.59914,-0.049546666666666676,0.2080740854172108,Neutral,Neutral,0.2469,0.87256,-0.05256235453570903,Neutral,Neutral,49.466,12.471,79.835,14.963,,,0.959,"COSMIC,somatic_muts",,False,49.466,,,,neutral,neutral,neutral,,False,79.835,,,,neutral,neutral,neutral,,,,-0.3657,0.0422,-22.2332,loss_of_function,-7.61411973536705,0.9639,pathogenic,10.1101/2022.10.22.513328; 37085483
R248C,0.54285,1.1358266666666668,1.2465706935928234,Neutral,Neutral,0.39513,0.26587333333333335,1.0151150893668872,Neutral,Neutral,76.731,10.523,83.81,10.9,,,,COSMIC,,True,76.731,,,,neutral,neutral,neutral,,True,83.81,,,,neutral,neutral,neutral,,,,-0.4113,0.0804,-22.2302,loss_of_function,-7.78923574105153,0.9978,pathogenic,10.1101/2022.10.22.513328; 37085483
R248G,-0.7956,-0.10374333333333335,1.130007757994086,Neutral,Neutral,-0.33579,-0.015530000000000007,0.7710090581311717,Neutral,Neutral,76.731,10.523,83.81,10.9,,,0.932,"cBioPortal,COSMIC,somatic_muts,clinvar",,True,76.731,,,,neutral,neutral,neutral,,True,83.81,,,,neutral,neutral,neutral,376652,Pathogenic/Likely pathogenic,2,-0.37,0.0804,-8.9424,loss_of_function,-7.78923574105153,0.9985,pathogenic,10.1101/2022.10.22.513328; 37085483
R248H,0.52522,0.35101999999999994,0.2692377333931226,Neutral,Neutral,0.38856,-0.8314033333333333,-0.05399613808591273,Neutral,Neutral,76.731,10.523,83.81,10.9,,,,"cBioPortal,COSMIC",,True,76.731,,,,neutral,neutral,neutral,,True,83.81,,,,neutral,neutral,neutral,,,,-0.3722,0.0804,-22.2302,loss_of_function,-7.37527863068139,0.996,pathogenic,10.1101/2022.10.22.513328; 37085483
R248L,0.15731,0.34025,0.16695191720064426,Neutral,Neutral,0.3568,-0.19931999999999997,-0.13799743958522825,Neutral,Neutral,76.731,10.523,83.81,10.9,,,0.960,"cBioPortal,COSMIC,germline_muts,somatic_muts,clinvar",,True,76.731,,,,neutral,neutral,neutral,,True,83.81,,,,neutral,neutral,neutral,230253,Pathogenic,3,-0.4049,0.0804,-22.2302,loss_of_function,-7.78923574105153,0.999,pathogenic,10.1101/2022.10.22.513328; 37085483
R248P,4.44504,6.3229033333333335,5.39364102387783,Destabilizing,Destabilizing,3.43156,6.37415,2.314938924167253,Destabilizing,Uncertain,76.731,10.523,83.81,10.9,,,0.965,"cBioPortal,COSMIC,somatic_muts,clinvar",,True,76.731,,,,neutral,neutral,neutral,,True,83.81,,,,neutral,neutral,neutral,237954,Pathogenic/Likely pathogenic,2,-0.4716,0.0804,-7.9424,loss_of_function,-4.8646206736246,0.9994,pathogenic,10.1101/2022.10.22.513328; 37085483
R248Q,0.17983,0.14161,0.7625875513550108,Neutral,Neutral,0.2356,0.08673333333333333,0.43010638037569654,Neutral,Neutral,76.731,10.523,83.81,10.9,,1.19296627087e-05,0.934,"cBioPortal,COSMIC,germline_muts,somatic_muts,clinvar",,True,76.731,,,,neutral,neutral,neutral,,True,83.81,,,,neutral,neutral,neutral,12356,Pathogenic,3,-0.3093,0.0804,-8.9424,loss_of_function,-2.41390063355383,0.9963,pathogenic,10.1101/2022.10.22.513328; 37085483
R248W,0.92523,0.6547633333333334,0.09680036298232535,Neutral,Neutral,0.61262,-0.1869633333333333,-0.18397675051809725,Neutral,Neutral,76.731,10.523,83.81,10.9,,3.9765226105e-06,0.927,"cBioPortal,COSMIC,germline_muts,somatic_muts,clinvar",,True,76.731,,,,neutral,neutral,neutral,,True,83.81,,,,neutral,neutral,neutral,"437017, 12347","Likely pathogenic, Pathogenic","1, 3",-0.4202,0.0804,-22.2302,loss_of_function,-2.72930677208217,0.9968,pathogenic,10.1101/2022.10.22.513328; 37085483
R248Y,0.406,0.5280066666666666,0.2698704006375748,Neutral,Neutral,0.28575,-0.5784566666666666,0.1317486036532953,Neutral,Neutral,76.731,10.523,83.81,10.9,,,,COSMIC,,True,76.731,,,,neutral,neutral,neutral,,True,83.81,,,,neutral,neutral,neutral,,,,-0.4239,0.0804,-22.2302,loss_of_function,-7.37527863068139,0.9993,pathogenic,10.1101/2022.10.22.513328; 37085483
R249G,2.71902,2.87857,2.4967759943460837,Uncertain,Uncertain,-1.27928,3.43345,2.638996512038567,Uncertain,Uncertain,14.239,4.079,33.515,16.948,,,0.888,"cBioPortal,COSMIC,somatic_muts,clinvar",P,True,14.239,,,,uncertain,neutral,neutral,P,True,33.515,,,,damaging,neutral,neutral,376654,Conflicting interpretations of pathogenicity,1,-0.4378,0.0804,-22.2302,loss_of_function,-7.87688531520774,0.9979,pathogenic,10.1101/2022.10.22.513328; 37085483
R249I,0.45566,0.5218833333333334,0.6414214130521768,Neutral,Neutral,0.95575,-0.44149666666666665,1.4233523093306104,Neutral,Neutral,14.239,4.079,33.515,16.948,,,,"cBioPortal,COSMIC,somatic_muts",P,True,14.239,,,,uncertain,neutral,neutral,P,True,33.515,,,,damaging,neutral,neutral,,,,-0.4318,0.0804,-22.2302,loss_of_function,-7.87688531520774,0.9981,pathogenic,10.1101/2022.10.22.513328; 37085483
R249K,1.17561,1.2992033333333335,1.2282598571829064,Neutral,Neutral,-0.53425,1.00941,1.6646793005450065,Neutral,Neutral,14.239,4.079,33.515,16.948,,,0.893,"cBioPortal,COSMIC,germline_muts,somatic_muts,clinvar",P,True,14.239,,,,uncertain,neutral,neutral,P,True,33.515,,,,damaging,neutral,neutral,142241,Conflicting interpretations of pathogenicity,1,-0.2927,0.0804,-22.2302,loss_of_function,-2.22538311817255,0.9066,pathogenic,10.1101/2022.10.22.513328; 37085483
R249M,0.11107,0.7736966666666666,0.635557992303018,Neutral,Neutral,-1.37924,-0.2716566666666666,0.7306056351720499,Neutral,Neutral,14.239,4.079,33.515,16.948,,,0.911,"cBioPortal,COSMIC,somatic_muts,clinvar",P,True,14.239,,,,uncertain,neutral,neutral,P,True,33.515,,,,damaging,neutral,neutral,376653,Uncertain significance,1,-0.3707,0.0804,-22.2302,loss_of_function,-7.87688531520774,0.9991,pathogenic,10.1101/2022.10.22.513328; 37085483
R249S,1.74379,1.9210866666666666,1.971830818676138,Neutral,Neutral,-0.57313,1.6125833333333333,2.167379981251012,Neutral,Uncertain,14.239,4.079,33.515,16.948,,,0.769,"cBioPortal,COSMIC,somatic_muts,clinvar",P,True,14.239,,,,uncertain,neutral,neutral,P,True,33.515,,,,damaging,neutral,neutral,"406598, 12352","Uncertain significance, Conflicting interpretations of pathogenicity","1, 1",-0.3301,0.0804,-7.9424,loss_of_function,-3.73633473777127,0.9995,pathogenic,10.1101/2022.10.22.513328; 37085483
R249T,1.42723,1.5480733333333336,1.4956200258369703,Neutral,Neutral,1.09919,1.0541966666666667,1.954902545036898,Neutral,Neutral,14.239,4.079,33.515,16.948,,,0.921,"cBioPortal,COSMIC,germline_muts,somatic_muts,clinvar",P,True,14.239,,,,uncertain,neutral,neutral,P,True,33.515,,,,damaging,neutral,neutral,376015,Pathogenic,2,-0.4073,0.0804,-22.2302,loss_of_function,-6.93003648537252,0.9994,pathogenic,10.1101/2022.10.22.513328; 37085483
R249V,0.9204,1.0511333333333333,0.8407465776694999,Neutral,Neutral,0.42183,-0.20193000000000003,1.542792600055152,Neutral,Neutral,14.239,4.079,33.515,16.948,,,,COSMIC,P,True,14.239,,,,uncertain,neutral,neutral,P,True,33.515,,,,damaging,neutral,neutral,,,,-0.4189,0.0804,-22.2302,loss_of_function,-7.87688531520774,0.9984,pathogenic,10.1101/2022.10.22.513328; 37085483
R249W,1.1487,1.1752833333333332,0.08169266369222224,Neutral,Neutral,0.32906,-0.4439933333333334,0.5507259311962088,Neutral,Neutral,14.239,4.079,33.515,16.948,,,0.846,"cBioPortal,COSMIC,somatic_muts,clinvar",P,True,14.239,,,,uncertain,neutral,neutral,P,True,33.515,,,,damaging,neutral,neutral,141881,Conflicting interpretations of pathogenicity,1,-0.3523,0.0804,-8.9424,loss_of_function,-7.87688531520774,0.9904,pathogenic,10.1101/2022.10.22.513328; 37085483
P250A,1.21775,0.6487533333333334,-0.08141610377566406,Neutral,Neutral,1.20846,0.8897966666666667,0.07177650751522856,Neutral,Neutral,24.23,7.699,19.675,8.483,,,0.892,"COSMIC,somatic_muts,clinvar",,True,24.23,,,,neutral,neutral,neutral,,True,19.675,,,,neutral,neutral,neutral,1759142,Uncertain significance,1,-0.243,0.0957,-7.3604,loss_of_function,-4.08421037088883,0.4876,ambiguous,10.1101/2022.10.22.513328; 37085483
P250F,1.91787,0.5106566666666666,-0.2996181578599468,Neutral,Neutral,2.13736,0.5655333333333333,-0.38073583615665535,Uncertain,Uncertain,24.23,7.699,19.675,8.483,,,,"cBioPortal,COSMIC,somatic_muts",,True,24.23,,,,neutral,neutral,neutral,,True,19.675,,,,neutral,neutral,neutral,,,,-0.38,0.0957,-22.2332,loss_of_function,-7.87956709322664,0.9966,pathogenic,10.1101/2022.10.22.513328; 37085483
P250H,2.91137,1.2043066666666666,-0.07909996722162803,Uncertain,Uncertain,3.04344,1.3032899999999998,-0.30502924594343656,Uncertain,Uncertain,24.23,7.699,19.675,8.483,,,0.941,"cBioPortal,COSMIC,somatic_muts",,True,24.23,,,,neutral,neutral,neutral,,True,19.675,,,,neutral,neutral,neutral,,,,-0.3576,0.0957,-22.2332,loss_of_function,-7.87956709322664,0.9681,pathogenic,10.1101/2022.10.22.513328; 37085483
P250L,1.51205,0.6075933333333333,-0.32762693912956115,Neutral,Neutral,1.74378,0.08401333333333334,-0.6031361172294386,Neutral,Neutral,24.23,7.699,19.675,8.483,,,0.962,"cBioPortal,COSMIC,germline_muts,somatic_muts,clinvar",,True,24.23,,,,neutral,neutral,neutral,,True,19.675,,,,neutral,neutral,neutral,420136,Conflicting interpretations of pathogenicity,1,-0.2998,0.0957,-8.9453,loss_of_function,-6.44255387688277,0.9135,pathogenic,10.1101/2022.10.22.513328; 37085483
P250N,2.36481,1.1675733333333331,0.3351994312538144,Uncertain,Uncertain,2.08421,1.1441033333333335,-0.11608175294252154,Uncertain,Uncertain,24.23,7.699,19.675,8.483,,,,"COSMIC,somatic_muts",,True,24.23,,,,neutral,neutral,neutral,,True,19.675,,,,neutral,neutral,neutral,,,,-0.3456,0.0957,-22.2332,loss_of_function,-6.79863953820232,0.9671,pathogenic,10.1101/2022.10.22.513328; 37085483
P250Q,1.53812,0.8291366666666667,0.42257791240754,Neutral,Neutral,2.08361,1.1453499999999999,0.0954609647202936,Uncertain,Uncertain,24.23,7.699,19.675,8.483,,,,"COSMIC,somatic_muts",,True,24.23,,,,neutral,neutral,neutral,,True,19.675,,,,neutral,neutral,neutral,,,,-0.2795,0.0957,-8.9453,loss_of_function,-4.85161353414926,0.8981,pathogenic,10.1101/2022.10.22.513328; 37085483
P250R,2.39005,2.1589566666666666,0.47781846661074584,Uncertain,Uncertain,2.00532,1.66678,-0.36388260647642756,Uncertain,Uncertain,24.23,7.699,19.675,8.483,,,0.963,"cBioPortal,COSMIC",,True,24.23,,,,neutral,neutral,neutral,,True,19.675,,,,neutral,neutral,neutral,,,,-0.3887,0.0957,-22.2332,loss_of_function,-6.63589747066615,0.9472,pathogenic,10.1101/2022.10.22.513328; 37085483
P250S,1.50582,0.6219966666666666,0.43501316382385685,Neutral,Neutral,1.59879,1.3963733333333332,0.24186718520861328,Neutral,Neutral,24.23,7.699,19.675,8.483,,,0.939,"cBioPortal,COSMIC,somatic_muts,clinvar",,True,24.23,,,,neutral,neutral,neutral,,True,19.675,,,,neutral,neutral,neutral,1316970,Uncertain significance,2,-0.3185,0.0957,-22.2332,loss_of_function,-5.55888467040599,0.8246,pathogenic,10.1101/2022.10.22.513328; 37085483
P250T,1.52948,0.015080000000000001,0.04928541204377598,Neutral,Neutral,2.71049,0.6298166666666666,-0.03957715734429653,Uncertain,Uncertain,24.23,7.699,19.675,8.483,,,0.949,"COSMIC,somatic_muts,clinvar",,True,24.23,,,,neutral,neutral,neutral,,True,19.675,,,,neutral,neutral,neutral,1759140,Uncertain significance,1,-0.3307,0.0957,-22.2332,loss_of_function,-6.36482132236824,0.9194,pathogenic,10.1101/2022.10.22.513328; 37085483
I251F,6.67246,1.743763333333333,1.6143383254143586,Uncertain,Uncertain,5.95194,2.7128099999999997,1.7062379477964014,Uncertain,Uncertain,0.15,0.446,1.745,1.577,,,0.962,"cBioPortal,COSMIC,somatic_muts,clinvar",,True,0.15,,,,neutral,neutral,neutral,,True,1.745,,,,neutral,neutral,neutral,1518844,Likely pathogenic,1,-0.3818,0.0592,-22.2332,loss_of_function,-7.49805238025536,0.961,pathogenic,10.1101/2022.10.22.513328; 37085483
I251L,0.89899,0.9466,0.7396869049298314,Neutral,Neutral,-0.95557,1.3189333333333333,0.6761887632135645,Neutral,Neutral,0.15,0.446,1.745,1.577,,,0.882,"cBioPortal,COSMIC,germline_muts,somatic_muts,clinvar",,True,0.15,,,,neutral,neutral,neutral,,True,1.745,,,,neutral,neutral,neutral,182937,Pathogenic/Likely pathogenic,2,-0.306,0.0592,-22.2332,loss_of_function,-3.66756218112283,0.616,pathogenic,10.1101/2022.10.22.513328; 37085483
I251M,0.73965,0.9133800000000001,1.514234112391348,Neutral,Neutral,-1.10043,1.3453533333333334,1.4682468052090563,Neutral,Neutral,0.15,0.446,1.745,1.577,,,0.779,"cBioPortal,COSMIC,germline_muts,clinvar",,True,0.15,,,,neutral,neutral,neutral,,True,1.745,,,,neutral,neutral,neutral,485046,Uncertain significance,2,-0.3117,0.0592,-22.2332,loss_of_function,-3.71680218621941,0.794,pathogenic,10.1101/2022.10.22.513328; 37085483
I251N,4.22793,3.43118,3.108412135176639,Destabilizing,Destabilizing,2.14042,3.4520399999999998,2.7637507735852807,Uncertain,Uncertain,0.15,0.446,1.745,1.577,,,0.927,"cBioPortal,COSMIC,somatic_muts,clinvar",,True,0.15,,,,neutral,neutral,neutral,,True,1.745,,,,neutral,neutral,neutral,528254,Uncertain significance,1,-0.4579,0.0592,-22.2332,loss_of_function,-7.82977005918113,0.9968,pathogenic,10.1101/2022.10.22.513328; 37085483
I251S,4.77636,4.0659833333333335,4.126696623910594,Destabilizing,Destabilizing,1.23588,4.2466,3.720081528181162,Uncertain,Uncertain,0.15,0.446,1.745,1.577,,0.0,0.959,"cBioPortal,COSMIC,somatic_muts,clinvar",,True,0.15,,,,neutral,neutral,neutral,,True,1.745,,,,neutral,neutral,neutral,182967,Likely pathogenic,1,-0.4614,0.0592,-22.2332,loss_of_function,-6.17822887715965,0.992,pathogenic,10.1101/2022.10.22.513328; 37085483
I251T,3.25288,2.20329,2.8379169426657938,Uncertain,Uncertain,1.01038,2.8895700000000004,2.448691889834542,Uncertain,Uncertain,0.15,0.446,1.745,1.577,,,0.922,"cBioPortal,COSMIC,germline_muts,somatic_muts,clinvar",,True,0.15,,,,neutral,neutral,neutral,,True,1.745,,,,neutral,neutral,neutral,439320,Conflicting interpretations of pathogenicity,1,-0.3053,0.0592,-7.9454,loss_of_function,-4.31668056163262,0.9767,pathogenic,10.1101/2022.10.22.513328; 37085483
I251V,1.29323,0.67415,0.937360633967088,Neutral,Neutral,-0.09447,0.9493166666666667,0.6787825652930396,Neutral,Neutral,0.15,0.446,1.745,1.577,,,0.856,"cBioPortal,COSMIC,somatic_muts,clinvar",,True,0.15,,,,neutral,neutral,neutral,,True,1.745,,,,neutral,neutral,neutral,1759315,Uncertain significance,2,-0.1983,0.0592,-8.9453,loss_of_function,-2.99602757994519,0.3679,ambiguous,10.1101/2022.10.22.513328; 37085483
L252F,1.08325,0.8442166666666667,0.9181959682713314,Neutral,Neutral,1.59957,2.0526066666666662,1.277399945487521,Uncertain,Neutral,8.319,3.854,6.095,3.83,,,0.716,"cBioPortal,COSMIC,somatic_muts,clinvar",,True,8.319,,,,neutral,neutral,neutral,,True,6.095,,,,neutral,neutral,neutral,1053765,Uncertain significance,1,-0.3258,0.295,-22.239,loss_of_function,-6.52101244700316,0.3774,ambiguous,10.1101/2022.10.22.513328; 37085483
L252H,2.88998,2.049773333333333,1.7923124289796588,Uncertain,Uncertain,2.85517,3.20907,1.9899956683041726,Uncertain,Uncertain,8.319,3.854,6.095,3.83,,,0.914,COSMIC,,True,8.319,,,,neutral,neutral,neutral,,True,6.095,,,,neutral,neutral,neutral,,,,-0.4347,0.295,-22.239,loss_of_function,-6.10553946518275,0.6136,pathogenic,10.1101/2022.10.22.513328; 37085483
L252P,4.68149,6.095009999999999,6.827807074494319,Destabilizing,Destabilizing,6.09117,6.123016666666666,7.06337919599503,Destabilizing,Destabilizing,8.319,3.854,6.095,3.83,,,0.952,"cBioPortal,COSMIC,somatic_muts,clinvar",,True,8.319,,,,neutral,neutral,neutral,,True,6.095,,,,neutral,neutral,neutral,12350,Conflicting interpretations of pathogenicity,1,-0.4758,0.295,-22.239,loss_of_function,-7.20169181714271,0.9967,pathogenic,10.1101/2022.10.22.513328; 37085483
L252V,1.46967,1.1675733333333334,1.1842131757808174,Neutral,Neutral,0.92914,0.71111,1.2981796905855691,Neutral,Neutral,8.319,3.854,6.095,3.83,,,,clinvar,,True,8.319,,,,neutral,neutral,neutral,,True,6.095,,,,neutral,neutral,neutral,1759470,Likely benign,1,-0.2218,0.295,-6.3663,loss_of_function,-0.444021344648924,0.0882,benign,10.1101/2022.10.22.513328
T253A,1.824,1.5061233333333333,1.0473116443437238,Neutral,Neutral,0.5163,1.50964,0.6308424225445893,Neutral,Neutral,0.028,0.139,5.25,4.03,,,0.854,"cBioPortal,COSMIC,somatic_muts,clinvar",,True,0.028,,,,uncertain,,,,True,5.25,,,,uncertain,,,827132,Pathogenic/Likely pathogenic,2,-0.1215,1.2519,-5.3663,loss_of_function,-1.81376137317371,0.5944,pathogenic,10.1101/2022.10.22.513328; 37085483
T253D,2.03661,1.9730166666666669,2.474393079762501,Uncertain,Uncertain,1.33592,1.646823333333333,2.2809007618583945,Neutral,Uncertain,0.028,0.139,5.25,4.03,,,,cBioPortal,,True,0.028,,,,uncertain,,,,True,5.25,,,,uncertain,,,,,,-0.3232,1.2519,-22.239,loss_of_function,-6.06791127463505,0.9969,pathogenic,10.1101/2022.10.22.513328; 37085483
T253I,-1.07831,-1.4538533333333332,-1.114456977307681,Neutral,Neutral,-1.40705,-1.0971633333333333,-1.189688378758999,Neutral,Neutral,0.028,0.139,5.25,4.03,,,0.790,"cBioPortal,COSMIC,somatic_muts,clinvar",,True,0.028,,,,uncertain,,,,True,5.25,,,,uncertain,,,837688,Uncertain significance,1,-0.1243,1.2519,-0.8428,loss_of_function,-1.96920395385682,0.9634,pathogenic,10.1101/2022.10.22.513328; 37085483
T253N,1.65064,1.17891,1.1284288734177765,Neutral,Neutral,0.68362,1.0247133333333334,0.8777424346152044,Neutral,Neutral,0.028,0.139,5.25,4.03,,,0.895,"cBioPortal,COSMIC,somatic_muts,clinvar",,True,0.028,,,,uncertain,,,,True,5.25,,,,uncertain,,,505571,Uncertain significance,2,-0.1954,1.2519,-8.9511,loss_of_function,-4.14012922934797,0.9499,pathogenic,10.1101/2022.10.22.513328; 37085483
T253P,3.83775,3.11837,4.894380303529834,Destabilizing,Destabilizing,4.16541,2.924716666666667,4.62681074004768,Uncertain,Destabilizing,0.028,0.139,5.25,4.03,,,0.942,"cBioPortal,COSMIC,somatic_muts",,True,0.028,,,,uncertain,,,,True,5.25,,,,uncertain,,,,,,-0.3719,1.2519,-22.239,loss_of_function,-6.43928617269642,0.9882,pathogenic,10.1101/2022.10.22.513328; 37085483
T253S,1.87383,1.9051033333333331,2.074196340751696,Neutral,Uncertain,1.00797,1.8515866666666667,1.714857166549394,Neutral,Neutral,0.028,0.139,5.25,4.03,,,"0.851, 0.854","cBioPortal,COSMIC,somatic_muts",,True,0.028,,,,neutral,,,,True,5.25,,,,neutral,,,,,,-0.1713,1.2519,-22.239,loss_of_function,-4.19430095203731,0.6338,pathogenic,10.1101/2022.10.22.513328; 37085483
I254D,2.65583,4.12857,3.958142799564937,Uncertain,Uncertain,3.69888,4.284126666666666,3.8000291311907852,Destabilizing,Destabilizing,2.235,1.775,1.185,1.268,,,,"cBioPortal,COSMIC,somatic_muts",,True,2.235,,,,neutral,neutral,neutral,,True,1.185,,,,neutral,neutral,neutral,,,,-0.5464,0.0421,-22.2361,loss_of_function,-7.91994321044374,0.9995,pathogenic,10.1101/2022.10.22.513328; 37085483
I254F,5.17602,3.140473333333333,1.3371076851602217,Destabilizing,Uncertain,5.13917,2.68991,1.4751287992876996,Uncertain,Uncertain,2.235,1.775,1.185,1.268,,,0.942,"cBioPortal,COSMIC,somatic_muts",,True,2.235,,,,neutral,neutral,neutral,,True,1.185,,,,neutral,neutral,neutral,,,,-0.3834,0.0421,-22.2361,loss_of_function,-7.91994321044374,0.935,pathogenic,10.1101/2022.10.22.513328; 37085483
I254L,0.18259,0.30124666666666666,0.5881186176558517,Neutral,Neutral,0.38284,0.91406,0.46015796863157177,Neutral,Neutral,2.235,1.775,1.185,1.268,,,0.871,"cBioPortal,COSMIC,somatic_muts",,True,2.235,,,,neutral,neutral,neutral,,True,1.185,,,,neutral,neutral,neutral,,,,-0.2398,0.0421,-8.9482,loss_of_function,-4.22488625076884,0.6108,pathogenic,10.1101/2022.10.22.513328; 37085483
I254M,0.4004,1.0850333333333333,1.3624312418868865,Neutral,Neutral,0.76216,1.6772099999999999,1.3147301095632111,Neutral,Neutral,2.235,1.775,1.185,1.268,,,0.877,"cBioPortal,COSMIC,somatic_muts,clinvar",,True,2.235,,,,neutral,neutral,neutral,,True,1.185,,,,neutral,neutral,neutral,2135554,Uncertain significance,1,-0.3133,0.0421,-22.2361,loss_of_function,-4.75314403238212,0.6518,pathogenic,10.1101/2022.10.22.513328; 37085483
I254N,3.14816,3.0473933333333334,2.8749227802276587,Destabilizing,Uncertain,3.03777,3.072226666666667,2.5552013155064404,Destabilizing,Uncertain,2.235,1.775,1.185,1.268,,,0.962,"cBioPortal,COSMIC,germline_muts,somatic_muts,clinvar",,True,2.235,,,,neutral,neutral,neutral,,True,1.185,,,,neutral,neutral,neutral,856299,Pathogenic,1,-0.4595,0.0421,-22.2361,loss_of_function,-7.91994321044374,0.9911,pathogenic,10.1101/2022.10.22.513328; 37085483
I254S,4.13837,3.54059,3.7456580709957312,Destabilizing,Destabilizing,3.52578,3.4934266666666667,3.4255705916763843,Destabilizing,Destabilizing,2.235,1.775,1.185,1.268,,0.0,0.953,"cBioPortal,COSMIC,somatic_muts,clinvar",,True,2.235,,,,neutral,neutral,neutral,,True,1.185,,,,neutral,neutral,neutral,659457,Uncertain significance,1,-0.463,0.0421,-22.2361,loss_of_function,-7.00135748934014,0.9848,pathogenic,10.1101/2022.10.22.513328; 37085483
I254T,3.06575,2.535486666666667,2.5092213810138535,Uncertain,Uncertain,2.47833,1.82494,2.213131514311149,Uncertain,Uncertain,2.235,1.775,1.185,1.268,,,0.954,"cBioPortal,COSMIC,germline_muts,somatic_muts,clinvar",,True,2.235,,,,neutral,neutral,neutral,,True,1.185,,,,neutral,neutral,neutral,1759844,Pathogenic,1,-0.3798,0.0421,-22.2361,loss_of_function,-7.00135748934014,0.9725,pathogenic,10.1101/2022.10.22.513328; 37085483
I254V,1.1401,0.20011333333333337,0.8141539473339842,Neutral,Neutral,0.56486,0.3091833333333333,0.7403359650934226,Neutral,Neutral,2.235,1.775,1.185,1.268,,1.5906090442e-05,0.780,"cBioPortal,COSMIC,germline_muts,somatic_muts,clinvar",,True,2.235,,,,neutral,neutral,neutral,,True,1.185,,,,neutral,neutral,neutral,406605,Likely benign,3,-0.1999,0.0421,-8.9482,loss_of_function,-2.63502144052448,0.1871,benign,10.1101/2022.10.22.513328; 37085483
I255F,3.79319,1.43084,1.0979049706058275,Uncertain,Uncertain,3.23529,2.1578233333333334,0.5555767832609845,Uncertain,Uncertain,0.022,0.098,3.895,3.313,,,0.785,"cBioPortal,COSMIC,somatic_muts,clinvar",,True,0.022,,,,neutral,neutral,neutral,,True,3.895,,,,neutral,neutral,neutral,376621,Conflicting interpretations of pathogenicity,1,-0.252,1.4703,-22.239,loss_of_function,-3.51894571455168,0.7283,pathogenic,10.1101/2022.10.22.513328; 37085483
I255M,0.08174,1.1649666666666667,1.7241010218249018,Neutral,Neutral,0.23169,-0.5036266666666667,1.2978820592268494,Neutral,Neutral,0.022,0.098,3.895,3.313,,,0.791,"COSMIC,somatic_muts",,True,0.022,,,,neutral,neutral,neutral,,True,3.895,,,,neutral,neutral,neutral,,,,-0.0997,1.4703,-6.1439,loss_of_function,-1.79668142913908,0.4549,ambiguous,10.1101/2022.10.22.513328; 37085483
I255N,3.31071,3.7442166666666665,3.3386488059860873,Destabilizing,Destabilizing,2.286,3.2682533333333335,2.909315094302942,Uncertain,Uncertain,0.022,0.098,3.895,3.313,,,0.928,"cBioPortal,COSMIC,somatic_muts,clinvar",,True,0.022,,,,neutral,neutral,neutral,,True,3.895,,,,neutral,neutral,neutral,232289,Conflicting interpretations of pathogenicity,1,-0.3281,1.4703,-22.239,loss_of_function,-6.43911129997014,0.9967,pathogenic,10.1101/2022.10.22.513328; 37085483
I255S,5.08959,4.395576666666667,4.576917522636969,Destabilizing,Destabilizing,2.86731,4.257596666666666,3.6353316671026072,Uncertain,Uncertain,0.022,0.098,3.895,3.313,,,0.943,"cBioPortal,COSMIC,somatic_muts,clinvar",,True,0.022,,,,neutral,neutral,neutral,,True,3.895,,,,neutral,neutral,neutral,376622,Uncertain significance,1,-0.3316,1.4703,-22.239,loss_of_function,-6.43911129997014,0.9923,pathogenic,10.1101/2022.10.22.513328; 37085483
I255T,3.48782,2.8983000000000003,3.179132176820874,Uncertain,Destabilizing,1.45374,2.7784599999999995,2.5557301148400358,Uncertain,Uncertain,0.022,0.098,3.895,3.313,,,0.948,"cBioPortal,COSMIC,somatic_muts,clinvar",,True,0.022,,,,neutral,neutral,neutral,,True,3.895,,,,neutral,neutral,neutral,376623,Uncertain significance,1,-0.2484,1.4703,-22.239,loss_of_function,-6.43911129997014,0.9812,pathogenic,10.1101/2022.10.22.513328; 37085483
I255V,1.28722,0.9391166666666666,1.2076059120361373,Neutral,Neutral,0.18291,0.9069166666666667,1.0630322519287232,Neutral,Neutral,0.022,0.098,3.895,3.313,,,0.628,"COSMIC,somatic_muts",,True,0.022,,,,neutral,neutral,neutral,,True,3.895,,,,neutral,neutral,neutral,,,,-0.029,1.4703,-1.2098,loss_of_function,-1.75416370524352,0.1835,benign,10.1101/2022.10.22.513328; 37085483
T256A,1.19886,0.44932,0.4092364030393954,Neutral,Neutral,0.37427,0.09931999999999998,0.6658063898683632,Neutral,Neutral,8.391,5.534,5.31,5.755,,,0.909,"cBioPortal,COSMIC,somatic_muts,clinvar",,True,8.391,,,,uncertain,,,,True,5.31,,,,uncertain,,,141011,Uncertain significance,2,-0.3146,0.0888,-22.239,loss_of_function,-4.85637614669093,0.8745,pathogenic,10.1101/2022.10.22.513328; 37085483
T256I,-1.10617,-1.10839,-1.011424830585238,Neutral,Neutral,-1.31264,-1.6581633333333332,-0.8857045559757187,Neutral,Neutral,8.391,5.534,5.31,5.755,,,0.932,"cBioPortal,COSMIC,germline_muts,somatic_muts,clinvar",,True,8.391,,,,uncertain,,,,True,5.31,,,,uncertain,,,858889,Uncertain significance,1,-0.3405,0.0888,-22.239,loss_of_function,-6.440376219923,0.975,pathogenic,10.1101/2022.10.22.513328; 37085483
T256K,1.05831,1.4153066666666667,0.2566913532646262,Neutral,Neutral,1.06459,1.3908133333333332,0.6807657245325475,Neutral,Neutral,8.391,5.534,5.31,5.755,,,0.936,"cBioPortal,COSMIC,somatic_muts",,True,8.391,,,,uncertain,,,,True,5.31,,,,uncertain,,,,,,-0.3977,0.0888,-22.239,loss_of_function,-7.81772897076735,0.9946,pathogenic,10.1101/2022.10.22.513328; 37085483
T256P,4.05698,2.7460299999999997,3.0955071351833996,Uncertain,Destabilizing,4.16287,2.2941033333333336,3.8194142592011797,Uncertain,Destabilizing,8.391,5.534,5.31,5.755,,,0.945,"cBioPortal,COSMIC,germline_muts,somatic_muts,clinvar",,True,8.391,,,,uncertain,,,,True,5.31,,,,uncertain,,,528269,Conflicting interpretations of pathogenicity,1,-0.4111,0.0888,-8.9511,loss_of_function,-8.08902677723851,0.9887,pathogenic,10.1101/2022.10.22.513328; 37085483
T256R,1.74158,0.8446700000000001,-0.26583109858574033,Neutral,Neutral,1.68145,0.9269833333333333,0.05993860075609936,Neutral,Neutral,8.391,5.534,5.31,5.755,,,0.935,"cBioPortal,COSMIC",,True,8.391,,,,uncertain,,,,True,5.31,,,,uncertain,,,,,,-0.4006,0.0888,-22.239,loss_of_function,-7.67905902354375,0.9902,pathogenic,10.1101/2022.10.22.513328; 37085483
T256S,1.21649,1.0284566666666668,1.0426686742541602,Neutral,Neutral,0.84805,0.6882066666666667,1.1001812339754882,Neutral,Neutral,8.391,5.534,5.31,5.755,,,0.846,"COSMIC,somatic_muts",,True,8.391,,,,neutral,,,,True,5.31,,,,neutral,,,,,,-0.2003,0.0888,-6.9513,loss_of_function,-2.22859017085069,0.4732,ambiguous,10.1101/2022.10.22.513328; 37085483
L257P,6.51134,7.025393333333334,8.31929112827532,Destabilizing,Destabilizing,2.56707,4.847733333333333,6.998398366460628,Uncertain,Uncertain,0.455,0.521,1.235,1.758,,,0.933,"cBioPortal,COSMIC,somatic_muts,clinvar",,True,0.455,,,,neutral,neutral,neutral,,True,1.235,,,,neutral,neutral,neutral,458562,Conflicting interpretations of pathogenicity,1,-0.494,0.0969,-22.239,loss_of_function,-8.13493771905467,0.9993,pathogenic,10.1101/2022.10.22.513328; 37085483
L257Q,3.20449,2.4595233333333333,3.5222973076171598,Uncertain,Destabilizing,2.02775,2.2595266666666665,2.805298799710324,Uncertain,Uncertain,0.455,0.521,1.235,1.758,,,0.916,"cBioPortal,COSMIC,germline_muts,somatic_muts,clinvar",,True,0.455,,,,neutral,neutral,neutral,,True,1.235,,,,neutral,neutral,neutral,12372,Conflicting interpretations of pathogenicity,1,-0.4314,0.0969,-22.239,loss_of_function,-8.13493771905467,0.9953,pathogenic,10.1101/2022.10.22.513328; 37085483
L257R,4.6192,5.674603333333334,4.95680932498461,Destabilizing,Destabilizing,6.62462,2.8833299999999995,3.5396895853898163,Uncertain,Destabilizing,0.455,0.521,1.235,1.758,,,0.922,"cBioPortal,COSMIC,somatic_muts,clinvar",,True,0.455,,,,neutral,neutral,neutral,,True,1.235,,,,neutral,neutral,neutral,142134,Conflicting interpretations of pathogenicity,1,-0.4179,0.0969,-7.9512,loss_of_function,-8.13493771905467,0.9938,pathogenic,10.1101/2022.10.22.513328; 37085483
L257V,3.10095,2.32959,2.1484590353308834,Uncertain,Uncertain,1.13398,2.3058966666666665,1.6641876723805389,Uncertain,Neutral,0.455,0.521,1.235,1.758,,,0.896,"cBioPortal,COSMIC,somatic_muts,clinvar",,True,0.455,,,,neutral,neutral,neutral,,True,1.235,,,,neutral,neutral,neutral,827201,Uncertain significance,2,-0.321,0.0969,-22.239,loss_of_function,-4.88168786702626,0.6232,pathogenic,10.1101/2022.10.22.513328; 37085483
E258A,0.18208,0.24886666666666665,0.7774986705031397,Neutral,Neutral,0.07111,0.7863933333333334,0.6807382480096281,Neutral,Neutral,10.9,5.843,28.855,9.567,,,0.955,"cBioPortal,COSMIC,germline_muts,clinvar",,True,10.9,,,,neutral,neutral,neutral,,True,28.855,,,,neutral,neutral,neutral,458563,Uncertain significance,2,-0.3206,0.0001,-22.239,loss_of_function,-7.58032490440679,0.9822,pathogenic,10.1101/2022.10.22.513328; 37085483
E258D,1.50314,1.7739233333333333,0.9668528612280735,Neutral,Neutral,0.92176,1.0988666666666667,0.8138487997530602,Neutral,Neutral,10.9,5.843,28.855,9.567,,,0.897,"cBioPortal,COSMIC,somatic_muts,clinvar",,True,10.9,,,,neutral,neutral,neutral,,True,28.855,,,,neutral,neutral,neutral,1360091,Uncertain significance,2,-0.2864,0.0001,-22.239,loss_of_function,-4.93330392418067,0.9944,pathogenic,10.1101/2022.10.22.513328; 37085483
E258G,1.11743,2.0387766666666667,2.1543225179506664,Uncertain,Uncertain,0.86645,2.417456666666667,1.8176482571347818,Uncertain,Neutral,10.9,5.843,28.855,9.567,,,0.952,"cBioPortal,COSMIC,somatic_muts,clinvar",,True,10.9,,,,neutral,neutral,neutral,,True,28.855,,,,neutral,neutral,neutral,406590,Conflicting interpretations of pathogenicity,1,-0.3464,0.0001,-22.239,loss_of_function,-8.22023741839059,0.9859,pathogenic,10.1101/2022.10.22.513328; 37085483
E258K,-0.22104,0.75068,1.0266438547215435,Neutral,Neutral,-0.2275,1.0469366666666666,0.6486646642001359,Neutral,Neutral,10.9,5.843,28.855,9.567,,,0.961,"cBioPortal,COSMIC,germline_muts,somatic_muts,clinvar",,True,10.9,,,,neutral,neutral,neutral,,True,28.855,,,,neutral,neutral,neutral,12348,Pathogenic/Likely pathogenic,2,-0.3426,0.0001,-22.239,loss_of_function,-7.66904678040932,0.9918,pathogenic,10.1101/2022.10.22.513328; 37085483
E258L,-1.16852,-1.2494333333333334,-0.2542552747459716,Neutral,Neutral,-0.99457,-0.24750333333333333,-0.46278514655821684,Neutral,Neutral,10.9,5.843,28.855,9.567,,,,"COSMIC,somatic_muts",,True,10.9,,,,neutral,neutral,neutral,,True,28.855,,,,neutral,neutral,neutral,,,,-0.3751,0.0001,-22.239,loss_of_function,-8.22023741839059,0.9966,pathogenic,10.1101/2022.10.22.513328; 37085483
E258Q,-0.2311,-0.17426333333333333,0.541616664444193,Neutral,Neutral,-0.19324,-0.2466,0.416697767776583,Neutral,Neutral,10.9,5.843,28.855,9.567,,,0.936,"cBioPortal,COSMIC,somatic_muts",,True,10.9,,,,neutral,neutral,neutral,,True,28.855,,,,neutral,neutral,neutral,,,,-0.2932,0.0001,-22.239,loss_of_function,-4.33439569529132,0.9505,pathogenic,10.1101/2022.10.22.513328; 37085483
E258V,-0.84239,-0.9404766666666665,-0.05167091582806536,Neutral,Neutral,-0.69169,0.01939,-0.1335459750117666,Neutral,Neutral,10.9,5.843,28.855,9.567,,,0.963,"cBioPortal,COSMIC,somatic_muts",,True,10.9,,,,neutral,neutral,neutral,,True,28.855,,,,neutral,neutral,neutral,,,,-0.3339,0.0001,-22.239,loss_of_function,-8.22023741839059,0.9887,pathogenic,10.1101/2022.10.22.513328; 37085483
D259A,1.25053,1.7840133333333332,1.017803047969612,Neutral,Neutral,-1.5456,0.22879666666666673,0.4243488208877362,Neutral,Neutral,27.238,6.093,19.89,13.793,,,0.691,"cBioPortal,COSMIC",,True,27.238,,,,neutral,neutral,neutral,,True,19.89,,,,neutral,neutral,neutral,,,,-0.1392,1.3643,-5.7784,loss_of_function,-1.70989184504227,0.8494,pathogenic,10.1101/2022.10.22.513328; 37085483
D259E,1.09739,1.9166633333333334,1.028724064749978,Neutral,Neutral,-0.03497,0.45419666666666675,0.6359059405406597,Neutral,Neutral,27.238,6.093,19.89,13.793,,,0.564,"cBioPortal,COSMIC,somatic_muts",,True,27.238,,,,neutral,neutral,neutral,,True,19.89,,,,neutral,neutral,neutral,,,,-0.1681,1.3643,-22.2361,loss_of_function,-3.87769875406997,0.8705,pathogenic,10.1101/2022.10.22.513328; 37085483
D259F,1.15596,3.3701833333333333,0.5618073945036235,Uncertain,Neutral,3.47774,3.6764166666666664,-0.1209806972700469,Destabilizing,Uncertain,27.238,6.093,19.89,13.793,,,,cBioPortal,,True,27.238,,,,neutral,neutral,neutral,,True,19.89,,,,neutral,neutral,neutral,,,,-0.3233,1.3643,-22.2361,loss_of_function,-4.92934531738054,0.9834,pathogenic,10.1101/2022.10.22.513328; 37085483
D259G,1.55608,2.6253966666666666,1.8003317079065646,Uncertain,Neutral,-1.25037,1.14184,1.629177503845332,Neutral,Neutral,27.238,6.093,19.89,13.793,,3.9774716009e-06,0.655,"cBioPortal,COSMIC,somatic_muts,clinvar",,True,27.238,,,,neutral,neutral,neutral,,True,19.89,,,,neutral,neutral,neutral,188349,Uncertain significance,2,-0.1503,1.3643,-5.7784,loss_of_function,-2.8331597668249,0.6494,pathogenic,10.1101/2022.10.22.513328; 37085483
D259H,1.97619,1.6531766666666667,0.6792643356153697,Neutral,Neutral,3.62988,2.2183699999999997,0.10068339368372636,Uncertain,Uncertain,27.238,6.093,19.89,13.793,,,0.714,"cBioPortal,COSMIC,somatic_muts,clinvar",,True,27.238,,,,neutral,neutral,neutral,,True,19.89,,,,neutral,neutral,neutral,1349622,Uncertain significance,2,-0.2325,1.3643,-22.2361,loss_of_function,-4.02744588332535,0.9217,pathogenic,10.1101/2022.10.22.513328; 37085483
D259I,2.43589,2.9066899999999998,0.7399371565973021,Uncertain,Uncertain,-0.30729,0.26281000000000004,-0.04088868074112769,Neutral,Neutral,27.238,6.093,19.89,13.793,,,,cBioPortal,,True,27.238,,,,neutral,neutral,neutral,,True,19.89,,,,neutral,neutral,neutral,,,,-0.3155,1.3643,-22.2361,loss_of_function,-4.38224410620792,0.9856,pathogenic,10.1101/2022.10.22.513328; 37085483
D259N,0.82278,1.0896833333333333,0.6621462249502363,Neutral,Neutral,-0.46193,-0.07879666666666667,0.3642086561212672,Neutral,Neutral,27.238,6.093,19.89,13.793,,,0.532,"cBioPortal,COSMIC,somatic_muts",,True,27.238,,,,neutral,neutral,neutral,,True,19.89,,,,neutral,neutral,neutral,,,,-0.1169,1.3643,-7.9483,loss_of_function,-2.38353149124325,0.3388,benign,10.1101/2022.10.22.513328; 37085483
D259S,1.14179,1.22109,1.11943671363984,Neutral,Neutral,-1.30899,0.25272333333333336,1.175942440721954,Neutral,Neutral,27.238,6.093,19.89,13.793,,,,COSMIC,,True,27.238,,,,neutral,neutral,neutral,,True,19.89,,,,neutral,neutral,neutral,,,,-0.1418,1.3643,-5.0415,loss_of_function,-1.16439102148646,0.5538,ambiguous,10.1101/2022.10.22.513328; 37085483
D259V,2.56378,2.807373333333333,0.7878613619342633,Uncertain,Uncertain,-0.653,0.056573333333333364,0.06339516564525527,Neutral,Neutral,27.238,6.093,19.89,13.793,,,0.742,"cBioPortal,COSMIC,somatic_muts,clinvar",,True,27.238,,,,neutral,neutral,neutral,,True,19.89,,,,neutral,neutral,neutral,485034,Conflicting interpretations of pathogenicity,1,-0.2702,1.3643,-22.2361,loss_of_function,-4.70426656490911,0.9451,pathogenic,10.1101/2022.10.22.513328; 37085483
D259Y,1.3132,3.6425133333333335,0.6851245195762714,Uncertain,Neutral,5.24361,3.025283333333333,0.02260920257503927,Destabilizing,Uncertain,27.238,6.093,19.89,13.793,,,0.737,"cBioPortal,COSMIC,somatic_muts,clinvar",,True,27.238,,,,neutral,neutral,neutral,,True,19.89,,,,neutral,neutral,neutral,634680,Uncertain significance,1,-0.2003,1.3643,-8.9482,loss_of_function,-2.53379256730248,0.8837,pathogenic,10.1101/2022.10.22.513328; 37085483
S260A,0.07135,0.06383,-0.10487362472447824,Neutral,Neutral,-0.17285,-0.3612233333333333,0.09258301650793037,Neutral,Neutral,69.339,9.408,69.355,10.049,,,0.599,"COSMIC,somatic_muts",,True,69.339,,,,uncertain,,,,True,69.355,,,,uncertain,,,,,,-0.0117,2.008,-5.7813,loss_of_function,-0.38674266409016,0.0661,benign,10.1101/2022.10.22.513328; 37085483
S260C,0.45139,0.7911566666666666,0.43461488581554936,Neutral,Neutral,0.30156,0.39025,0.6764558806520652,Neutral,Neutral,69.339,9.408,69.355,10.049,,,0.660,"cBioPortal,COSMIC,somatic_muts",,True,69.339,,,,uncertain,,,,True,69.355,,,,uncertain,,,,,,-0.1462,2.008,-22.239,loss_of_function,-2.11362212266492,0.0973,benign,10.1101/2022.10.22.513328; 37085483
S260F,0.0612,0.5122466666666666,-0.45793886504498055,Neutral,Neutral,-0.00594,0.36247,-0.20246159126886099,Neutral,Neutral,69.339,9.408,69.355,10.049,,,0.636,"cBioPortal,COSMIC,somatic_muts",,True,69.339,,,,uncertain,,,,True,69.355,,,,uncertain,,,,,,-0.106,2.008,-8.9511,loss_of_function,-2.57687113446244,0.1977,benign,10.1101/2022.10.22.513328; 37085483
S260P,-0.47415,0.8192733333333333,3.504586589674236,Neutral,Uncertain,1.18185,1.3251733333333333,2.5644161130795067,Neutral,Uncertain,69.339,9.408,69.355,10.049,,,0.659,"cBioPortal,COSMIC",,True,69.339,,,,uncertain,,,,True,69.355,,,,uncertain,,,,,,-0.1533,2.008,-3.4594,loss_of_function,-0.672831220077273,0.0896,benign,10.1101/2022.10.22.513328; 37085483
S260T,0.72891,0.4374133333333334,-0.07765369087554726,Neutral,Neutral,0.50815,0.005783333333333325,0.1769794424381319,Neutral,Neutral,69.339,9.408,69.355,10.049,,,0.530,"cBioPortal,COSMIC",,True,69.339,,,,neutral,,,,True,69.355,,,,neutral,,,,,,-0.0084,2.008,-6.9513,loss_of_function,-1.98572016214949,0.0865,benign,10.1101/2022.10.22.513328; 37085483
S260Y,0.16688,0.2494333333333333,-0.43306960573173797,Neutral,Neutral,0.10641,-0.04194666666666672,-0.06437695425988767,Neutral,Neutral,69.339,9.408,69.355,10.049,,3.9771552204e-06,0.668,"COSMIC,somatic_muts,clinvar",,True,69.339,,,,uncertain,,,,True,69.355,,,,uncertain,,,231033,Likely benign,3,-0.1786,2.008,-22.239,loss_of_function,-3.82739574834943,0.2029,benign,10.1101/2022.10.22.513328; 37085483
S261C,0.45647,1.1284566666666667,0.7625621973382731,Neutral,Neutral,0.05661,0.81417,0.7832274504950013,Neutral,Neutral,75.617,7.15,90.695,19.761,,,0.547,"COSMIC,somatic_muts",,True,75.617,,,,uncertain,,,,True,90.695,,,,uncertain,,,,,,-0.1004,1.7131,-7.9454,loss_of_function,-0.502208726640067,0.087,benign,10.1101/2022.10.22.513328; 37085483
S261G,0.3611,1.0819733333333335,0.6044109743174103,Neutral,Neutral,-0.69092,0.40623666666666675,0.412579561975424,Neutral,Neutral,75.617,7.15,90.695,19.761,,,0.529,"COSMIC,somatic_muts,clinvar",,True,75.617,,,,uncertain,,,,True,90.695,,,,uncertain,,,1383522,Uncertain significance,1,-0.0561,1.7131,-7.3604,loss_of_function,-2.17914337186216,0.0786,benign,10.1101/2022.10.22.513328; 37085483
S261I,0.80968,1.0360566666666666,0.08597285542018733,Neutral,Neutral,0.87599,1.5800433333333332,0.6451700218362747,Neutral,Neutral,75.617,7.15,90.695,19.761,,,0.532,COSMIC,,True,75.617,,,,uncertain,,,,True,90.695,,,,uncertain,,,,,,-0.204,1.7131,-22.2332,loss_of_function,-4.59122588609972,0.205,benign,10.1101/2022.10.22.513328; 37085483
S261N,-0.20078,0.21247333333333332,-0.16490202908868487,Neutral,Neutral,-0.13838,-0.15839,-0.14375410191189333,Neutral,Neutral,75.617,7.15,90.695,19.761,,,0.446,"cBioPortal,COSMIC,somatic_muts",,True,75.617,,,,uncertain,,,,True,90.695,,,,uncertain,,,,,,-0.0565,1.7131,-4.858,loss_of_function,0.403774820524704,0.08,benign,10.1101/2022.10.22.513328; 37085483
S261R,-0.23751,0.4817466666666667,-0.19293162857855684,Neutral,Neutral,-0.57524,0.38276666666666664,-0.06928362102314135,Neutral,Neutral,75.617,7.15,90.695,19.761,,,"0.390, 0.391, 0.456","COSMIC,somatic_muts",,True,75.617,,,,uncertain,,,,True,90.695,,,,uncertain,,,,,,-0.137,1.7131,-6.6235,loss_of_function,-1.20713191968725,0.2371,benign,10.1101/2022.10.22.513328; 37085483
S261T,0.50128,-0.06893666666666666,0.07524547860070525,Neutral,Neutral,0.37929,0.28628333333333333,0.5361739436874172,Neutral,Neutral,75.617,7.15,90.695,19.761,,,0.504,"cBioPortal,COSMIC,clinvar",,True,75.617,,,,neutral,,,,True,90.695,,,,neutral,,,187005,Uncertain significance,1,-0.1135,1.7131,-22.2332,loss_of_function,-2.87081743695043,0.0875,benign,10.1101/2022.10.22.513328; 37085483
G262C,3.37647,1.612243333333333,1.6770803132444552,Uncertain,Uncertain,2.75062,1.1336733333333333,1.5087640246850447,Uncertain,Uncertain,55.277,10.136,84.605,24.702,,,0.865,"cBioPortal,somatic_muts",,False,55.277,,,,neutral,neutral,neutral,,False,84.605,,,,neutral,neutral,neutral,,,,-0.4379,0.0592,-22.2332,loss_of_function,-6.35039706060677,0.8435,pathogenic,10.1101/2022.10.22.513328; 37085483
G262D,3.85423,0.92211,0.6697908506490645,Uncertain,Uncertain,2.68937,0.2741466666666666,0.6003830252963843,Uncertain,Uncertain,55.277,10.136,84.605,24.702,,,0.931,"cBioPortal,COSMIC,somatic_muts",,False,55.277,,,,neutral,neutral,neutral,,False,84.605,,,,neutral,neutral,neutral,,,,-0.4385,0.0592,-22.2332,loss_of_function,-5.37575011432035,0.9609,pathogenic,10.1101/2022.10.22.513328; 37085483
G262H,3.59509,0.18832000000000002,0.5676148990046804,Uncertain,Uncertain,2.91738,-0.10385666666666671,0.4254072128410191,Uncertain,Uncertain,55.277,10.136,84.605,24.702,,,,"COSMIC,somatic_muts",,False,55.277,,,,neutral,neutral,neutral,,False,84.605,,,,neutral,neutral,neutral,,,,-0.4508,0.0592,-22.2332,loss_of_function,-7.33538990925361,0.9694,pathogenic,10.1101/2022.10.22.513328; 37085483
G262R,3.06349,1.1053300000000001,0.5731721216165421,Uncertain,Uncertain,2.37086,0.41575999999999996,0.4686261313112315,Uncertain,Uncertain,55.277,10.136,84.605,24.702,,,0.889,"COSMIC,clinvar",,False,55.277,,,,neutral,neutral,neutral,,False,84.605,,,,neutral,neutral,neutral,1760888,Uncertain significance,1,-0.4547,0.0592,-22.2332,loss_of_function,-5.79806747256491,0.9274,pathogenic,10.1101/2022.10.22.513328; 37085483
G262S,3.38688,1.2088433333333333,1.1987842052932995,Uncertain,Uncertain,2.60765,0.08877333333333337,0.9447076731359343,Uncertain,Uncertain,55.277,10.136,84.605,24.702,3.186336987e-05,8.1725386357e-06,0.876,"cBioPortal,COSMIC,germline_muts,somatic_muts,clinvar",,False,55.277,,,,neutral,neutral,neutral,,False,84.605,,,,neutral,neutral,neutral,141228,Uncertain significance,3,-0.3841,0.0592,-22.2332,loss_of_function,-6.34618526957259,0.6981,pathogenic,10.1101/2022.10.22.513328; 37085483
G262V,4.87142,5.258506666666666,2.0241848450052746,Destabilizing,Uncertain,4.41467,3.6868466666666664,1.5093872576429437,Destabilizing,Uncertain,55.277,10.136,84.605,24.702,,,0.929,"cBioPortal,COSMIC,somatic_muts,clinvar",,False,55.277,,,,neutral,neutral,neutral,,False,84.605,,,,neutral,neutral,neutral,428889,Uncertain significance,2,-0.465,0.0592,-22.2332,loss_of_function,-7.33538990925361,0.9878,pathogenic,10.1101/2022.10.22.513328; 37085483
N263D,0.38209,0.36667,0.22265544900698267,Neutral,Neutral,-0.08714,0.2438766666666667,0.43402181555905867,Neutral,Neutral,61.818,4.34,78.84,17.482,,0.0001136465106462,0.315,"cBioPortal,COSMIC,somatic_muts,clinvar",,False,61.818,,,,neutral,neutral,neutral,,False,78.84,,,,neutral,neutral,neutral,142916,Conflicting interpretations of pathogenicity,1,-0.116,1.6112,-8.9453,loss_of_function,-3.16059060505359,0.2109,benign,10.1101/2022.10.22.513328; 37085483
N263H,0.26124,0.15589666666666666,-0.3601822050169516,Neutral,Neutral,0.1084,0.1549866666666667,-0.021046327820395564,Neutral,Neutral,61.818,4.34,78.84,17.482,,,0.315,"COSMIC,somatic_muts,clinvar",,False,61.818,,,,neutral,neutral,neutral,,False,78.84,,,,neutral,neutral,neutral,528251,Uncertain significance,1,-0.1076,1.6112,-6.9454,loss_of_function,-2.09937785895099,0.0689,benign,10.1101/2022.10.22.513328; 37085483
N263I,-0.04339,0.5277733333333333,-0.497341475248189,Neutral,Neutral,0.07369,1.1387766666666668,0.1870372523874799,Neutral,Neutral,61.818,4.34,78.84,17.482,,,0.318,COSMIC,,False,61.818,,,,neutral,neutral,neutral,,False,78.84,,,,neutral,neutral,neutral,,,,-0.158,1.6112,-7.9454,loss_of_function,-3.16992684680608,0.1494,benign,10.1101/2022.10.22.513328; 37085483
N263K,-0.45728,0.0037400000000000024,-0.16644423739294611,Neutral,Neutral,-0.50083,0.34898,0.2693171982714052,Neutral,Neutral,61.818,4.34,78.84,17.482,,,0.213,"cBioPortal,COSMIC,clinvar",,False,61.818,,,,neutral,neutral,neutral,,False,78.84,,,,neutral,neutral,neutral,485047,Uncertain significance,1,-0.0999,1.6112,-5.7755,loss_of_function,-1.63217552242182,0.1437,benign,10.1101/2022.10.22.513328; 37085483
N263S,0.30559,0.2605433333333333,0.2905236907312399,Neutral,Neutral,0.13613,0.05612333333333334,0.6130642010263322,Neutral,Neutral,61.818,4.34,78.84,17.482,,,,"somatic_muts,clinvar",,False,61.818,,,,neutral,neutral,neutral,,False,78.84,,,,neutral,neutral,neutral,827313,Likely benign,1,-0.0776,1.6112,-7.9454,loss_of_function,-2.50718463114567,0.093,benign,10.1101/2022.10.22.513328; 37085483
N263Y,-0.23879,0.03763999999999997,-0.42155620979476205,Neutral,Neutral,-0.16568,0.3057833333333333,-0.08446053750493267,Neutral,Neutral,61.818,4.34,78.84,17.482,,,,clinvar,,False,61.818,,,,neutral,neutral,neutral,,False,78.84,,,,neutral,neutral,neutral,1364128,Uncertain significance,1,-0.2213,1.6112,-22.2332,loss_of_function,-5.07098975814963,0.1443,benign,10.1101/2022.10.22.513328; 37085483
L264I,0.72618,0.07437666666666669,0.49075756474255644,Neutral,Neutral,0.67775,0.5692699999999999,1.0830204891194395,Neutral,Neutral,39.531,4.872,38.29,20.23,,,0.378,"COSMIC,somatic_muts,clinvar",,False,39.531,,,,neutral,neutral,neutral,,False,38.29,,,,neutral,neutral,neutral,640121,Uncertain significance,1,-0.1181,1.041,-6.6176,loss_of_function,-1.87427155223024,0.1043,benign,10.1101/2022.10.22.513328; 37085483
L264P,1.19343,1.4607700000000001,2.804494071784703,Neutral,Uncertain,1.71648,3.5897966666666665,3.9286777756744358,Uncertain,Uncertain,39.531,4.872,38.29,20.23,,,0.831,"COSMIC,clinvar",,False,39.531,,,,neutral,neutral,neutral,,False,38.29,,,,neutral,neutral,neutral,480759,Uncertain significance,2,-0.3312,1.041,-7.3546,loss_of_function,-3.41572466550931,0.8569,pathogenic,10.1101/2022.10.22.513328; 37085483
L264Q,1.48768,1.12857,1.7752737215263235,Neutral,Neutral,0.79918,0.30295,1.6114997815726066,Neutral,Neutral,39.531,4.872,38.29,20.23,,,0.813,"COSMIC,somatic_muts",,False,39.531,,,,neutral,neutral,neutral,,False,38.29,,,,neutral,neutral,neutral,,,,-0.3444,1.041,-22.2273,loss_of_function,-5.75837237714931,0.8352,pathogenic,10.1101/2022.10.22.513328; 37085483
L264R,1.47551,1.8269833333333334,1.6210236451451898,Neutral,Neutral,1.50831,2.0405933333333333,1.2001027371086213,Uncertain,Neutral,39.531,4.872,38.29,20.23,,,0.822,"cBioPortal,COSMIC,somatic_muts",,False,39.531,,,,neutral,neutral,neutral,,False,38.29,,,,neutral,neutral,neutral,,,,-0.4039,1.041,-22.2273,loss_of_function,-6.5461871813981,0.8804,pathogenic,10.1101/2022.10.22.513328; 37085483
L264V,1.30208,0.24206333333333338,0.8284199940702535,Neutral,Neutral,0.68414,0.05838999999999998,1.111664604068757,Neutral,Neutral,39.531,4.872,38.29,20.23,,,0.381,"COSMIC,somatic_muts",,False,39.531,,,,neutral,neutral,neutral,,False,38.29,,,,neutral,neutral,neutral,,,,-0.1233,1.041,-0.5217,loss_of_function,-0.402437184412507,0.0848,benign,10.1101/2022.10.22.513328; 37085483
L265M,-0.0521,1.4125866666666667,1.2528505472534206,Neutral,Neutral,-0.23359,0.5114533333333333,0.9203840553678203,Neutral,Neutral,17.835,4.577,27.57,17.594,,,0.870,"COSMIC,somatic_muts",,False,17.835,,,,neutral,neutral,neutral,,False,27.57,,,,neutral,neutral,neutral,,,,-0.313,0.0422,-22.2332,loss_of_function,-3.91495728915611,0.4348,ambiguous,10.1101/2022.10.22.513328; 37085483
L265P,5.47796,6.904986666666666,7.049176755660981,Destabilizing,Destabilizing,3.25636,3.53016,4.514245887882353,Destabilizing,Destabilizing,17.835,4.577,27.57,17.594,,,0.948,"cBioPortal,COSMIC,germline_muts,somatic_muts,clinvar",,False,17.835,,,,neutral,neutral,neutral,,False,27.57,,,,neutral,neutral,neutral,245777,Pathogenic/Likely pathogenic,2,-0.499,0.0422,-22.2332,loss_of_function,-7.87558311971445,0.9913,pathogenic,10.1101/2022.10.22.513328; 37085483
L265Q,1.76748,1.2387766666666666,1.9919460365220705,Neutral,Neutral,0.31875,1.1439933333333334,1.4627199448921129,Neutral,Neutral,17.835,4.577,27.57,17.594,,,0.964,"cBioPortal,COSMIC,somatic_muts,clinvar",,False,17.835,,,,neutral,neutral,neutral,,False,27.57,,,,neutral,neutral,neutral,953467,Conflicting interpretations of pathogenicity,1,-0.4364,0.0422,-22.2332,loss_of_function,-7.87558311971445,0.9105,pathogenic,10.1101/2022.10.22.513328; 37085483
L265R,1.36805,2.1888866666666664,1.5711809435644322,Uncertain,Neutral,0.58308,1.7589566666666665,0.9911678682950779,Neutral,Neutral,17.835,4.577,27.57,17.594,,,0.965,"cBioPortal,COSMIC,somatic_muts",,False,17.835,,,,neutral,neutral,neutral,,False,27.57,,,,neutral,neutral,neutral,,,,-0.4958,0.0422,-22.2332,loss_of_function,-7.37297889237968,0.8691,pathogenic,10.1101/2022.10.22.513328; 37085483
L265T,3.07001,2.5365066666666665,2.404262187776347,Uncertain,Uncertain,0.75477,1.396823333333333,1.4514847743121642,Neutral,Neutral,17.835,4.577,27.57,17.594,,,,cBioPortal,,False,17.835,,,,neutral,neutral,neutral,,False,27.57,,,,neutral,neutral,neutral,,,,-0.4187,0.0422,-22.2332,loss_of_function,-7.34723861280443,0.9283,pathogenic,10.1101/2022.10.22.513328; 37085483
L265V,1.79164,2.1557833333333334,1.528068636566865,Uncertain,Neutral,0.31516,0.69195,0.8673192360831062,Neutral,Neutral,17.835,4.577,27.57,17.594,,,,somatic_muts,,False,17.835,,,,neutral,neutral,neutral,,False,27.57,,,,neutral,neutral,neutral,,,,-0.2582,0.0422,-8.9453,loss_of_function,-3.77375082373062,0.3252,benign,10.1101/2022.10.22.513328
G266A,3.11904,1.1027233333333333,0.6373954717422299,Uncertain,Uncertain,3.15757,1.81905,1.2196927453800053,Uncertain,Uncertain,0.039,0.286,0.22,0.437,,,0.960,"cBioPortal,COSMIC,somatic_muts",,False,0.039,,,,neutral,neutral,neutral,,False,0.22,,,,neutral,neutral,neutral,,,,-0.31,0.0633,-8.9453,loss_of_function,-6.36324581472309,0.8482,pathogenic,10.1101/2022.10.22.513328; 37085483
G266E,12.49978,11.30964,4.752797249720208,Destabilizing,Destabilizing,12.54354,9.897503333333335,4.84357962012049,Destabilizing,Destabilizing,0.039,0.286,0.22,0.437,,,0.973,"cBioPortal,COSMIC,germline_muts,somatic_muts,clinvar",,False,0.039,,,,neutral,neutral,neutral,,False,0.22,,,,neutral,neutral,neutral,161516,Pathogenic/Likely pathogenic,2,-0.3696,0.0633,-8.9453,loss_of_function,-7.46706303705164,0.9988,pathogenic,10.1101/2022.10.22.513328; 37085483
G266K,16.29781,18.09523666666667,5.787491851954907,Destabilizing,Destabilizing,16.54971,12.256806666666668,6.0653823571429575,Destabilizing,Destabilizing,0.039,0.286,0.22,0.437,,,,"cBioPortal,COSMIC",,False,0.039,,,,neutral,neutral,neutral,,False,0.22,,,,neutral,neutral,neutral,,,,-0.4703,0.0633,-22.2332,loss_of_function,-7.88629348640739,0.9995,pathogenic,10.1101/2022.10.22.513328; 37085483
G266R,20.20804,15.434803333333335,4.90518932100621,Destabilizing,Destabilizing,20.01615,10.726643333333334,5.2913550119901975,Destabilizing,Destabilizing,0.039,0.286,0.22,0.437,,,0.963,"cBioPortal,COSMIC,somatic_muts,clinvar",,False,0.039,,,,neutral,neutral,neutral,,False,0.22,,,,neutral,neutral,neutral,"458566, 376605","Pathogenic, Pathogenic","2, 2",-0.4544,0.0633,-22.2332,loss_of_function,-7.88629348640739,0.9986,pathogenic,10.1101/2022.10.22.513328; 37085483
G266S,4.77076,3.2281166666666667,1.953434764512097,Destabilizing,Uncertain,4.68254,3.4498866666666674,2.4059027454739383,Destabilizing,Uncertain,0.039,0.286,0.22,0.437,,,,COSMIC,,False,0.039,,,,neutral,neutral,neutral,,False,0.22,,,,neutral,neutral,neutral,,,,-0.3837,0.0633,-22.2332,loss_of_function,-6.93805310884829,0.9729,pathogenic,10.1101/2022.10.22.513328; 37085483
G266T,9.69534,5.936963333333334,2.860818547193238,Destabilizing,Uncertain,8.79749,6.897846666666667,3.2875701245186453,Destabilizing,Destabilizing,0.039,0.286,0.22,0.437,,,,"cBioPortal,COSMIC",,False,0.039,,,,neutral,neutral,neutral,,False,0.22,,,,neutral,neutral,neutral,,,,-0.4606,0.0633,-22.2332,loss_of_function,-6.93805310884829,0.9969,pathogenic,10.1101/2022.10.22.513328; 37085483
G266V,10.74834,10.074376666666668,3.6071465816925006,Destabilizing,Destabilizing,9.67364,7.278343333333333,3.435835676253617,Destabilizing,Destabilizing,0.039,0.286,0.22,0.437,,0.0,0.974,"cBioPortal,COSMIC,somatic_muts,clinvar",,False,0.039,,,,neutral,neutral,neutral,,False,0.22,,,,neutral,neutral,neutral,233303,Conflicting interpretations of pathogenicity,1,-0.4646,0.0633,-22.2332,loss_of_function,-7.88629348640739,0.9956,pathogenic,10.1101/2022.10.22.513328; 37085483
R267G,2.67801,2.9965999999999995,2.947704096737761,Uncertain,Uncertain,0.49943,1.3827666666666667,3.1616786741058434,Neutral,Uncertain,15.954,3.322,21.335,6.355,,,0.946,"cBioPortal,COSMIC,somatic_muts,clinvar",,True,15.954,,,,neutral,neutral,neutral,,True,21.335,,,,neutral,neutral,neutral,1761541,Pathogenic,1,-0.4338,0.1239,-22.2332,loss_of_function,-7.70598599850712,0.9913,pathogenic,10.1101/2022.10.22.513328; 37085483
R267L,-0.36522,-0.18616666666666667,0.4556080523406983,Neutral,Neutral,-1.52455,-1.3350366666666666,0.09709755493105705,Neutral,Neutral,15.954,3.322,21.335,6.355,,,0.911,"cBioPortal,COSMIC,somatic_muts,clinvar",,True,15.954,,,,neutral,neutral,neutral,,True,21.335,,,,neutral,neutral,neutral,852206,Uncertain significance,1,-0.4009,0.1239,-22.2332,loss_of_function,-4.27853092395634,0.9887,pathogenic,10.1101/2022.10.22.513328; 37085483
R267P,6.22844,7.366103333333332,5.652089243245558,Destabilizing,Destabilizing,4.2621,6.312016666666666,6.008085264253805,Destabilizing,Destabilizing,15.954,3.322,21.335,6.355,,,0.927,"cBioPortal,COSMIC,germline_muts,somatic_muts,clinvar",,True,15.954,,,,neutral,neutral,neutral,,True,21.335,,,,neutral,neutral,neutral,428867,Conflicting interpretations of pathogenicity,1,-0.5405,0.1239,-22.2332,loss_of_function,-7.70598599850712,0.9992,pathogenic,10.1101/2022.10.22.513328; 37085483
R267Q,0.83869,0.04988666666666666,1.6517815322439109,Neutral,Neutral,-0.03852,-0.6947833333333332,1.616361374634703,Neutral,Neutral,15.954,3.322,21.335,6.355,,1.2030991835e-05,0.902,"cBioPortal,COSMIC,germline_muts,somatic_muts,clinvar",,True,15.954,,,,neutral,neutral,neutral,,True,21.335,,,,neutral,neutral,neutral,127823,Uncertain significance,3,-0.3732,0.1239,-22.2332,loss_of_function,-5.21833867213814,0.8812,pathogenic,10.1101/2022.10.22.513328; 37085483
R267W,6.3241,2.076756666666667,0.666587522635219,Uncertain,Uncertain,2.66191,0.24943666666666675,0.5210354757399145,Uncertain,Uncertain,15.954,3.322,21.335,6.355,,0.0,0.917,"cBioPortal,COSMIC,germline_muts,somatic_muts,clinvar",,True,15.954,,,,neutral,neutral,neutral,,True,21.335,,,,neutral,neutral,neutral,141764,Pathogenic/Likely pathogenic,2,-0.3484,0.1239,-8.9453,loss_of_function,-6.77941400693417,0.9682,pathogenic,10.1101/2022.10.22.513328; 37085483
N268D,1.30845,0.13174666666666668,2.2962388850639552,Neutral,Uncertain,0.05918,0.12165333333333334,1.563508537274951,Neutral,Neutral,9.629,4.22,12.17,5.374,,,0.221,cBioPortal,,True,9.629,,,,neutral,neutral,neutral,,True,12.17,,,,neutral,neutral,neutral,,,,-0.1471,1.0811,-5.4831,loss_of_function,-0.591323006675345,0.0926,benign,10.1101/2022.10.22.513328; 37085483
N268F,0.14317,0.04330666666666664,0.339547815748724,Neutral,Neutral,-0.50779,0.3924033333333334,-0.3715221604715864,Neutral,Neutral,9.629,4.22,12.17,5.374,,,,"COSMIC,somatic_muts",,True,9.629,,,,neutral,neutral,neutral,,True,12.17,,,,neutral,neutral,neutral,,,,-0.2865,1.0811,-22.2302,loss_of_function,-4.50942508843303,0.6464,pathogenic,10.1101/2022.10.22.513328; 37085483
N268H,1.50467,0.3283466666666666,1.1388208441987846,Neutral,Neutral,0.87717,1.4842433333333334,0.25391903081368644,Neutral,Neutral,9.629,4.22,12.17,5.374,,,0.404,"COSMIC,somatic_muts",,True,9.629,,,,neutral,neutral,neutral,,True,12.17,,,,neutral,neutral,neutral,,,,-0.2344,1.0811,-22.2302,loss_of_function,-5.51296298197219,0.1252,benign,10.1101/2022.10.22.513328; 37085483
N268I,-0.97266,-0.2613366666666666,0.12484379825216124,Neutral,Neutral,-1.17025,1.08855,-0.2911925976557043,Neutral,Neutral,9.629,4.22,12.17,5.374,,,0.511,"cBioPortal,COSMIC",,True,9.629,,,,neutral,neutral,neutral,,True,12.17,,,,neutral,neutral,neutral,,,,-0.2796,1.0811,-22.2302,loss_of_function,-5.43571068450721,0.4467,ambiguous,10.1101/2022.10.22.513328; 37085483
N268K,0.11923,1.964286666666667,2.0578545504835435,Neutral,Uncertain,-0.33727,2.2133766666666665,0.9469365493207121,Uncertain,Neutral,9.629,4.22,12.17,5.374,,,0.344,"COSMIC,somatic_muts,clinvar",,True,9.629,,,,neutral,neutral,neutral,,True,12.17,,,,neutral,neutral,neutral,1349719,Uncertain significance,1,-0.2326,1.0811,-22.2302,loss_of_function,-2.67496267781037,0.3993,ambiguous,10.1101/2022.10.22.513328; 37085483
N268S,1.26378,1.0947866666666666,2.2287426788814755,Neutral,Uncertain,0.22076,0.7375266666666667,1.3581768635662328,Neutral,Neutral,9.629,4.22,12.17,5.374,,,0.327,"COSMIC,somatic_muts",,True,9.629,,,,neutral,neutral,neutral,,True,12.17,,,,neutral,neutral,neutral,,,,-0.1183,1.0811,-6.3575,loss_of_function,-1.14138344287833,0.0787,benign,10.1101/2022.10.22.513328; 37085483
N268Y,0.34273,-0.40362666666666663,1.0434571372820447,Neutral,Neutral,0.18529,1.8291366666666669,-0.06674964486962587,Neutral,Neutral,9.629,4.22,12.17,5.374,,,0.561,"cBioPortal,clinvar",,True,9.629,,,,neutral,neutral,neutral,,True,12.17,,,,neutral,neutral,neutral,827405,Uncertain significance,1,-0.2701,1.0811,-22.2302,loss_of_function,-5.04988168903457,0.2266,benign,10.1101/2022.10.22.513328; 37085483
S269C,-0.75828,0.22914,0.5062241864196023,Neutral,Neutral,-0.47332,-0.10884333333333335,-0.0646789954261525,Neutral,Neutral,30.29,5.852,21.965,8.844,,,0.460,"cBioPortal,COSMIC,somatic_muts",P,True,30.29,1.734,,,damaging,neutral,potentially_damaging,P,True,21.965,2.027,,,damaging,uncertain,potentially_damaging,,,,-0.1209,1.0942,-0.803,loss_of_function,-1.55477986731131,0.0938,benign,10.1101/2022.10.22.513328; 37085483
S269G,0.61398,1.14558,1.231955173367263,Neutral,Neutral,0.15858,0.09002333333333334,1.0954365509726378,Neutral,Neutral,30.29,5.852,21.965,8.844,,,0.688,"COSMIC,somatic_muts",P,True,30.29,1.734,,,damaging,neutral,potentially_damaging,P,True,21.965,2.027,,,damaging,uncertain,potentially_damaging,,,,-0.1889,1.0942,-22.2302,loss_of_function,-6.11743999468942,0.2576,benign,10.1101/2022.10.22.513328; 37085483
S269I,-1.08257,-0.82925,-0.26613399110219166,Neutral,Neutral,-0.66296,-0.4309533333333333,-1.5300840872983636,Neutral,Neutral,30.29,5.852,21.965,8.844,,,0.810,"COSMIC,somatic_muts",P,True,30.29,1.734,,,damaging,neutral,potentially_damaging,P,True,21.965,2.027,,,damaging,uncertain,potentially_damaging,,,,-0.261,1.0942,-22.2302,loss_of_function,-3.98265316785276,0.4663,ambiguous,10.1101/2022.10.22.513328; 37085483
S269N,0.21463,-0.027666666666666673,0.4470955489079152,Neutral,Neutral,0.50913,-0.009410000000000002,-0.2174710687809637,Neutral,Neutral,30.29,5.852,21.965,8.844,,,0.729,"COSMIC,somatic_muts",P,True,30.29,1.734,,,damaging,neutral,potentially_damaging,P,True,21.965,2.027,,,damaging,uncertain,potentially_damaging,,,,-0.1291,1.0942,-7.9424,loss_of_function,-4.25800922113961,0.4728,ambiguous,10.1101/2022.10.22.513328; 37085483
S269R,-0.51171,-0.22789333333333336,0.03660673925448762,Neutral,Neutral,0.12178,0.6022666666666666,-0.5707168178353969,Neutral,Neutral,30.29,5.852,21.965,8.844,,,"0.793, 0.812","cBioPortal,COSMIC,somatic_muts,clinvar",P,True,30.29,1.734,,,damaging,neutral,potentially_damaging,P,True,21.965,2.027,,,damaging,uncertain,potentially_damaging,"2113149, 647256","Uncertain significance, Uncertain significance","1, 1",-0.2736,1.0942,-22.2302,loss_of_function,-4.35152183098193,0.9398,pathogenic,10.1101/2022.10.22.513328; 37085483
S269T,-0.61423,-0.18061000000000002,0.16937597392317336,Neutral,Neutral,-0.29669,-0.06417,-0.5037073525159519,Neutral,Neutral,30.29,5.852,21.965,8.844,,,0.603,"cBioPortal,COSMIC,somatic_muts",P,True,30.29,1.734,,,neutral,neutral,potentially_damaging,P,True,21.965,2.027,,,neutral,uncertain,potentially_damaging,,,,-0.0924,1.0942,-6.9425,loss_of_function,-1.69761692650551,0.1301,benign,10.1101/2022.10.22.513328; 37085483
F270C,4.48348,4.162133333333333,3.9294301778322454,Destabilizing,Destabilizing,1.38383,3.8839,3.3743209141080173,Uncertain,Uncertain,6.178,2.231,3.23,2.026,,,0.929,"cBioPortal,COSMIC,somatic_muts,clinvar",,True,6.178,,,,neutral,neutral,neutral,,True,3.23,,,,neutral,neutral,neutral,376597,Conflicting interpretations of pathogenicity,1,-0.4135,0.0423,-22.2302,loss_of_function,-5.54328700988529,0.9612,pathogenic,10.1101/2022.10.22.513328; 37085483
F270I,2.91008,2.9918366666666665,2.1624186707267303,Uncertain,Uncertain,1.21154,1.55567,1.8227402593031474,Neutral,Neutral,6.178,2.231,3.23,2.026,,,0.938,"cBioPortal,COSMIC,somatic_muts,clinvar",,True,6.178,,,,neutral,neutral,neutral,,True,3.23,,,,neutral,neutral,neutral,376596,Conflicting interpretations of pathogenicity,1,-0.3893,0.0423,-22.2302,loss_of_function,-4.46839511542668,0.9152,pathogenic,10.1101/2022.10.22.513328; 37085483
F270L,2.49988,2.6869599999999996,1.8473704570099885,Uncertain,Uncertain,0.0864,1.7011299999999998,1.3806566332816346,Neutral,Neutral,6.178,2.231,3.23,2.026,,,"0.827, 0.935","cBioPortal,COSMIC,germline_muts,somatic_muts,clinvar",,True,6.178,,,,neutral,neutral,neutral,,True,3.23,,,,neutral,neutral,neutral,"1431729, 634778, 376595","Uncertain significance, Conflicting interpretations of pathogenicity, Likely pathogenic","1, 1, 0",-0.2836,0.0423,-8.9424,loss_of_function,-3.45216713202377,0.9944,pathogenic,10.1101/2022.10.22.513328; 37085483
F270S,5.2995,5.185033333333333,4.834462441621894,Destabilizing,Destabilizing,2.28971,4.269386666666667,4.179953698835084,Uncertain,Uncertain,6.178,2.231,3.23,2.026,,,0.945,"cBioPortal,COSMIC,somatic_muts,clinvar",,True,6.178,,,,neutral,neutral,neutral,,True,3.23,,,,neutral,neutral,neutral,376594,Pathogenic/Likely pathogenic,2,-0.4243,0.0423,-22.2302,loss_of_function,-6.91503110018152,0.9952,pathogenic,10.1101/2022.10.22.513328; 37085483
F270V,3.34991,2.9342400000000004,2.4472302136448554,Uncertain,Uncertain,1.15307,2.07551,1.9725691702601498,Uncertain,Neutral,6.178,2.231,3.23,2.026,,,0.926,"cBioPortal,COSMIC,somatic_muts,clinvar",,True,6.178,,,,neutral,neutral,neutral,,True,3.23,,,,neutral,neutral,neutral,376598,Uncertain significance,1,-0.3836,0.0423,-22.2302,loss_of_function,-4.18485049707298,0.882,pathogenic,10.1101/2022.10.22.513328; 37085483
F270Y,1.34861,0.21678333333333333,1.6295959503282835,Neutral,Neutral,1.38665,0.6448999999999999,1.2362433954065717,Neutral,Neutral,6.178,2.231,3.23,2.026,,,0.936,"COSMIC,somatic_muts",,True,6.178,,,,neutral,neutral,neutral,,True,3.23,,,,neutral,neutral,neutral,,,,-0.3372,0.0423,-22.2302,loss_of_function,-4.63948944499405,0.8656,pathogenic,10.1101/2022.10.22.513328; 37085483
E271D,0.82079,0.32029666666666673,1.5846160692468712,Neutral,Neutral,0.74846,1.0086166666666665,1.394482636640201,Neutral,Neutral,15.473,4.107,23.695,8.175,,,"0.843, 0.844","COSMIC,somatic_muts,clinvar",,True,15.473,,,,neutral,neutral,neutral,,True,23.695,,,,neutral,neutral,neutral,859912,Uncertain significance,1,-0.2127,0.0634,-8.9424,loss_of_function,-2.75745417207769,0.7768,pathogenic,10.1101/2022.10.22.513328; 37085483
E271G,1.47185,1.7829933333333334,2.4701688144634084,Neutral,Uncertain,1.32133,2.78594,2.1931185732517395,Uncertain,Uncertain,15.473,4.107,23.695,8.175,,,0.967,"cBioPortal,COSMIC,somatic_muts",,True,15.473,,,,neutral,neutral,neutral,,True,23.695,,,,neutral,neutral,neutral,,,,-0.3405,0.0634,-22.2302,loss_of_function,-5.1338776088959,0.8534,pathogenic,10.1101/2022.10.22.513328; 37085483
E271K,0.07545,0.89365,1.4523126077076436,Neutral,Neutral,0.41451,2.11542,1.0801894995256245,Uncertain,Neutral,15.473,4.107,23.695,8.175,,,0.935,"cBioPortal,COSMIC,somatic_muts,clinvar",,True,15.473,,,,neutral,neutral,neutral,,True,23.695,,,,neutral,neutral,neutral,406566,Conflicting interpretations of pathogenicity,1,-0.269,0.0634,-8.9424,loss_of_function,-5.99359737796003,0.9532,pathogenic,10.1101/2022.10.22.513328; 37085483
E271L,-1.75112,-0.2384333333333333,-0.20715116063728503,Neutral,Neutral,-1.86087,0.20736999999999997,-0.2787778360227635,Neutral,Neutral,15.473,4.107,23.695,8.175,,,,clinvar,,True,15.473,,,,neutral,neutral,neutral,,True,23.695,,,,neutral,neutral,neutral,568838,Uncertain significance,1,-0.3692,0.0634,-22.2302,loss_of_function,-6.79199726822656,0.9679,pathogenic,10.1101/2022.10.22.513328; 37085483
E271P,-0.98997,2.172336666666667,2.914184275249081,Uncertain,Uncertain,0.2422,3.660203333333333,2.5486417205601395,Uncertain,Uncertain,15.473,4.107,23.695,8.175,,,,COSMIC,,True,15.473,,,,neutral,neutral,neutral,,True,23.695,,,,neutral,neutral,neutral,,,,-0.4039,0.0634,-8.9424,loss_of_function,-6.13874495590501,0.9819,pathogenic,10.1101/2022.10.22.513328; 37085483
E271Q,0.31948,0.11042999999999997,0.8418931416968242,Neutral,Neutral,0.02331,0.6841266666666668,0.8457250374830428,Neutral,Neutral,15.473,4.107,23.695,8.175,,,0.924,"cBioPortal,COSMIC,somatic_muts",,True,15.473,,,,neutral,neutral,neutral,,True,23.695,,,,neutral,neutral,neutral,,,,-0.2873,0.0634,-22.2302,loss_of_function,-4.5582696722585,0.7442,pathogenic,10.1101/2022.10.22.513328; 37085483
E271R,0.475,0.93016,1.0753545077223403,Neutral,Neutral,0.71114,1.94399,0.7550139484592581,Neutral,Neutral,15.473,4.107,23.695,8.175,,,,somatic_muts,,True,15.473,,,,neutral,neutral,neutral,,True,23.695,,,,neutral,neutral,neutral,,,,-0.3973,0.0634,-22.2302,loss_of_function,-6.34892669683129,0.959,pathogenic,10.1101/2022.10.22.513328
E271V,-0.98131,-0.015306666666666654,0.0858064277055589,Neutral,Neutral,-1.466,0.025283333333333324,0.02968931655221113,Neutral,Neutral,15.473,4.107,23.695,8.175,,,0.972,"cBioPortal,COSMIC,germline_muts,somatic_muts",,True,15.473,,,,neutral,neutral,neutral,,True,23.695,,,,neutral,neutral,neutral,,,,-0.328,0.0634,-22.2302,loss_of_function,-7.08214190607596,0.9457,pathogenic,10.1101/2022.10.22.513328; 37085483
V272A,3.39736,2.847053333333333,3.1035170733620916,Uncertain,Destabilizing,1.63968,2.8981833333333333,2.2688505966491608,Uncertain,Uncertain,0.072,0.296,0.57,1.37,,,0.658,"cBioPortal,COSMIC,germline_muts,somatic_muts,clinvar",,False,0.072,,,,neutral,neutral,neutral,,False,0.57,,,,neutral,neutral,neutral,565884,Uncertain significance,1,-0.1077,1.4791,-1.2283,loss_of_function,-2.15184917570093,0.9028,pathogenic,10.1101/2022.10.22.513328; 37085483
V272E,3.78877,4.801703333333333,4.663190007053111,Destabilizing,Destabilizing,3.90782,3.8921799999999998,3.6546734347194545,Destabilizing,Destabilizing,0.072,0.296,0.57,1.37,,,0.806,"cBioPortal,COSMIC,somatic_muts,clinvar",,False,0.072,,,,neutral,neutral,neutral,,False,0.57,,,,neutral,neutral,neutral,376673,Uncertain significance,1,-0.3387,1.4791,-22.2302,loss_of_function,-6.48435979193118,0.9937,pathogenic,10.1101/2022.10.22.513328; 37085483
V272G,5.20297,5.36474,5.48817452982572,Destabilizing,Destabilizing,2.9844,4.873583333333333,4.270239751354173,Uncertain,Uncertain,0.072,0.296,0.57,1.37,,,0.707,"cBioPortal,COSMIC,somatic_muts,clinvar",,False,0.072,,,,neutral,neutral,neutral,,False,0.57,,,,neutral,neutral,neutral,233323,Conflicting interpretations of pathogenicity,1,-0.2411,1.4791,-2.7331,loss_of_function,-2.44295666055379,0.8186,pathogenic,10.1101/2022.10.22.513328; 37085483
V272K,6.92574,7.752043333333333,6.925843286508912,Destabilizing,Destabilizing,6.02914,5.458503333333333,4.346902202284212,Destabilizing,Destabilizing,0.072,0.296,0.57,1.37,,,,"cBioPortal,COSMIC",,False,0.072,,,,neutral,neutral,neutral,,False,0.57,,,,neutral,neutral,neutral,,,,-0.3777,1.4791,-22.2302,loss_of_function,-6.48435979193118,0.9971,pathogenic,10.1101/2022.10.22.513328; 37085483
V272L,1.46302,1.6021533333333335,1.324097454400696,Neutral,Neutral,1.62183,1.02642,0.9127160224817273,Neutral,Neutral,0.072,0.296,0.57,1.37,,,0.878,"cBioPortal,COSMIC,germline_muts,somatic_muts,clinvar",,False,0.072,,,,neutral,neutral,neutral,,False,0.57,,,,neutral,neutral,neutral,"574679, 12358","Pathogenic/Likely pathogenic, Likely pathogenic","2, 2",-0.2155,1.4791,-22.2302,loss_of_function,-3.54364476514723,0.9653,pathogenic,10.1101/2022.10.22.513328; 37085483
V272M,1.76139,3.062586666666667,2.5100070177411857,Uncertain,Uncertain,1.50829,1.1441033333333335,1.6077699203782834,Neutral,Neutral,0.072,0.296,0.57,1.37,,3.9857787415e-06,0.907,"cBioPortal,COSMIC,germline_muts,somatic_muts,clinvar",,False,0.072,,,,neutral,neutral,neutral,,False,0.57,,,,neutral,neutral,neutral,185814,Pathogenic,3,-0.2245,1.4791,-22.2302,loss_of_function,-4.14864059378533,0.9572,pathogenic,10.1101/2022.10.22.513328; 37085483
R273C,0.666,0.9099766666666667,1.415540076024632,Neutral,Neutral,0.52491,0.7841266666666665,1.5136287723258037,Neutral,Neutral,21.174,5.639,35.415,9.108,0.0,1.195933825e-05,0.901,"cBioPortal,COSMIC,germline_muts,somatic_muts,clinvar",,False,21.174,,,,neutral,neutral,neutral,,False,35.415,,,,neutral,neutral,neutral,43594,Pathogenic/Likely pathogenic,2,-0.4124,0.0682,-22.2302,loss_of_function,-4.01724918554044,0.9945,pathogenic,10.1101/2022.10.22.513328; 37085483
R273G,2.34561,2.00238,2.4525135842848576,Uncertain,Uncertain,1.85268,2.25703,2.5086115800536426,Uncertain,Uncertain,21.174,5.639,35.415,9.108,,,0.902,"cBioPortal,COSMIC,germline_muts,somatic_muts,clinvar",,False,21.174,,,,neutral,neutral,neutral,,False,35.415,,,,neutral,neutral,neutral,634682,Pathogenic,2,-0.4389,0.0682,-22.2302,loss_of_function,-7.62147705658493,0.9981,pathogenic,10.1101/2022.10.22.513328; 37085483
R273H,0.99881,0.26882,0.5262100356455623,Neutral,Neutral,1.20927,-0.32743666666666665,0.741320159789407,Neutral,Neutral,21.174,5.639,35.415,9.108,,1.59328272005e-05,0.868,"cBioPortal,COSMIC,germline_muts,somatic_muts,clinvar",,False,21.174,,,,neutral,neutral,neutral,,False,35.415,,,,neutral,neutral,neutral,12366,Pathogenic,3,-0.2953,0.0682,-6.9425,loss_of_function,-2.02805387219135,0.9889,pathogenic,10.1101/2022.10.22.513328; 37085483
R273L,-0.86206,-0.4026066666666667,-0.4622173403355328,Neutral,Neutral,-0.70955,-0.6978433333333335,-0.10266903105505265,Neutral,Neutral,21.174,5.639,35.415,9.108,,3.9832068001e-06,0.921,"cBioPortal,COSMIC,germline_muts,somatic_muts,clinvar",,False,21.174,,,,neutral,neutral,neutral,,False,35.415,,,,neutral,neutral,neutral,376655,Pathogenic,2,-0.406,0.0682,-22.2302,loss_of_function,-7.62147705658493,0.9954,pathogenic,10.1101/2022.10.22.513328; 37085483
R273N,0.82828,0.8649666666666667,1.1571225202366067,Neutral,Neutral,0.5799,0.35374,1.1860422854205228,Neutral,Neutral,21.174,5.639,35.415,9.108,,,,somatic_muts,,False,21.174,,,,neutral,neutral,neutral,,False,35.415,,,,neutral,neutral,neutral,,,,-0.4184,0.0682,-22.2302,loss_of_function,-7.62147705658493,0.9995,pathogenic,10.1101/2022.10.22.513328
R273P,2.68547,3.0250566666666665,4.717104604946311,Uncertain,Uncertain,2.31807,2.9097500000000003,4.743584512909199,Uncertain,Uncertain,21.174,5.639,35.415,9.108,3.1867431485e-05,,0.932,"cBioPortal,COSMIC,somatic_muts,clinvar",,False,21.174,,,,neutral,neutral,neutral,,False,35.415,,,,neutral,neutral,neutral,231060,Pathogenic,2,-0.5456,0.0682,-22.2302,loss_of_function,-7.62147705658493,0.9988,pathogenic,10.1101/2022.10.22.513328; 37085483
R273Q,0.22915,0.21179,0.9357920329057855,Neutral,Neutral,0.22951,0.18288333333333331,1.0782986358822326,Neutral,Neutral,21.174,5.639,35.415,9.108,,,,"COSMIC,somatic_muts",,False,21.174,,,,neutral,neutral,neutral,,False,35.415,,,,neutral,neutral,neutral,,,,-0.3783,0.0682,-22.2302,loss_of_function,-7.62147705658493,0.9917,pathogenic,10.1101/2022.10.22.513328; 37085483
R273S,1.5524,1.26542,1.6296975455195835,Neutral,Neutral,0.86155,1.11655,1.5886428917297881,Neutral,Neutral,21.174,5.639,35.415,9.108,,0.0,0.906,"cBioPortal,COSMIC,germline_muts,somatic_muts,clinvar",,False,21.174,,,,neutral,neutral,neutral,,False,35.415,,,,neutral,neutral,neutral,376656,Pathogenic,2,-0.4041,0.0682,-22.2302,loss_of_function,-7.11021169620391,0.9993,pathogenic,10.1101/2022.10.22.513328; 37085483
R273V,-0.41397,-0.4520433333333333,0.07197718716770513,Neutral,Neutral,-0.01233,-0.76916,0.12938220251082258,Neutral,Neutral,21.174,5.639,35.415,9.108,,,,cBioPortal,,False,21.174,,,,neutral,neutral,neutral,,False,35.415,,,,neutral,neutral,neutral,,,,-0.4201,0.0682,-22.2302,loss_of_function,-7.62147705658493,0.9978,pathogenic,10.1101/2022.10.22.513328; 37085483
R273Y,-0.57745,-0.4376433333333334,-0.06166385845665664,Neutral,Neutral,0.57482,-1.6978466666666667,0.2389304150204626,Neutral,Neutral,21.174,5.639,35.415,9.108,,,,"cBioPortal,COSMIC,somatic_muts",,False,21.174,,,,neutral,neutral,neutral,,False,35.415,,,,neutral,neutral,neutral,,,,-0.425,0.0682,-22.2302,loss_of_function,-6.57658797529699,0.9985,pathogenic,10.1101/2022.10.22.513328; 37085483
V274A,2.49728,3.0668933333333332,2.8700566270387924,Uncertain,Uncertain,-1.60205,2.5675766666666666,1.6739371067470354,Uncertain,Neutral,0.631,1.496,1.01,1.475,,,0.847,"cBioPortal,COSMIC,germline_muts,somatic_muts,clinvar",,False,0.631,,,,neutral,neutral,neutral,,False,1.01,,,,neutral,neutral,neutral,376677,Conflicting interpretations of pathogenicity,1,-0.2627,0.9589,-22.2302,loss_of_function,-6.80217081269693,0.9908,pathogenic,10.1101/2022.10.22.513328; 37085483
V274C,1.86806,2.38186,2.4575340330786726,Uncertain,Uncertain,-0.88278,2.0500000000000003,1.815918835029484,Uncertain,Neutral,0.631,1.496,1.01,1.475,,,,cBioPortal,,False,0.631,,,,neutral,neutral,neutral,,False,1.01,,,,neutral,neutral,neutral,,,,-0.2906,0.9589,-22.2302,loss_of_function,-6.80217081269693,0.9942,pathogenic,10.1101/2022.10.22.513328; 37085483
V274D,3.25391,4.63662,4.293287500426872,Destabilizing,Destabilizing,1.88083,4.59841,2.905487587053299,Uncertain,Uncertain,0.631,1.496,1.01,1.475,,,0.889,"cBioPortal,COSMIC,somatic_muts,clinvar",,False,0.631,,,,neutral,neutral,neutral,,False,1.01,,,,neutral,neutral,neutral,376675,Conflicting interpretations of pathogenicity,1,-0.4293,0.9589,-22.2302,loss_of_function,-6.80217081269693,0.9991,pathogenic,10.1101/2022.10.22.513328; 37085483
V274E,3.03578,4.94229,4.35485227523283,Destabilizing,Destabilizing,1.87673,5.29796,2.5280854193831357,Uncertain,Uncertain,0.631,1.496,1.01,1.475,,,,clinvar,,False,0.631,,,,neutral,neutral,neutral,,False,1.01,,,,neutral,neutral,neutral,1417760,Uncertain significance,1,-0.3866,0.9589,-22.2302,loss_of_function,-6.80217081269693,0.9984,pathogenic,10.1101/2022.10.22.513328; 37085483
V274F,9.40429,5.620066666666666,2.804230064401178,Destabilizing,Uncertain,12.40123,3.8960333333333335,0.3450288027872543,Destabilizing,Uncertain,0.631,1.496,1.01,1.475,,,0.773,"cBioPortal,COSMIC,somatic_muts,clinvar",,False,0.631,,,,neutral,neutral,neutral,,False,1.01,,,,neutral,neutral,neutral,376674,Conflicting interpretations of pathogenicity,1,-0.272,0.9589,-8.9424,loss_of_function,-6.80217081269693,0.9915,pathogenic,10.1101/2022.10.22.513328; 37085483
V274G,4.15702,4.916666666666666,5.01530055950601,Destabilizing,Destabilizing,-1.26932,4.667803333333333,3.608420458178212,Uncertain,Uncertain,0.631,1.496,1.01,1.475,,,0.865,"cBioPortal,COSMIC,somatic_muts,clinvar",,False,0.631,,,,neutral,neutral,neutral,,False,1.01,,,,neutral,neutral,neutral,376676,Conflicting interpretations of pathogenicity,1,-0.3885,0.9589,-22.2302,loss_of_function,-6.80217081269693,0.989,pathogenic,10.1101/2022.10.22.513328; 37085483
V274I,-0.35905,0.6503366666666667,0.35384693814383444,Neutral,Neutral,1.13975,0.8397933333333333,-0.17913418079699298,Neutral,Neutral,0.631,1.496,1.01,1.475,,,0.367,"COSMIC,somatic_muts",,False,0.631,,,,neutral,neutral,neutral,,False,1.01,,,,neutral,neutral,neutral,,,,-0.0881,0.9589,-0.6387,loss_of_function,-0.311767547129325,0.0913,benign,10.1101/2022.10.22.513328; 37085483
V274L,1.11438,2.751246666666667,1.036221140663751,Uncertain,Neutral,1.01462,1.7246033333333333,-0.2031677970474408,Neutral,Neutral,0.631,1.496,1.01,1.475,,,0.630,"cBioPortal,COSMIC,somatic_muts,clinvar",,False,0.631,,,,neutral,neutral,neutral,,False,1.01,,,,neutral,neutral,neutral,376678,Uncertain significance,1,-0.2633,0.9589,-22.2302,loss_of_function,-3.55708445755812,0.967,pathogenic,10.1101/2022.10.22.513328; 37085483
C275F,7.59948,2.561223333333333,1.557977308829149,Uncertain,Uncertain,0.39016,0.7026066666666667,-0.5570974212351557,Neutral,Neutral,2.181,1.98,17.32,7.352,,,0.981,"cBioPortal,COSMIC,germline_muts,somatic_muts,clinvar",,False,2.181,,,,neutral,neutral,neutral,,False,17.32,,,,neutral,neutral,neutral,376582,Pathogenic,1,-0.4845,0.0212,-22.2302,loss_of_function,-7.96890002094704,0.9978,pathogenic,10.1101/2022.10.22.513328; 37085483
C275G,1.45957,1.0124733333333333,2.4818824578463237,Neutral,Uncertain,0.57529,1.2549866666666667,0.9118362812368087,Neutral,Neutral,2.181,1.98,17.32,7.352,,,0.957,"cBioPortal,COSMIC,somatic_muts,clinvar",,False,2.181,,,,neutral,neutral,neutral,,False,17.32,,,,neutral,neutral,neutral,1414106,Uncertain significance,1,-0.483,0.0212,-22.2302,loss_of_function,-7.96890002094704,0.9926,pathogenic,10.1101/2022.10.22.513328; 37085483
C275R,3.60003,2.6151933333333335,3.258005882847128,Uncertain,Destabilizing,0.49705,0.75703,-0.36964004584557447,Neutral,Neutral,2.181,1.98,17.32,7.352,,,0.962,"cBioPortal,COSMIC,germline_muts,somatic_muts,clinvar",,False,2.181,,,,neutral,neutral,neutral,,False,17.32,,,,neutral,neutral,neutral,376584,Conflicting interpretations of pathogenicity,1,-0.5428,0.0212,-22.2302,loss_of_function,-7.96890002094704,0.9995,pathogenic,10.1101/2022.10.22.513328; 37085483
C275S,0.81934,0.6306133333333334,1.5178682998537438,Neutral,Neutral,0.02548,0.6642866666666667,0.31308383578867727,Neutral,Neutral,2.181,1.98,17.32,7.352,,,"0.965, 0.982","cBioPortal,COSMIC,somatic_muts,clinvar",,False,2.181,,,,neutral,neutral,neutral,,False,17.32,,,,neutral,neutral,neutral,"960924, 376583","Uncertain significance, Conflicting interpretations of pathogenicity","1, 1",-0.4813,0.0212,-22.2302,loss_of_function,-4.46041556087988,0.9933,pathogenic,10.1101/2022.10.22.513328; 37085483
C275W,11.06764,2.628686666666667,2.970025441754181,Uncertain,Uncertain,1.74312,1.0138333333333334,-0.7020161637148083,Neutral,Neutral,2.181,1.98,17.32,7.352,,,0.922,"cBioPortal,COSMIC,somatic_muts,clinvar",,False,2.181,,,,neutral,neutral,neutral,,False,17.32,,,,neutral,neutral,neutral,485044,Likely pathogenic,1,-0.4876,0.0212,-22.2302,loss_of_function,-7.96890002094704,0.9994,pathogenic,10.1101/2022.10.22.513328; 37085483
C275Y,8.83124,2.46814,2.588857051495719,Uncertain,Uncertain,0.91809,0.3112233333333333,-0.3430826796164168,Neutral,Neutral,2.181,1.98,17.32,7.352,3.186336987e-05,,0.972,"cBioPortal,COSMIC,germline_muts,somatic_muts,clinvar",,False,2.181,,,,neutral,neutral,neutral,,False,17.32,,,,neutral,neutral,neutral,215997,Pathogenic/Likely pathogenic,2,-0.4938,0.0212,-22.2302,loss_of_function,-7.96890002094704,0.9996,pathogenic,10.1101/2022.10.22.513328; 37085483
A276D,-0.48034,-0.81236,-0.18450527078471723,Neutral,Neutral,-0.57486,-0.50193,-0.37043821856977655,Neutral,Neutral,44.705,9.069,96.92,10.012,,,0.951,"cBioPortal,COSMIC,somatic_muts,clinvar",,False,44.705,,,,neutral,neutral,neutral,,False,96.92,,,,neutral,neutral,neutral,232683,Conflicting interpretations of pathogenicity,1,-0.4154,0.0749,-22.2273,loss_of_function,-7.37168848391084,0.9993,pathogenic,10.1101/2022.10.22.513328; 37085483
A276F,-0.66864,-0.6980733333333333,-0.4442229445887362,Neutral,Neutral,-0.36132,-0.33605666666666667,-0.3039798148702669,Neutral,Neutral,44.705,9.069,96.92,10.012,,,,COSMIC,,False,44.705,,,,neutral,neutral,neutral,,False,96.92,,,,neutral,neutral,neutral,,,,-0.3837,0.0749,-22.2273,loss_of_function,-7.62748751942468,0.9806,pathogenic,10.1101/2022.10.22.513328; 37085483
A276G,0.20024,0.7377566666666667,0.6343286501675992,Neutral,Neutral,0.17834,0.5707466666666666,0.36863293389697543,Neutral,Neutral,44.705,9.069,96.92,10.012,,,0.930,"cBioPortal,COSMIC,somatic_muts,clinvar",,False,44.705,,,,neutral,neutral,neutral,,False,96.92,,,,neutral,neutral,neutral,185319,Pathogenic,1,-0.3271,0.0749,-22.2273,loss_of_function,-7.62748751942468,0.9785,pathogenic,10.1101/2022.10.22.513328; 37085483
A276P,-0.37838,0.37812,1.5596395316243319,Neutral,Neutral,-0.98026,-0.5099766666666666,0.4697527268271479,Neutral,Neutral,44.705,9.069,96.92,10.012,,,0.949,"cBioPortal,COSMIC,somatic_muts,clinvar",,False,44.705,,,,neutral,neutral,neutral,,False,96.92,,,,neutral,neutral,neutral,428893,Conflicting interpretations of pathogenicity,1,-0.4551,0.0749,-22.2273,loss_of_function,-7.62748751942468,0.9913,pathogenic,10.1101/2022.10.22.513328; 37085483
A276S,0.05236,-0.4654200000000001,0.028964153351139593,Neutral,Neutral,0.1085,0.013606666666666668,-0.14692310507966302,Neutral,Neutral,44.705,9.069,96.92,10.012,,,0.850,"cBioPortal,COSMIC,somatic_muts",,False,44.705,,,,neutral,neutral,neutral,,False,96.92,,,,neutral,neutral,neutral,,,,-0.2983,0.0749,-22.2273,loss_of_function,-3.61938748631823,0.6879,pathogenic,10.1101/2022.10.22.513328; 37085483
A276T,0.17663,-0.4903633333333333,-0.03892300491732944,Neutral,Neutral,0.04868,0.13186,-0.17870894501262594,Neutral,Neutral,44.705,9.069,96.92,10.012,,,0.928,"cBioPortal,COSMIC,somatic_muts,clinvar",,False,44.705,,,,neutral,neutral,neutral,,False,96.92,,,,neutral,neutral,neutral,827547,Uncertain significance,2,-0.2284,0.0749,-7.3546,loss_of_function,-1.74589151428764,0.97,pathogenic,10.1101/2022.10.22.513328; 37085483
A276V,-0.01109,-0.42766333333333334,-0.21130059222807507,Neutral,Neutral,0.21524,0.03027333333333332,-0.17928744145356182,Neutral,Neutral,44.705,9.069,96.92,10.012,,,0.934,"cBioPortal,COSMIC,somatic_muts",,False,44.705,,,,neutral,neutral,neutral,,False,96.92,,,,neutral,neutral,neutral,,,,-0.3013,0.0749,-22.2273,loss_of_function,-7.62748751942468,0.9902,pathogenic,10.1101/2022.10.22.513328; 37085483
C277F,-0.67209,-0.87857,-1.0273716556365624,Neutral,Neutral,-0.68076,-2.5795933333333334,-1.4183578135877972,Uncertain,Neutral,41.269,5.778,49.89,16.311,,3.9791809254e-06,0.932,"cBioPortal,COSMIC,somatic_muts,clinvar",,False,41.269,,,,neutral,neutral,neutral,,False,49.89,,,,neutral,neutral,neutral,458567,Uncertain significance,2,-0.4845,0.0212,-22.2302,loss_of_function,-7.70457574756643,0.9904,pathogenic,10.1101/2022.10.22.513328; 37085483
C277G,0.61611,4.173016666666667,0.7648673232588972,Uncertain,Neutral,-0.2587,1.28764,0.5899439251320702,Neutral,Neutral,41.269,5.778,49.89,16.311,,,0.846,"cBioPortal,COSMIC,somatic_muts",,False,41.269,,,,neutral,neutral,neutral,,False,49.89,,,,neutral,neutral,neutral,,,,-0.483,0.0212,-22.2302,loss_of_function,-7.97190875216479,0.9972,pathogenic,10.1101/2022.10.22.513328; 37085483
C277R,-0.30456,-0.18027,-0.5895467845807607,Neutral,Neutral,-0.13529,-1.8172333333333333,-0.6659824243985335,Neutral,Neutral,41.269,5.778,49.89,16.311,,,0.889,"COSMIC,clinvar",,False,41.269,,,,neutral,neutral,neutral,,False,49.89,,,,neutral,neutral,neutral,421804,Conflicting interpretations of pathogenicity,1,-0.5428,0.0212,-22.2302,loss_of_function,-7.97190875216479,0.9996,pathogenic,10.1101/2022.10.22.513328; 37085483
C277S,0.17231,0.26859333333333335,0.1536114651531206,Neutral,Neutral,0.22144,-1.6041966666666667,-0.11245355004101752,Neutral,Neutral,41.269,5.778,49.89,16.311,,,"0.894, 0.936","cBioPortal,COSMIC,somatic_muts,clinvar",,False,41.269,,,,neutral,neutral,neutral,,False,49.89,,,,neutral,neutral,neutral,655556,Uncertain significance,1,-0.4813,0.0212,-22.2302,loss_of_function,-3.66742459155775,0.9837,pathogenic,10.1101/2022.10.22.513328; 37085483
C277W,-0.09878,-0.6668966666666667,-1.3716805983222218,Neutral,Neutral,-0.11295,0.05952333333333334,-1.6784980320213476,Neutral,Neutral,41.269,5.778,49.89,16.311,,,0.875,"cBioPortal,COSMIC,somatic_muts,clinvar",,False,41.269,,,,neutral,neutral,neutral,,False,49.89,,,,neutral,neutral,neutral,1762926,Uncertain significance,1,-0.4198,0.0212,-8.9424,loss_of_function,-7.70457574756643,0.9979,pathogenic,10.1101/2022.10.22.513328; 37085483
C277Y,-0.39014,-1.5469366666666666,-0.9280296735534593,Neutral,Neutral,-0.49199,-0.5062366666666667,-1.2222382481209895,Neutral,Neutral,41.269,5.778,49.89,16.311,,0.0,0.940,"cBioPortal,COSMIC,germline_muts,somatic_muts,clinvar",,False,41.269,,,,neutral,neutral,neutral,,False,49.89,,,,neutral,neutral,neutral,185722,Conflicting interpretations of pathogenicity,1,-0.4938,0.0212,-22.2302,loss_of_function,-7.70457574756643,0.9986,pathogenic,10.1101/2022.10.22.513328; 37085483
P278A,2.60285,1.59161,0.14728391895833703,Uncertain,Uncertain,2.39854,-0.12562333333333328,0.15116981115304998,Uncertain,Uncertain,2.805,2.186,0.525,0.767,,,0.958,"cBioPortal,COSMIC,germline_muts,somatic_muts,clinvar",,False,2.805,,,,neutral,neutral,neutral,,False,0.525,,,,neutral,neutral,neutral,376645,Conflicting interpretations of pathogenicity,1,-0.3237,0.0423,-22.2302,loss_of_function,-7.65902909566732,0.9934,pathogenic,10.1101/2022.10.22.513328; 37085483
P278F,22.63558,10.9127,1.406783148626858,Destabilizing,Uncertain,34.04895,5.634583333333333,1.6016691050988918,Destabilizing,Uncertain,2.805,2.186,0.525,0.767,,,,"cBioPortal,COSMIC,somatic_muts",,False,2.805,,,,neutral,neutral,neutral,,False,0.525,,,,neutral,neutral,neutral,,,,-0.3849,0.0423,-22.2302,loss_of_function,-7.924781724694,0.9999,pathogenic,10.1101/2022.10.22.513328; 37085483
P278H,16.75315,10.598186666666665,1.451654760942082,Destabilizing,Uncertain,27.36063,6.77188,1.8526256372293035,Destabilizing,Uncertain,2.805,2.186,0.525,0.767,,,0.950,"cBioPortal,COSMIC,somatic_muts,clinvar",,False,2.805,,,,neutral,neutral,neutral,,False,0.525,,,,neutral,neutral,neutral,376646,Uncertain significance,2,-0.3625,0.0423,-22.2302,loss_of_function,-7.924781724694,0.9993,pathogenic,10.1101/2022.10.22.513328; 37085483
P278L,6.43173,5.236846666666667,0.26791833657900876,Destabilizing,Uncertain,9.81716,2.74637,0.6402659460862167,Uncertain,Uncertain,2.805,2.186,0.525,0.767,,,0.940,"cBioPortal,COSMIC,germline_muts,somatic_muts,clinvar",,False,2.805,,,,neutral,neutral,neutral,,False,0.525,,,,neutral,neutral,neutral,232497,Conflicting interpretations of pathogenicity,1,-0.3047,0.0423,-8.9424,loss_of_function,-5.65653065547344,0.9972,pathogenic,10.1101/2022.10.22.513328; 37085483
P278R,13.51953,19.3483,2.0532614797857565,Destabilizing,Uncertain,19.7839,9.489456666666667,2.8019536589624523,Destabilizing,Uncertain,2.805,2.186,0.525,0.767,,,0.951,"cBioPortal,COSMIC,somatic_muts,clinvar",,False,2.805,,,,neutral,neutral,neutral,,False,0.525,,,,neutral,neutral,neutral,376644,Conflicting interpretations of pathogenicity,1,-0.3936,0.0423,-22.2302,loss_of_function,-7.924781724694,0.9968,pathogenic,10.1101/2022.10.22.513328; 37085483
P278S,4.20245,3.4879833333333337,0.805300076446834,Destabilizing,Uncertain,3.3228,1.5187066666666666,1.1127026886614904,Uncertain,Uncertain,2.805,2.186,0.525,0.767,,,0.963,"cBioPortal,COSMIC,germline_muts,somatic_muts,clinvar",,False,2.805,,,,neutral,neutral,neutral,,False,0.525,,,,neutral,neutral,neutral,376642,Conflicting interpretations of pathogenicity,1,-0.2556,0.0423,-8.9424,loss_of_function,-5.02543687785345,0.9988,pathogenic,10.1101/2022.10.22.513328; 37085483
P278T,5.35318,2.6444466666666666,0.353708609605951,Uncertain,Uncertain,4.77024,1.5464866666666666,0.7284128703952192,Uncertain,Uncertain,2.805,2.186,0.525,0.767,,,0.954,"cBioPortal,COSMIC,germline_muts,somatic_muts,clinvar",,False,2.805,,,,neutral,neutral,neutral,,False,0.525,,,,neutral,neutral,neutral,376643,Pathogenic,2,-0.3356,0.0423,-22.2302,loss_of_function,-7.65902909566732,0.9974,pathogenic,10.1101/2022.10.22.513328; 37085483
P278V,4.11722,2.0766433333333336,-0.19564718517839955,Uncertain,Uncertain,5.50602,0.9028333333333335,0.19845384981983247,Uncertain,Uncertain,2.805,2.186,0.525,0.767,,,,cBioPortal,,False,2.805,,,,neutral,neutral,neutral,,False,0.525,,,,neutral,neutral,neutral,,,,-0.3233,0.0423,-22.2302,loss_of_function,-7.65902909566732,0.9982,pathogenic,10.1101/2022.10.22.513328; 37085483
G279A,-0.02749,-0.9650833333333333,0.41337773055493515,Neutral,Neutral,2.70369,3.1339,1.9238957680124305,Uncertain,Uncertain,30.843,14.711,0.13,0.465,,,0.907,"cBioPortal,COSMIC",,False,30.843,,,,neutral,neutral,neutral,,False,0.13,,,,neutral,neutral,neutral,,,,-0.3797,0.0423,-22.2302,loss_of_function,-6.08115856665018,0.9586,pathogenic,10.1101/2022.10.22.513328; 37085483
G279D,1.17205,0.5447866666666666,0.5984674298684066,Neutral,Neutral,11.34862,13.871200000000002,4.121478519577277,Destabilizing,Destabilizing,30.843,14.711,0.13,0.465,,,,cBioPortal,,False,30.843,,,,neutral,neutral,neutral,,False,0.13,,,,neutral,neutral,neutral,,,,-0.44,0.0423,-22.2302,loss_of_function,-7.59509316699625,0.9991,pathogenic,10.1101/2022.10.22.513328; 37085483
G279E,0.66853,0.7180300000000001,0.7257383421594045,Neutral,Neutral,12.27548,15.207483333333334,4.816360393203738,Destabilizing,Destabilizing,30.843,14.711,0.13,0.465,,,0.907,"cBioPortal,COSMIC,somatic_muts,clinvar",,False,30.843,,,,neutral,neutral,neutral,,False,0.13,,,,neutral,neutral,neutral,419454,Conflicting interpretations of pathogenicity,1,-0.4393,0.0423,-22.2302,loss_of_function,-7.59509316699625,0.9986,pathogenic,10.1101/2022.10.22.513328; 37085483
G279R,1.3911,1.801926666666667,-0.03720700266189717,Neutral,Neutral,13.88129,19.689,4.538654877585034,Destabilizing,Destabilizing,30.843,14.711,0.13,0.465,,,0.896,"cBioPortal,COSMIC,germline_muts,somatic_muts,clinvar",,False,30.843,,,,neutral,neutral,neutral,,False,0.13,,,,neutral,neutral,neutral,458568,Conflicting interpretations of pathogenicity,1,-0.3885,0.0423,-8.9424,loss_of_function,-6.15827489133228,0.9973,pathogenic,10.1101/2022.10.22.513328; 37085483
G279V,1.65589,-0.23106333333333332,0.6710611046274754,Neutral,Neutral,12.05656,11.236963333333334,4.538260497691107,Destabilizing,Destabilizing,30.843,14.711,0.13,0.465,,,0.937,"cBioPortal,COSMIC,somatic_muts,clinvar",,False,30.843,,,,neutral,neutral,neutral,,False,0.13,,,,neutral,neutral,neutral,1434495,Uncertain significance,1,-0.4665,0.0423,-22.2302,loss_of_function,-6.24577971419134,0.9895,pathogenic,10.1101/2022.10.22.513328; 37085483
G279W,1.40417,-0.76043,-1.0739937574364085,Neutral,Neutral,24.00635,19.477436666666666,4.585319657313268,Destabilizing,Destabilizing,30.843,14.711,0.13,0.465,,,0.930,"cBioPortal,COSMIC,somatic_muts",,False,30.843,,,,neutral,neutral,neutral,,False,0.13,,,,neutral,neutral,neutral,,,,-0.4095,0.0423,-8.9424,loss_of_function,-7.24613300466929,0.9965,pathogenic,10.1101/2022.10.22.513328; 37085483
R280G,0.90151,2.2060099999999996,0.979969622312063,Uncertain,Neutral,-0.58408,1.2250566666666665,0.9380821954003351,Neutral,Neutral,59.817,6.503,75.4,11.95,,,0.924,"cBioPortal,COSMIC,somatic_muts,clinvar",,False,59.817,,,,neutral,neutral,neutral,,False,75.4,,,,neutral,neutral,neutral,376658,Conflicting interpretations of pathogenicity,1,-0.4432,0.0212,-22.2302,loss_of_function,-7.93668764215011,0.9989,pathogenic,10.1101/2022.10.22.513328; 37085483
R280I,0.4259,0.6303833333333334,-0.1115650323990186,Neutral,Neutral,-0.26808,1.3044233333333333,0.22001745535078018,Neutral,Neutral,59.817,6.503,75.4,11.95,,,0.942,"cBioPortal,COSMIC,somatic_muts,clinvar",,False,59.817,,,,neutral,neutral,neutral,,False,75.4,,,,neutral,neutral,neutral,161517,Uncertain significance,1,-0.4373,0.0212,-22.2302,loss_of_function,-7.93668764215011,0.9996,pathogenic,10.1101/2022.10.22.513328; 37085483
R280K,-0.01379,0.6798166666666666,0.04230754059736439,Neutral,Neutral,-0.19475,0.38117666666666666,0.3158062835296967,Neutral,Neutral,59.817,6.503,75.4,11.95,,,0.935,"cBioPortal,COSMIC,germline_muts,somatic_muts,clinvar",,False,59.817,,,,neutral,neutral,neutral,,False,75.4,,,,neutral,neutral,neutral,376657,Conflicting interpretations of pathogenicity,1,-0.2981,0.0212,-22.2302,loss_of_function,-4.76455912194511,0.9936,pathogenic,10.1101/2022.10.22.513328; 37085483
R280L,0.13643,0.5051033333333333,-0.2676473720221604,Neutral,Neutral,-0.42427,-0.6454633333333333,-0.26464646421351856,Neutral,Neutral,59.817,6.503,75.4,11.95,,,,clinvar,,False,59.817,,,,neutral,neutral,neutral,,False,75.4,,,,neutral,neutral,neutral,1042468,Uncertain significance,1,-0.4103,0.0212,-22.2302,loss_of_function,-7.93668764215011,0.9988,pathogenic,10.1101/2022.10.22.513328; 37085483
R280N,0.23352,0.7267566666666667,0.282266247087444,Neutral,Neutral,0.1151,0.32392333333333334,0.24008762200944797,Neutral,Neutral,59.817,6.503,75.4,11.95,,,,cBioPortal,,False,59.817,,,,neutral,neutral,neutral,,False,75.4,,,,neutral,neutral,neutral,,,,-0.4228,0.0212,-22.2302,loss_of_function,-7.93668764215011,0.9994,pathogenic,10.1101/2022.10.22.513328; 37085483
R280P,0.45595,6.408276666666666,3.5528695223252087,Uncertain,Uncertain,-0.13446,3.08651,2.1889424675353872,Uncertain,Uncertain,59.817,6.503,75.4,11.95,,,,somatic_muts,,False,59.817,,,,neutral,neutral,neutral,,False,75.4,,,,neutral,neutral,neutral,,,,-0.55,0.0212,-22.2302,loss_of_function,-7.93668764215011,0.9992,pathogenic,10.1101/2022.10.22.513328
R280S,0.74169,1.2733566666666665,0.5221662230472428,Neutral,Neutral,0.09536,0.6960333333333333,0.43556345098306015,Neutral,Neutral,59.817,6.503,75.4,11.95,,,0.878,"cBioPortal,COSMIC,germline_muts,somatic_muts,clinvar",,False,59.817,,,,neutral,neutral,neutral,,False,75.4,,,,neutral,neutral,neutral,"988616, 634747","Pathogenic, Uncertain significance","2, 1",-0.3406,0.0212,-8.9424,loss_of_function,-7.93668764215011,0.9997,pathogenic,10.1101/2022.10.22.513328; 37085483
R280T,0.71305,0.9868466666666666,0.32965118500329776,Neutral,Neutral,0.11961,0.64841,0.44038865370212027,Neutral,Neutral,59.817,6.503,75.4,11.95,,,0.940,"cBioPortal,COSMIC,germline_muts,somatic_muts,clinvar",,False,59.817,,,,neutral,neutral,neutral,,False,75.4,,,,neutral,neutral,neutral,12368,Pathogenic/Likely pathogenic,2,-0.4128,0.0212,-22.2302,loss_of_function,-7.93668764215011,0.9997,pathogenic,10.1101/2022.10.22.513328; 37085483
D281A,1.03114,1.988323333333333,0.9200662231989631,Neutral,Neutral,-0.31456,1.0090733333333333,0.7509624964472831,Neutral,Neutral,12.115,7.055,33.78,7.156,,,0.977,"cBioPortal,COSMIC,germline_muts,somatic_muts,clinvar",,False,12.115,,,,neutral,neutral,neutral,,False,33.78,,,,neutral,neutral,neutral,376589,Likely pathogenic,0,-0.3368,0.1284,-22.2302,loss_of_function,-7.47190388453418,0.9997,pathogenic,10.1101/2022.10.22.513328; 37085483
D281E,0.1962,1.5399066666666668,0.5519703858386289,Neutral,Neutral,-0.4738,1.2924066666666667,0.7840237531464584,Neutral,Neutral,12.115,7.055,33.78,7.156,,,0.909,"cBioPortal,COSMIC,germline_muts,somatic_muts,clinvar",,False,12.115,,,,neutral,neutral,neutral,,False,33.78,,,,neutral,neutral,neutral,"406568, 376587","Conflicting interpretations of pathogenicity, Uncertain significance","1, 2",-0.2059,0.1284,-7.3575,loss_of_function,-2.79266959541697,0.9991,pathogenic,10.1101/2022.10.22.513328; 37085483
D281G,2.16011,3.9571466666666666,2.166693543904557,Uncertain,Uncertain,0.61684,1.9370733333333334,1.9983733893854525,Neutral,Neutral,12.115,7.055,33.78,7.156,,,0.974,"cBioPortal,COSMIC,germline_muts,somatic_muts,clinvar",,False,12.115,,,,neutral,neutral,neutral,,False,33.78,,,,neutral,neutral,neutral,141141,Pathogenic,2,-0.348,0.1284,-22.2302,loss_of_function,-5.98985813599738,0.9995,pathogenic,10.1101/2022.10.22.513328; 37085483
D281H,1.21636,1.8165533333333332,0.5642451315229268,Neutral,Neutral,-0.03495,0.8487533333333334,0.3811065922933449,Neutral,Neutral,12.115,7.055,33.78,7.156,,,0.961,"cBioPortal,COSMIC,somatic_muts,clinvar",,False,12.115,,,,neutral,neutral,neutral,,False,33.78,,,,neutral,neutral,neutral,376588,Conflicting interpretations of pathogenicity,1,-0.2703,0.1284,-7.3575,loss_of_function,-3.99773447527279,0.9993,pathogenic,10.1101/2022.10.22.513328; 37085483
D281N,1.03468,2.1995466666666665,0.6324507843413922,Uncertain,Neutral,-0.20143,0.6764166666666668,0.8092297340030475,Neutral,Neutral,12.115,7.055,33.78,7.156,,3.9771552204e-06,0.943,"cBioPortal,COSMIC,germline_muts,somatic_muts,clinvar",,False,12.115,,,,neutral,neutral,neutral,,False,33.78,,,,neutral,neutral,neutral,376586,Pathogenic,2,-0.3035,0.1284,-22.2302,loss_of_function,-4.6419709862034,0.9988,pathogenic,10.1101/2022.10.22.513328; 37085483
D281P,3.26656,10.24955,5.653013070015738,Destabilizing,Destabilizing,0.85945,8.536733333333332,4.79906621283369,Uncertain,Uncertain,12.115,7.055,33.78,7.156,,,,"cBioPortal,somatic_muts",,False,12.115,,,,neutral,neutral,neutral,,False,33.78,,,,neutral,neutral,neutral,,,,-0.4738,0.1284,-22.2302,loss_of_function,-7.73122410772527,0.9998,pathogenic,10.1101/2022.10.22.513328; 37085483
D281R,1.72279,3.496256666666666,0.9524289865259487,Uncertain,Neutral,-0.16989,1.4714299999999998,0.39972794279715335,Neutral,Neutral,12.115,7.055,33.78,7.156,,,,"COSMIC,somatic_muts",,False,12.115,,,,neutral,neutral,neutral,,False,33.78,,,,neutral,neutral,neutral,,,,-0.4386,0.1284,-22.2302,loss_of_function,-7.73122410772527,0.9993,pathogenic,10.1101/2022.10.22.513328; 37085483
D281V,1.52483,1.03458,0.41308358793990196,Neutral,Neutral,-0.48351,0.5183666666666668,-0.08259574215151534,Neutral,Neutral,12.115,7.055,33.78,7.156,,,0.969,"cBioPortal,COSMIC,germline_muts,somatic_muts,clinvar",,False,12.115,,,,neutral,neutral,neutral,,False,33.78,,,,neutral,neutral,neutral,182968,Pathogenic/Likely pathogenic,2,-0.3839,0.1284,-22.2302,loss_of_function,-7.73122410772527,0.9997,pathogenic,10.1101/2022.10.22.513328; 37085483
D281Y,0.94303,1.4048733333333334,0.7178707387957209,Neutral,Neutral,-0.95099,0.30374000000000007,0.031947617128037904,Neutral,Neutral,12.115,7.055,33.78,7.156,,,0.957,"cBioPortal,COSMIC,germline_muts,somatic_muts,clinvar",,False,12.115,,,,neutral,neutral,neutral,,False,33.78,,,,neutral,neutral,neutral,376585,Pathogenic,1,-0.3818,0.1284,-22.2302,loss_of_function,-6.86978097273434,0.9959,pathogenic,10.1101/2022.10.22.513328; 37085483
R282G,2.81483,2.943763333333333,2.5016196485200797,Uncertain,Uncertain,0.76512,1.0334466666666666,1.6271078094424591,Neutral,Neutral,16.752,6.637,22.31,7.996,,,0.863,"cBioPortal,COSMIC,germline_muts,somatic_muts,clinvar",,True,16.752,,,,neutral,neutral,neutral,,True,22.31,,,,neutral,neutral,neutral,140821,Pathogenic,2,-0.368,0.1018,-8.9365,loss_of_function,-7.68498215740767,0.9871,pathogenic,10.1101/2022.10.22.513328; 37085483
R282H,4.52973,1.43696,1.0689291796317981,Uncertain,Uncertain,0.70281,0.9432,0.4111349541399351,Neutral,Neutral,16.752,6.637,22.31,7.996,,,,"cBioPortal,COSMIC,somatic_muts",,True,16.752,,,,neutral,neutral,neutral,,True,22.31,,,,neutral,neutral,neutral,,,,-0.3024,0.1018,-8.9365,loss_of_function,-7.0860137439162,0.9375,pathogenic,10.1101/2022.10.22.513328; 37085483
R282L,0.42148,0.3700666666666667,-0.08699486211534306,Neutral,Neutral,-0.31321,-0.9879833333333333,-0.06658132659138505,Neutral,Neutral,16.752,6.637,22.31,7.996,,,0.898,"cBioPortal,COSMIC,somatic_muts,clinvar",,True,16.752,,,,neutral,neutral,neutral,,True,22.31,,,,neutral,neutral,neutral,182938,Uncertain significance,3,-0.33,0.1018,-7.9366,loss_of_function,-3.79121713083018,0.9405,pathogenic,10.1101/2022.10.22.513328; 37085483
R282P,7.08227,12.14943,6.96167129020354,Destabilizing,Destabilizing,3.32892,5.409183333333334,6.437060511197818,Destabilizing,Destabilizing,16.752,6.637,22.31,7.996,,,0.911,"cBioPortal,COSMIC,germline_muts,somatic_muts,clinvar",,True,16.752,,,,neutral,neutral,neutral,,True,22.31,,,,neutral,neutral,neutral,376659,Pathogenic/Likely pathogenic,2,-0.5425,0.1018,-22.2244,loss_of_function,-7.68498215740767,0.9994,pathogenic,10.1101/2022.10.22.513328; 37085483
R282Q,1.79416,1.3065733333333334,1.1731776419291025,Neutral,Neutral,0.46597,0.13979666666666665,0.7529112629522393,Neutral,Neutral,16.752,6.637,22.31,7.996,,3.9770286823e-06,0.887,"cBioPortal,COSMIC,germline_muts,somatic_muts,clinvar",,True,16.752,,,,neutral,neutral,neutral,,True,22.31,,,,neutral,neutral,neutral,237956,Conflicting interpretations of pathogenicity,1,-0.3751,0.1018,-22.2244,loss_of_function,-6.94230616144628,0.8664,pathogenic,10.1101/2022.10.22.513328; 37085483
R282W,3.83596,1.8066899999999997,0.260681633903095,Uncertain,Uncertain,1.28235,1.72154,-0.530191749049164,Neutral,Neutral,16.752,6.637,22.31,7.996,,3.9775665248e-06,0.896,"cBioPortal,COSMIC,germline_muts,somatic_muts,clinvar",,True,16.752,,,,neutral,neutral,neutral,,True,22.31,,,,neutral,neutral,neutral,12364,Pathogenic/Likely pathogenic,2,-0.3503,0.1018,-8.9365,loss_of_function,-6.64398279790623,0.9462,pathogenic,10.1101/2022.10.22.513328; 37085483
R283C,0.98082,1.1125866666666668,1.733101654333039,Neutral,Neutral,0.59445,1.17007,1.2565599607212317,Neutral,Neutral,52.647,10.991,71.29,13.069,9.55779278705e-05,7.15876551066e-05,0.740,"cBioPortal,COSMIC,germline_muts,somatic_muts,clinvar",,True,52.647,,,,neutral,neutral,neutral,,True,71.29,,,,neutral,neutral,neutral,127824,Likely benign,3,-0.2603,0.8968,-7.3546,loss_of_function,-3.11296296623348,0.6812,pathogenic,10.1101/2022.10.22.513328; 37085483
R283G,1.28399,1.6914966666666666,1.8356951191612818,Neutral,Neutral,0.80751,1.2806133333333334,1.2331196752433093,Neutral,Neutral,52.647,10.991,71.29,13.069,,,0.714,"cBioPortal,COSMIC,somatic_muts,clinvar",,True,52.647,,,,neutral,neutral,neutral,,True,71.29,,,,neutral,neutral,neutral,580186,Uncertain significance,1,-0.2948,0.8968,-8.9394,loss_of_function,-6.02007111657914,0.887,pathogenic,10.1101/2022.10.22.513328; 37085483
R283H,0.87839,0.9009066666666667,0.6989208584419027,Neutral,Neutral,0.54983,0.3869633333333333,0.189255104792919,Neutral,Neutral,52.647,10.991,71.29,13.069,,3.9769021523e-05,0.836,"cBioPortal,COSMIC,germline_muts,somatic_muts,clinvar",,True,52.647,,,,neutral,neutral,neutral,,True,71.29,,,,neutral,neutral,neutral,142324,Conflicting interpretations of pathogenicity,1,-0.2292,0.8968,-8.9394,loss_of_function,-5.39678325222424,0.549,ambiguous,10.1101/2022.10.22.513328; 37085483
R283L,0.01103,-0.004763333333333332,0.1860777558664071,Neutral,Neutral,-0.44162,-0.06201666666666666,-0.20761271030453074,Neutral,Neutral,52.647,10.991,71.29,13.069,,,0.685,"cBioPortal,COSMIC,somatic_muts",,True,52.647,,,,neutral,neutral,neutral,,True,71.29,,,,neutral,neutral,neutral,,,,-0.3297,0.8968,-22.2273,loss_of_function,-6.35027583660817,0.8316,pathogenic,10.1101/2022.10.22.513328; 37085483
R283P,1.8448,5.55646,4.65574211906203,Uncertain,Uncertain,2.47358,7.7712,3.926561018066249,Uncertain,Uncertain,52.647,10.991,71.29,13.069,,,0.804,"cBioPortal,COSMIC,somatic_muts,clinvar",,True,52.647,,,,neutral,neutral,neutral,,True,71.29,,,,neutral,neutral,neutral,486555,Conflicting interpretations of pathogenicity,1,-0.4694,0.8968,-22.2273,loss_of_function,-7.14798341622502,0.9928,pathogenic,10.1101/2022.10.22.513328; 37085483
R283S,0.6673,1.11304,1.4667398065912478,Neutral,Neutral,0.3765,0.8026066666666666,0.7619090679039715,Neutral,Neutral,52.647,10.991,71.29,13.069,,3.9770919504e-06,0.687,COSMIC,,True,52.647,,,,neutral,neutral,neutral,,True,71.29,,,,neutral,neutral,neutral,,,,-0.26,0.8968,-8.9394,loss_of_function,-4.65990199428634,0.9763,pathogenic,10.1101/2022.10.22.513328; 37085483
T284A,-0.38966,0.24954333333333334,0.18455924522060588,Neutral,Neutral,-0.1253,-0.34920666666666667,0.037524960607214566,Neutral,Neutral,68.043,14.262,70.475,11.596,,,0.460,"COSMIC,somatic_muts,clinvar",P,True,68.043,1.595,,,damaging,neutral,potentially_damaging,P,True,70.475,0.77,,,damaging,neutral,potentially_damaging,964952,Uncertain significance,1,-0.0889,1.353,-0.8052,loss_of_function,-2.3339254732691,0.2587,benign,10.1101/2022.10.22.513328; 37085483
T284I,-0.43617,-0.20884333333333335,-0.17151198054071928,Neutral,Neutral,-0.32751,0.012356666666666674,-0.547271302097868,Neutral,Neutral,68.043,14.262,70.475,11.596,,,0.699,"COSMIC,clinvar",P,True,68.043,1.595,,,damaging,neutral,potentially_damaging,P,True,70.475,0.77,,,damaging,neutral,potentially_damaging,216471,Likely benign,3,-0.1461,1.353,-6.9395,loss_of_function,-2.06270142512814,0.5825,pathogenic,10.1101/2022.10.22.513328; 37085483
T284K,-0.45033,-0.21485333333333334,-0.05944434160585707,Neutral,Neutral,-0.19113,-0.38242666666666664,-0.16765546255201913,Neutral,Neutral,68.043,14.262,70.475,11.596,,,,somatic_muts,P,True,68.043,1.595,,,damaging,neutral,potentially_damaging,P,True,70.475,0.77,,,damaging,neutral,potentially_damaging,,,,-0.2813,1.353,-22.2273,loss_of_function,-4.6111442380541,0.7995,pathogenic,10.1101/2022.10.22.513328
T284P,1.82021,8.35873,4.173208512582431,Uncertain,Uncertain,2.42038,6.158730000000001,3.9317644304173225,Uncertain,Uncertain,68.043,14.262,70.475,11.596,,,0.569,"cBioPortal,COSMIC,somatic_muts,clinvar",P,True,68.043,1.595,,,damaging,neutral,potentially_damaging,P,True,70.475,0.77,,,damaging,uncertain,potentially_damaging,1763670,Likely pathogenic,1,-0.3625,1.353,-22.2273,loss_of_function,-6.55732546763091,0.912,pathogenic,10.1101/2022.10.22.513328; 37085483
T284S,-0.28001,0.5452366666666667,0.41456347005152033,Neutral,Neutral,0.11701,0.01564333333333334,0.2831615154867306,Neutral,Neutral,68.043,14.262,70.475,11.596,,,0.495,"cBioPortal,COSMIC,germline_muts,clinvar",P,True,68.043,1.595,,,neutral,neutral,potentially_damaging,P,True,70.475,0.77,,,neutral,neutral,potentially_damaging,458571,Conflicting interpretations of pathogenicity,1,-0.0725,1.353,-4.6916,loss_of_function,-1.78489914809022,0.2344,benign,10.1101/2022.10.22.513328; 37085483
E285A,0.22258,1.5627000000000002,0.7537223981351721,Neutral,Neutral,-0.62016,0.6,0.3951880301115837,Neutral,Neutral,32.977,7.382,33.205,11.31,,,0.910,COSMIC,,True,32.977,,,,neutral,neutral,neutral,,True,33.205,,,,neutral,neutral,neutral,,,,-0.227,1.0175,-22.2273,loss_of_function,-6.95320772521685,0.928,pathogenic,10.1101/2022.10.22.513328; 37085483
E285D,0.58084,1.1018166666666667,0.7719681511584886,Neutral,Neutral,0.56341,0.6001133333333334,0.7085502437120209,Neutral,Neutral,32.977,7.382,33.205,11.31,,,0.524,"cBioPortal,somatic_muts",,True,32.977,,,,neutral,neutral,neutral,,True,33.205,,,,neutral,neutral,neutral,,,,-0.0832,1.0175,-0.7797,loss_of_function,-2.56733882937687,0.902,pathogenic,10.1101/2022.10.22.513328; 37085483
E285G,0.8375,3.03617,1.9015173617440926,Uncertain,Neutral,0.37179,2.1439866666666667,1.3125929051945218,Uncertain,Neutral,32.977,7.382,33.205,11.31,,,0.923,"cBioPortal,COSMIC,somatic_muts,clinvar",,True,32.977,,,,neutral,neutral,neutral,,True,33.205,,,,neutral,neutral,neutral,919894,Uncertain significance,1,-0.2527,1.0175,-22.2273,loss_of_function,-7.26482183738778,0.9509,pathogenic,10.1101/2022.10.22.513328; 37085483
E285K,-0.14229,1.9735800000000001,0.8800825612595845,Neutral,Neutral,-0.7353,1.7936500000000002,0.5610893113803955,Neutral,Neutral,32.977,7.382,33.205,11.31,,,0.910,"cBioPortal,COSMIC,germline_muts,somatic_muts,clinvar",,True,32.977,,,,neutral,neutral,neutral,,True,33.205,,,,neutral,neutral,neutral,420133,Pathogenic/Likely pathogenic,2,-0.249,1.0175,-22.2273,loss_of_function,-6.7541549855419,0.9737,pathogenic,10.1101/2022.10.22.513328; 37085483
E285Q,-0.10859,1.3668933333333335,0.6326508511176606,Neutral,Neutral,-0.81719,0.4373,0.3704656493973282,Neutral,Neutral,32.977,7.382,33.205,11.31,,,0.883,"cBioPortal,COSMIC,germline_muts,somatic_muts,clinvar",,True,32.977,,,,neutral,neutral,neutral,,True,33.205,,,,neutral,neutral,neutral,954095,Uncertain significance,1,-0.1995,1.0175,-22.2273,loss_of_function,-3.46091995644647,0.9185,pathogenic,10.1101/2022.10.22.513328; 37085483
E285V,0.12736,1.0816333333333334,0.4456376165195848,Neutral,Neutral,-0.61809,-0.17415000000000003,-0.07627432931224232,Neutral,Neutral,32.977,7.382,33.205,11.31,,0.0,0.936,"cBioPortal,COSMIC,germline_muts,somatic_muts,clinvar",,True,32.977,,,,neutral,neutral,neutral,,True,33.205,,,,neutral,neutral,neutral,12384,Pathogenic,1,-0.2402,1.0175,-22.2273,loss_of_function,-7.26482183738778,0.9811,pathogenic,10.1101/2022.10.22.513328; 37085483
E286A,1.72913,1.3015866666666667,0.6949743414048553,Neutral,Neutral,-0.33099,0.6704100000000001,0.45860657454270326,Neutral,Neutral,28.509,7.008,56.04,14.224,,,0.913,"cBioPortal,COSMIC,germline_muts,somatic_muts,clinvar",,True,28.509,,,,neutral,neutral,neutral,,True,56.04,,,,neutral,neutral,neutral,376593,Likely pathogenic,0,-0.3167,0.0424,-22.2273,loss_of_function,-7.90930635631685,0.8823,pathogenic,10.1101/2022.10.22.513328; 37085483
E286D,1.63196,1.0312933333333334,1.2799780569088821,Neutral,Neutral,0.5871,1.2518133333333334,0.6281314901775054,Neutral,Neutral,28.509,7.008,56.04,14.224,,,0.765,"cBioPortal,COSMIC,somatic_muts",,True,28.509,,,,neutral,neutral,neutral,,True,56.04,,,,neutral,neutral,neutral,,,,-0.2146,0.0424,-8.9394,loss_of_function,-3.90618216975713,0.9266,pathogenic,10.1101/2022.10.22.513328; 37085483
E286G,2.5913,2.7927433333333336,2.2570659338013113,Uncertain,Uncertain,0.56142,2.0107733333333333,1.2034928911511158,Uncertain,Neutral,28.509,7.008,56.04,14.224,,,0.913,"cBioPortal,COSMIC,somatic_muts,clinvar",,True,28.509,,,,neutral,neutral,neutral,,True,56.04,,,,neutral,neutral,neutral,376590,Uncertain significance,1,-0.3424,0.0424,-22.2273,loss_of_function,-7.90930635631685,0.8932,pathogenic,10.1101/2022.10.22.513328; 37085483
E286K,1.48244,1.8283466666666666,1.3093996754687787,Neutral,Neutral,-0.23528,1.1839,0.5402254456971012,Neutral,Neutral,28.509,7.008,56.04,14.224,,,0.949,"cBioPortal,COSMIC,germline_muts,somatic_muts,clinvar",,True,28.509,,,,neutral,neutral,neutral,,True,56.04,,,,neutral,neutral,neutral,183752,Pathogenic,2,-0.2709,0.0424,-8.9394,loss_of_function,-6.24017220790887,0.9477,pathogenic,10.1101/2022.10.22.513328; 37085483
E286Q,0.69578,0.29036333333333336,0.7220298568593471,Neutral,Neutral,-0.31477,0.48525999999999997,0.38311464586204313,Neutral,Neutral,28.509,7.008,56.04,14.224,,,0.905,"cBioPortal,COSMIC,somatic_muts,clinvar",,True,28.509,,,,neutral,neutral,neutral,,True,56.04,,,,neutral,neutral,neutral,376591,Uncertain significance,1,-0.2892,0.0424,-22.2273,loss_of_function,-4.74818094996343,0.8972,pathogenic,10.1101/2022.10.22.513328; 37085483
E286V,1.13305,0.33560000000000006,0.11268861953088587,Neutral,Neutral,0.41808,0.06280999999999996,0.19182717160578874,Neutral,Neutral,28.509,7.008,56.04,14.224,,,0.916,"cBioPortal,COSMIC,somatic_muts,clinvar",,True,28.509,,,,neutral,neutral,neutral,,True,56.04,,,,neutral,neutral,neutral,376592,Likely pathogenic,0,-0.3299,0.0424,-22.2273,loss_of_function,-7.16464546047637,0.9153,pathogenic,10.1101/2022.10.22.513328; 37085483
E287A,0.23068,0.89161,0.3657347169839664,Neutral,Neutral,-0.31503,0.11598666666666664,0.08184824480064576,Neutral,Neutral,58.413,12.743,86.59,6.943,,,0.562,"COSMIC,somatic_muts",,True,58.413,,,,neutral,neutral,neutral,,True,86.59,,,,neutral,neutral,neutral,,,,-0.0959,1.5384,-5.9307,loss_of_function,-2.68319937612633,0.1824,benign,10.1101/2022.10.22.513328; 37085483
E287D,0.33348,0.3523833333333333,0.2941808788092061,Neutral,Neutral,0.63271,0.59206,0.07379647714108244,Neutral,Neutral,58.413,12.743,86.59,6.943,,7.9527922254e-06,0.405,"cBioPortal,COSMIC,somatic_muts,clinvar",,True,58.413,,,,neutral,neutral,neutral,,True,86.59,,,,neutral,neutral,neutral,"925213, 422130","Uncertain significance, Uncertain significance","1, 2",-0.0349,1.5384,-0.7019,loss_of_function,-0.540707185298792,0.0988,benign,10.1101/2022.10.22.513328; 37085483
E287G,0.35914,1.7204066666666666,1.0652456008737279,Neutral,Neutral,-0.08,1.0884333333333334,0.6865092053402878,Neutral,Neutral,58.413,12.743,86.59,6.943,,,0.626,"COSMIC,somatic_muts",,True,58.413,,,,neutral,neutral,neutral,,True,86.59,,,,neutral,neutral,neutral,,,,-0.1267,1.5384,-6.9307,loss_of_function,-3.2298702077559,0.1655,benign,10.1101/2022.10.22.513328; 37085483
E287K,-0.63824,0.6952366666666666,0.19242427964682554,Neutral,Neutral,-0.53683,0.12879666666666667,-0.016068771343792403,Neutral,Neutral,58.413,12.743,86.59,6.943,,3.9765226105e-06,0.583,"cBioPortal,COSMIC,germline_muts,somatic_muts,clinvar",,True,58.413,,,,neutral,neutral,neutral,,True,86.59,,,,neutral,neutral,neutral,141781,Conflicting interpretations of pathogenicity,1,-0.1281,1.5384,-7.9307,loss_of_function,-1.38336550309718,0.2975,benign,10.1101/2022.10.22.513328; 37085483
E287Q,-0.29514,0.007596666666666678,0.17063665496529987,Neutral,Neutral,-0.41103,0.08344666666666667,0.06081470536537347,Neutral,Neutral,58.413,12.743,86.59,6.943,,,0.623,"cBioPortal,COSMIC,somatic_muts",,True,58.413,,,,neutral,neutral,neutral,,True,86.59,,,,neutral,neutral,neutral,,,,-0.0718,1.5384,-6.6088,loss_of_function,-1.86040094675046,0.2004,benign,10.1101/2022.10.22.513328; 37085483
E287V,0.33046,1.4831066666666668,0.04976635877704864,Neutral,Neutral,0.09707,0.18174666666666664,-0.05534804873226643,Neutral,Neutral,58.413,12.743,86.59,6.943,,,0.644,"COSMIC,somatic_muts",,True,58.413,,,,neutral,neutral,neutral,,True,86.59,,,,neutral,neutral,neutral,,,,-0.1922,1.5384,-22.2185,loss_of_function,-4.95686971720322,0.3116,benign,10.1101/2022.10.22.513328; 37085483
N288D,0.69484,0.49058666666666667,0.15732939021759354,Neutral,Neutral,0.81881,0.5187066666666666,0.44839339627516533,Neutral,Neutral,82.533,11.622,98.435,13.556,,,0.513,"COSMIC,somatic_muts,clinvar",,True,82.533,,,,neutral,neutral,neutral,,True,98.435,,,,neutral,neutral,neutral,1024822,Uncertain significance,1,-0.1864,1.5821,-22.2125,loss_of_function,-3.55350596031586,0.7619,pathogenic,10.1101/2022.10.22.513328; 37085483
N288H,0.24355,0.14728,0.0592896118571886,Neutral,Neutral,-0.37929,0.05725666666666666,0.2698283862696467,Neutral,Neutral,82.533,11.622,98.435,13.556,,,0.554,COSMIC,,True,82.533,,,,neutral,neutral,neutral,,True,98.435,,,,neutral,neutral,neutral,,,,-0.0887,1.5821,-2.7154,loss_of_function,-2.24138614304595,0.3465,ambiguous,10.1101/2022.10.22.513328; 37085483
N288K,-0.43526,0.20408,0.09769800855577511,Neutral,Neutral,-0.30759,0.18344666666666667,0.460998961046676,Neutral,Neutral,82.533,11.622,98.435,13.556,,,0.679,"COSMIC,somatic_muts",,True,82.533,,,,neutral,neutral,neutral,,True,98.435,,,,neutral,neutral,neutral,,,,-0.1105,1.5821,-7.3398,loss_of_function,-3.052549217434,0.7253,pathogenic,10.1101/2022.10.22.513328; 37085483
N288S,0.29424,0.6659833333333334,0.6066882085735978,Neutral,Neutral,0.24288,0.4058933333333334,0.8241175102511149,Neutral,Neutral,82.533,11.622,98.435,13.556,,,0.480,"cBioPortal,COSMIC,somatic_muts",,True,82.533,,,,neutral,neutral,neutral,,True,98.435,,,,neutral,neutral,neutral,,,,-0.0457,1.5821,-1.1699,loss_of_function,-1.68739472070371,0.3389,benign,10.1101/2022.10.22.513328; 37085483
N288T,1.64224,1.60079,1.100529669752263,Neutral,Neutral,0.69224,0.50034,1.178844800084708,Neutral,Neutral,82.533,11.622,98.435,13.556,,,,"somatic_muts,clinvar",,True,82.533,,,,neutral,neutral,neutral,,True,98.435,,,,neutral,neutral,neutral,2119726,Uncertain significance,1,-0.1349,1.5821,-8.9247,loss_of_function,-1.62953906750738,0.3614,ambiguous,10.1101/2022.10.22.513328
N288Y,0.23523,0.4548733333333334,0.5041821595261565,Neutral,Neutral,-0.16913,0.33650666666666673,0.562257700971298,Neutral,Neutral,82.533,11.622,98.435,13.556,,,0.665,"COSMIC,somatic_muts",,True,82.533,,,,neutral,neutral,neutral,,True,98.435,,,,neutral,neutral,neutral,,,,-0.2239,1.5821,-22.2125,loss_of_function,-3.87100364189457,0.413,ambiguous,10.1101/2022.10.22.513328; 37085483
L289F,-0.13676,0.8937666666666667,0.3830199510115094,Neutral,Neutral,-0.15962,2.2418366666666665,0.367953499271582,Uncertain,Neutral,93.404,20.509,77.24,24.115,,,0.344,"cBioPortal,COSMIC,somatic_muts,clinvar",,True,93.404,,,,neutral,neutral,neutral,,True,77.24,,,,neutral,neutral,neutral,822635,Conflicting interpretations of pathogenicity,1,-0.0289,2.3911,-1.8558,loss_of_function,-0.0518649406727437,0.045,benign,10.1101/2022.10.22.513328; 37085483
L289H,0.43614,0.6155366666666667,0.5016705417488949,Neutral,Neutral,0.23244,2.04592,0.38267376365264855,Uncertain,Neutral,93.404,20.509,77.24,24.115,,,,somatic_muts,,True,93.404,,,,neutral,neutral,neutral,,True,77.24,,,,neutral,neutral,neutral,,,,-0.1637,2.3911,-6.9218,loss_of_function,-1.24336967944645,0.068,benign,10.1101/2022.10.22.513328
L289I,0.18144,0.30850666666666665,0.4885896498313291,Neutral,Neutral,0.38707,0.6453533333333333,0.3478424520891821,Neutral,Neutral,93.404,20.509,77.24,24.115,,,,"COSMIC,clinvar",,True,93.404,,,,neutral,neutral,neutral,,True,77.24,,,,neutral,neutral,neutral,1439164,Uncertain significance,1,0.0338,2.3911,-1.2007,gain_of_function,-1.60048211038511,0.0693,benign,10.1101/2022.10.22.513328; 37085483
L289P,2.27557,2.4174566666666664,4.766191935466844,Uncertain,Uncertain,1.06315,1.2127000000000001,2.1034826469528176,Neutral,Uncertain,93.404,20.509,77.24,24.115,,,0.518,"COSMIC,somatic_muts,clinvar",,True,93.404,,,,neutral,neutral,neutral,,True,77.24,,,,neutral,neutral,neutral,1172923,Likely benign,3,-0.2149,2.3911,-8.9217,loss_of_function,-3.21706676650494,0.5712,pathogenic,10.1101/2022.10.22.513328; 37085483
L289R,-0.0034,0.4700666666666667,0.4412635153538312,Neutral,Neutral,-0.35053,0.8498866666666668,0.4345715410526485,Neutral,Neutral,93.404,20.509,77.24,24.115,,,0.426,COSMIC,,True,93.404,,,,neutral,neutral,neutral,,True,77.24,,,,neutral,neutral,neutral,,,,-0.2015,2.3911,-6.9218,loss_of_function,-2.0685432144847,0.0864,benign,10.1101/2022.10.22.513328; 37085483
L289V,0.4784,0.42494666666666664,0.6108661242478037,Neutral,Neutral,0.60814,1.1045333333333334,0.5085160640164813,Neutral,Neutral,93.404,20.509,77.24,24.115,,,0.399,"cBioPortal,COSMIC,clinvar",,True,93.404,,,,neutral,neutral,neutral,,True,77.24,,,,neutral,neutral,neutral,496049,Uncertain significance,1,-0.0368,2.3911,-7.9218,loss_of_function,-1.62282686049212,0.064,benign,10.1101/2022.10.22.513328; 37085483
