Mutation,"Stability (FoldX5, alphafold, kcal/mol)","Stability (Rosetta Cartddg2020, alphafold, kcal/mol)","Stability (RaSP, alphafold, kcal/mol)","Stability classification, alphafold, (Rosetta, FoldX)","Stability classification, alphafold, (RaSP, FoldX)","Local Int. (Binding with TP53BP1_AFmulti, heterodimer, FoldX5, kcal/mol)","Local Int. (Binding with TP53BP1_AFmulti, heterodimer, Rosetta Talaris 2014, kcal/mol)",Local Int. classification (TP53BP1_AFmulti),"Local Int. With DNA (3KZ8b, heterodimer, FoldX5, kcal/mol)",Local Int. classification With DNA,"Local Int. (Binding with 2OCJbd, homodimer, FoldX5, kcal/mol)","Local Int. (Binding with 2OCJbd, homodimer, Rosetta Talaris 2014, kcal/mol)",Local Int. classification (2OCJbd),Relative Side Chain Solvent Accessibility in wild-type,gnomAD genome allele frequency,gnomAD exome allele frequency,REVEL score,Mutation sources,PTMs,is site part of phospho-SLiM,PTM residue SASA (%),"Change in stability with PTM (FoldX5, kcal/mol)","Change in binding with PTM (FoldX5, kcal/mol)","Change in binding with mutation (FoldX5, kcal/mol)",PTM effect in regulation,PTM effect in stability,PTM effect in function,AlloSigma2 mutation type,AlloSigma2 predicted consequence - active sites,AlloSigma2 predicted consequence - cofactor sites,AlloSigma2 predicted consequence - pockets and interfaces,ClinVar Variation ID,ClinVar Interpretation,ClinVar Review Status,AlphaFold2 model pLDDT score,AlphaFold2 model secondary structure,DeMaSk delta fitness,DeMaSk Shannon entropy,DeMaSk log2 variant frequency,DeMaSk predicted consequence,GEMME Score,AlphaMissense pathogenicity score,AlphaMissense classification,References
W91C,-0.11546,2.46224,0.7162950373268656,Uncertain,Neutral,0.81426,0.56166,Neutral,,Uncertain,,,Uncertain,90.3,,,,somatic_muts,,True,90.3,,,,neutral,neutral,neutral,DOWN,neutral,neutral,stabilizing,,,,57.48,-,-0.2748,2.4818,-20.417,loss_of_function,-0.527962776148948,0.7778,pathogenic,10.1101/2022.10.22.513328
W91R,0.38095,2.89626,0.0779073523943424,Uncertain,Neutral,0.60182,0.18891,Neutral,,Uncertain,,,Uncertain,90.3,,,,clinvar,,True,90.3,,,,neutral,neutral,neutral,DOWN,neutral,neutral,stabilizing,845798,Uncertain significance,1,57.48,-,-0.3228,2.4818,-20.417,loss_of_function,-3.32436611299892,0.9346,pathogenic,10.1101/2022.10.22.513328; 37085483
W91S,0.18292,2.94558,-0.1051575611484884,Uncertain,Neutral,1.15866,1.50205,Destabilizing,,Uncertain,,,Uncertain,90.3,,,0.485,cBioPortal,,True,90.3,,,,neutral,neutral,neutral,DOWN,neutral,neutral,stabilizing,,,,57.48,-,-0.248,2.4818,-2.9594,loss_of_function,-1.25226234139329,0.447,ambiguous,10.1101/2022.10.22.513328; 37085483
P92A,0.7046,0.51871,-0.2972354048001946,Neutral,Neutral,0.14814,-0.25892,Neutral,,Uncertain,,,Uncertain,54.7,,,0.509,"COSMIC,somatic_muts",,True,54.7,,,,neutral,neutral,neutral,DOWN,neutral,neutral,stabilizing,,,,58.84,-,-0.1124,1.3832,-4.9818,loss_of_function,-1.1402449252468,0.1419,benign,10.1101/2022.10.22.513328; 37085483
P92H,0.35837,0.03878,-0.6906628439438933,Neutral,Neutral,0.09728,-0.04375,Neutral,,Uncertain,,,Uncertain,54.7,,,,COSMIC,,True,54.7,,,,neutral,neutral,neutral,UP,neutral,neutral,stabilizing,,,,58.84,-,-0.2307,1.3832,-20.5915,loss_of_function,-3.34022868100625,0.3065,benign,10.1101/2022.10.22.513328; 37085483
P92L,0.36888,0.22177,-0.81392310209015,Neutral,Neutral,0.19522,-0.06662,Neutral,,Uncertain,,,Uncertain,54.7,,3.9932274862e-06,0.487,"COSMIC,somatic_muts,clinvar",,True,54.7,,,,neutral,neutral,neutral,UP,neutral,neutral,stabilizing,480733,Conflicting interpretations of pathogenicity,1,58.84,-,-0.1678,1.3832,-6.3037,loss_of_function,-2.7413727216631,0.186,benign,10.1101/2022.10.22.513328; 37085483
P92S,0.74994,0.5949,-0.2531139580135327,Neutral,Neutral,0.13824,0.14539,Neutral,,Uncertain,,,Uncertain,54.7,,,0.502,"cBioPortal,somatic_muts",,True,54.7,,,,neutral,neutral,neutral,DOWN,neutral,neutral,stabilizing,,,,58.84,-,-0.1239,1.3832,-7.3037,loss_of_function,-1.26628204561654,0.2002,benign,10.1101/2022.10.22.513328; 37085483
P92T,0.34891,0.79252,-0.3179366760196017,Neutral,Neutral,0.13592,-0.02908,Neutral,,Uncertain,,,Uncertain,54.7,,,0.434,"cBioPortal,COSMIC",,True,54.7,,,,neutral,neutral,neutral,-,uncertain,uncertain,uncertain,,,,58.84,-,-0.1126,1.3832,-2.7188,loss_of_function,-0.0844077474009532,0.1425,benign,10.1101/2022.10.22.513328; 37085483
L93M,0.02457,0.25238,0.4130315368821236,Neutral,Neutral,-0.3163,-0.33263,Neutral,,Uncertain,,,Uncertain,73.5,,,0.369,COSMIC,,True,73.5,,,,neutral,neutral,neutral,-,uncertain,uncertain,uncertain,,,,61.16,-,-0.1226,2.0195,-20.5824,loss_of_function,-3.6612659002697,0.2185,benign,10.1101/2022.10.22.513328; 37085483
L93P,-0.57459,-0.08707,1.238337474953416,Neutral,Neutral,-0.41926,0.38454,Neutral,,Uncertain,,,Uncertain,73.5,,,0.454,cBioPortal,,True,73.5,,,,neutral,neutral,neutral,DOWN,neutral,neutral,stabilizing,,,,61.16,-,-0.2155,2.0195,-2.3404,loss_of_function,-0.972126353393272,0.2035,benign,10.1101/2022.10.22.513328
L93V,0.58786,0.89014,0.2305376082287147,Neutral,Neutral,-0.4571,-0.11797,Neutral,,Uncertain,,,Uncertain,73.5,,,0.523,cBioPortal,,True,73.5,,,,neutral,neutral,neutral,DOWN,neutral,neutral,stabilizing,,,,61.16,-,-0.056,2.0195,-4.9727,loss_of_function,-1.6273262742249,0.1396,benign,10.1101/2022.10.22.513328; 37085483
S94L,2.39711,4.8119,0.9637638555827084,Uncertain,Uncertain,0.00696,-0.01434,Neutral,,,,,,1.1,,,0.553,"cBioPortal,COSMIC,somatic_muts,clinvar",,True,1.1,,,,uncertain,,,UP,neutral,neutral,neutral,1796426,Likely benign,1,64.5,-,-0.2248,1.3645,-20.7472,loss_of_function,-3.70352067652373,0.418,ambiguous,10.1101/2022.10.22.513328; 37085483
S94P,0.15892,2.57177,3.8822319802200727,Uncertain,Uncertain,0.07774,-0.36023,Neutral,,,,,,1.1,,,0.528,COSMIC,,True,1.1,,,,uncertain,,,UP,neutral,neutral,neutral,,,,64.5,-,-0.3008,1.3645,-20.7472,loss_of_function,-3.4641723347253,0.3757,ambiguous,10.1101/2022.10.22.513328; 37085483
S94T,0.84075,0.1898,0.720277372237251,Neutral,Neutral,0.01208,0.03912,Neutral,,,,,,1.1,,,0.533,"COSMIC,somatic_muts",,True,1.1,,,,neutral,,,UP,neutral,neutral,neutral,,,,64.5,-,-0.0474,1.3645,-3.0,loss_of_function,-1.25737220118974,0.1639,benign,10.1101/2022.10.22.513328; 37085483
S95F,-0.00479,0.1102,-0.4797205455741277,Neutral,Neutral,,,Uncertain,,Uncertain,,,Uncertain,113.1,,,0.751,"cBioPortal,COSMIC,somatic_muts,clinvar",,True,113.1,,,,uncertain,,,UP,neutral,neutral,stabilizing,1796813,Uncertain significance,2,60.79,S,-0.1558,1.4458,-8.5848,loss_of_function,-4.7110723281636,0.5749,pathogenic,10.1101/2022.10.22.513328; 37085483
S95T,0.02129,-0.04966,-0.230138838639709,Neutral,Neutral,,,Uncertain,,Uncertain,,,Uncertain,113.1,,,,somatic_muts,,True,113.1,,,,neutral,,,UP,neutral,neutral,stabilizing,,,,60.79,S,-0.0468,1.4458,-4.337,loss_of_function,-2.06507932473082,0.208,benign,10.1101/2022.10.22.513328
S96C,-0.13646,0.27517,0.7643510873174938,Neutral,Neutral,,,Uncertain,,Uncertain,,,Uncertain,70.7,,,0.497,"COSMIC,somatic_muts",,True,70.7,,,,uncertain,,,UP,neutral,neutral,stabilizing,,,,87.3,-,-0.0779,1.939,-7.6036,loss_of_function,-0.34128869387561,0.0735,benign,10.1101/2022.10.22.513328; 37085483
S96F,-1.24458,-0.50476,-0.5280816476704936,Neutral,Neutral,,,Uncertain,,Uncertain,,,Uncertain,70.7,,,0.401,"cBioPortal,COSMIC,somatic_muts",,True,70.7,,,,uncertain,,,UP,neutral,neutral,stabilizing,,,,87.3,-,-0.0875,1.939,-4.0801,loss_of_function,-1.07794336160378,0.1005,benign,10.1101/2022.10.22.513328; 37085483
S96P,0.66873,6.02109,2.633673838282862,Uncertain,Uncertain,,,Uncertain,,Uncertain,,,Uncertain,70.7,,,0.522,COSMIC,,True,70.7,,,,uncertain,,,UP,neutral,neutral,stabilizing,,,,87.3,-,-0.1859,1.939,-8.6035,loss_of_function,-3.03071754527268,0.3417,ambiguous,10.1101/2022.10.22.513328; 37085483
S96Y,-1.59365,-0.7898,-0.4271792055147816,Neutral,Neutral,,,Uncertain,,Uncertain,,,Uncertain,70.7,,,0.565,"cBioPortal,COSMIC",,True,70.7,,,,uncertain,,,UP,neutral,neutral,stabilizing,,,,87.3,-,-0.1832,1.939,-21.8913,loss_of_function,-4.01761161957871,0.176,benign,10.1101/2022.10.22.513328; 37085483
V97A,1.25505,2.07993,1.904053297722732,Uncertain,Neutral,,,Uncertain,,Uncertain,,,Uncertain,29.0,,,0.854,"cBioPortal,COSMIC,clinvar",,False,29.0,,,,neutral,neutral,neutral,DOWN,neutral,neutral,stabilizing,1797574,Uncertain significance,1,91.9,-,-0.252,1.0688,-22.1111,loss_of_function,-5.36511122484401,0.9394,pathogenic,10.1101/2022.10.22.513328; 37085483
V97D,1.09786,1.97483,2.0708016363951,Neutral,Uncertain,,,Uncertain,,Uncertain,,,Uncertain,29.0,,,0.937,"cBioPortal,COSMIC,clinvar",,False,29.0,,,,neutral,neutral,neutral,DOWN,neutral,neutral,stabilizing,182924,Uncertain significance,2,91.9,-,-0.4186,1.0688,-22.1111,loss_of_function,-5.76966537956288,0.9926,pathogenic,10.1101/2022.10.22.513328; 37085483
V97F,1.04993,1.52109,0.9589462056941436,Neutral,Neutral,,,Uncertain,,Uncertain,,,Uncertain,29.0,,,0.789,"cBioPortal,somatic_muts,clinvar",,False,29.0,,,,neutral,neutral,neutral,UP,neutral,neutral,stabilizing,458532,Conflicting interpretations of pathogenicity,1,91.9,-,-0.2532,1.0688,-7.2384,loss_of_function,-4.01003087254825,0.7555,pathogenic,10.1101/2022.10.22.513328; 37085483
V97I,-0.52021,-0.27687,0.0715315879880162,Neutral,Neutral,,,Uncertain,,Uncertain,,,Uncertain,29.0,,0.0,0.593,"COSMIC,clinvar",,False,29.0,,,,neutral,neutral,neutral,UP,neutral,neutral,stabilizing,1026336,Uncertain significance,2,91.9,-,-0.078,1.0688,-0.6585,loss_of_function,-0.624748642106392,0.1238,benign,10.1101/2022.10.22.513328; 37085483
V97L,-0.59058,1.61395,0.42746602367075,Neutral,Neutral,,,Uncertain,,Uncertain,,,Uncertain,29.0,,,,clinvar,,False,29.0,,,,neutral,neutral,neutral,UP,neutral,neutral,stabilizing,182962,Uncertain significance,2,91.9,-,-0.1848,1.0688,-8.8232,loss_of_function,-2.50386002494792,0.7885,pathogenic,10.1101/2022.10.22.513328; 37085483
P98A,2.43221,0.87619,0.8082243651308474,Uncertain,Uncertain,,,Uncertain,,Uncertain,,,Uncertain,30.2,,,,clinvar,,False,30.2,,,,neutral,neutral,neutral,DOWN,neutral,neutral,stabilizing,1039474,Uncertain significance,2,93.67,-,-0.3233,0.0409,-22.1143,loss_of_function,-7.42683667603059,0.9289,pathogenic,10.1101/2022.10.22.513328; 37085483
P98F,0.50288,1.83299,0.0033146573579606,Neutral,Neutral,,,Uncertain,,Uncertain,,,Uncertain,30.2,,,,COSMIC,,False,30.2,,,,neutral,neutral,neutral,UP,neutral,neutral,stabilizing,,,,93.67,-,-0.3844,0.0409,-22.1143,loss_of_function,-6.84653774232336,0.9973,pathogenic,10.1101/2022.10.22.513328; 37085483
P98H,1.49598,1.3568,0.5082057325598773,Neutral,Neutral,,,Uncertain,,Uncertain,,,Uncertain,30.2,,,0.953,cBioPortal,,False,30.2,,,,neutral,neutral,neutral,UP,neutral,neutral,stabilizing,,,,93.67,-,-0.362,0.0409,-22.1143,loss_of_function,-6.34933447998002,0.9956,pathogenic,10.1101/2022.10.22.513328; 37085483
P98L,0.62102,-0.18435,-0.6687947719664561,Neutral,Neutral,,,Uncertain,,Uncertain,,,Uncertain,30.2,,3.9800361387e-06,0.943,"cBioPortal,COSMIC,somatic_muts,clinvar",,False,30.2,,,,neutral,neutral,neutral,UP,neutral,neutral,stabilizing,528236,Uncertain significance,2,93.67,-,-0.2991,0.0409,-7.8265,loss_of_function,-3.6959843729838,0.9328,pathogenic,10.1101/2022.10.22.513328; 37085483
P98R,2.28701,1.82347,0.6117466632248658,Uncertain,Uncertain,,,Uncertain,,Uncertain,,,Uncertain,30.2,,,,clinvar,,False,30.2,,,,neutral,neutral,neutral,UP,neutral,neutral,stabilizing,1444043,Uncertain significance,2,93.67,-,-0.3931,0.0409,-22.1143,loss_of_function,-6.74972083521465,0.9928,pathogenic,10.1101/2022.10.22.513328; 37085483
P98S,3.09634,1.53435,1.3799766455099471,Uncertain,Uncertain,,,Uncertain,,Uncertain,,,Uncertain,30.2,,,0.952,"cBioPortal,COSMIC,somatic_muts,clinvar",,False,30.2,,,,neutral,neutral,neutral,DOWN,neutral,neutral,stabilizing,822279,Uncertain significance,1,93.67,-,-0.323,0.0409,-22.1143,loss_of_function,-7.42683667603059,0.9911,pathogenic,10.1101/2022.10.22.513328; 37085483
P98T,1.15357,1.34184,0.8710312827021943,Neutral,Neutral,,,Uncertain,,Uncertain,,,Uncertain,30.2,,,0.957,"COSMIC,clinvar",,False,30.2,,,,neutral,neutral,neutral,-,uncertain,uncertain,uncertain,1465351,Uncertain significance,1,93.67,-,-0.3351,0.0409,-22.1143,loss_of_function,-7.42683667603059,0.9793,pathogenic,10.1101/2022.10.22.513328; 37085483
S99C,-0.01687,1.36769,0.8748467561061715,Neutral,Neutral,,,Uncertain,,Uncertain,,,Uncertain,59.9,,,,clinvar,P,False,59.9,-0.477,,,damaging,neutral,uncertain,UP,neutral,neutral,stabilizing,566954,Uncertain significance,1,94.32,-,-0.1793,0.8482,-7.8169,loss_of_function,-2.10999191868723,0.1223,benign,10.1101/2022.10.22.513328; 37085483
S99F,-0.32293,0.76054,0.0974664541852798,Neutral,Neutral,,,Uncertain,,Uncertain,,,Uncertain,59.9,,,0.748,"cBioPortal,COSMIC,clinvar",P,False,59.9,-0.477,,,damaging,neutral,uncertain,UP,neutral,neutral,stabilizing,579376,Uncertain significance,1,94.32,-,-0.212,0.8482,-8.8168,loss_of_function,-4.37964932676007,0.7366,pathogenic,10.1101/2022.10.22.513328; 37085483
S99P,-0.40606,0.19388,1.18287212124006,Neutral,Neutral,,,Uncertain,,Uncertain,,,Uncertain,59.9,,,0.730,"COSMIC,somatic_muts",P,False,59.9,-0.477,,,damaging,neutral,uncertain,UP,neutral,neutral,stabilizing,,,,94.32,-,-0.2793,0.8482,-7.232,loss_of_function,-3.58565861016749,0.4968,ambiguous,10.1101/2022.10.22.513328; 37085483
Q100H,0.33238,-0.3119,0.0682591749788741,Neutral,Neutral,,,Uncertain,,Uncertain,,,Uncertain,51.5,,,0.417,COSMIC,,False,51.5,,,,neutral,neutral,neutral,UP,neutral,neutral,neutral,,,,93.13,-,-0.0754,1.6191,-7.232,loss_of_function,-2.00345320419082,0.2951,benign,10.1101/2022.10.22.513328; 37085483
Q100K,-0.29817,1.23946,0.4549468733039585,Neutral,Neutral,,,Uncertain,,Uncertain,,,Uncertain,51.5,,,0.541,COSMIC,,False,51.5,,,,neutral,neutral,neutral,UP,neutral,neutral,neutral,,,,93.13,-,-0.1834,1.6191,-22.1047,loss_of_function,-4.73372398165281,0.2262,benign,10.1101/2022.10.22.513328; 37085483
K101E,-0.5532,0.04116,-0.0788910949402638,Neutral,Neutral,,,Uncertain,,Uncertain,,,Uncertain,93.3,,,,clinvar,,False,93.3,,,,neutral,neutral,neutral,DOWN,neutral,neutral,stabilizing,1059163,Uncertain significance,2,95.4,-,-0.1136,1.5495,-4.3576,loss_of_function,-1.55515076737838,0.1266,benign,10.1101/2022.10.22.513328; 37085483
K101N,0.038,0.39218,0.1903929441288782,Neutral,Neutral,,,Uncertain,,Uncertain,,,Uncertain,93.3,,,0.340,"COSMIC,clinvar",,False,93.3,,,,neutral,neutral,neutral,DOWN,neutral,neutral,stabilizing,237947,Uncertain significance,2,95.4,-,-0.1154,1.5495,-6.0096,loss_of_function,-0.423504332481986,0.2094,benign,10.1101/2022.10.22.513328; 37085483
K101Q,-0.01045,-0.82585,0.2196339366202587,Neutral,Neutral,,,Uncertain,,Uncertain,,,Uncertain,93.3,,,,clinvar,,False,93.3,,,,neutral,neutral,neutral,DOWN,neutral,neutral,stabilizing,649735,Uncertain significance,1,95.4,-,-0.1107,1.5495,-8.8168,loss_of_function,-3.04929158452359,0.1082,benign,10.1101/2022.10.22.513328; 37085483
K101R,0.13162,-0.01905,-0.02135624290102,Neutral,Neutral,,,Uncertain,,Uncertain,,,Uncertain,93.3,,,0.533,"COSMIC,somatic_muts",,False,93.3,,,,neutral,neutral,neutral,-,uncertain,uncertain,uncertain,,,,95.4,-,-0.045,1.5495,-8.8168,loss_of_function,-2.01201884746741,0.0904,benign,10.1101/2022.10.22.513328; 37085483
T102A,0.0915,0.33435,0.1396909653469791,Neutral,Neutral,,,Uncertain,,Uncertain,,,Uncertain,55.9,,,0.540,"cBioPortal,clinvar",,False,55.9,,,,uncertain,,,DOWN,neutral,neutral,neutral,1799231,Uncertain significance,1,97.18,-,-0.1776,0.7787,-7.8201,loss_of_function,-2.53667362556609,0.081,benign,10.1101/2022.10.22.513328; 37085483
T102I,-0.25163,-0.58299,-0.7429690653336135,Neutral,Neutral,,,Uncertain,,Uncertain,,,Uncertain,55.9,,,0.540,"cBioPortal,COSMIC,somatic_muts,clinvar",,False,55.9,,,,uncertain,,,UP,neutral,neutral,stabilizing,186132,Conflicting interpretations of pathogenicity,1,97.18,-,-0.2086,0.7787,-8.82,loss_of_function,-1.7672563726994,0.1692,benign,10.1101/2022.10.22.513328; 37085483
T102P,-1.27722,-0.28027,0.5106846575928089,Neutral,Neutral,,,Uncertain,,Uncertain,,,Uncertain,55.9,,,0.542,COSMIC,,False,55.9,,,,uncertain,,,-,uncertain,uncertain,uncertain,,,,97.18,-,-0.347,0.7787,-8.82,loss_of_function,-1.84925043894037,0.076,benign,10.1101/2022.10.22.513328; 37085483
T102S,0.54432,0.47075,0.3058206434689237,Neutral,Neutral,,,Uncertain,,Uncertain,,,Uncertain,55.9,,,,clinvar,,False,55.9,,,,neutral,,,DOWN,neutral,neutral,neutral,582041,Uncertain significance,2,97.18,-,-0.2142,0.7787,-22.1079,loss_of_function,-3.36761345082637,0.0959,benign,10.1101/2022.10.22.513328; 37085483
Y103C,0.6131,2.2534,1.9895775643434688,Uncertain,Neutral,,,Uncertain,,Uncertain,,,Uncertain,56.3,,,0.870,cBioPortal,,False,56.3,,,,uncertain,,,DOWN,neutral,neutral,mixed_effects,,,,97.88,B,-0.4045,0.1909,-22.1174,loss_of_function,-7.00222762676875,0.4456,ambiguous,10.1101/2022.10.22.513328; 37085483
Y103F,-0.17553,0.33844,0.4947138753219587,Neutral,Neutral,,,Uncertain,,Uncertain,,,Uncertain,56.3,,,0.775,COSMIC,,False,56.3,,,,uncertain,,,-,uncertain,uncertain,uncertain,,,,97.88,B,-0.1985,0.1909,-7.8297,loss_of_function,-0.729552418459478,0.1061,benign,10.1101/2022.10.22.513328; 37085483
Y103H,0.78602,1.38435,1.1565538965434052,Neutral,Neutral,,,Uncertain,,Uncertain,,,Uncertain,56.3,,,0.870,cBioPortal,,False,56.3,,,,uncertain,,,DOWN,neutral,neutral,mixed_effects,,,,97.88,B,-0.2585,0.1909,-5.8297,loss_of_function,-2.42969434848,0.4862,ambiguous,10.1101/2022.10.22.513328; 37085483
Q104H,0.48156,-0.52347,0.1147859618002222,Neutral,Neutral,,,Uncertain,,Uncertain,,,Uncertain,67.9,,,0.336,"cBioPortal,COSMIC,somatic_muts",,False,67.9,,,,neutral,neutral,neutral,UP,neutral,neutral,neutral,,,,97.4,-,-0.0948,1.2981,-5.2416,loss_of_function,-0.346936379405604,0.0754,benign,10.1101/2022.10.22.513328; 37085483
Q104L,-0.49611,-0.5,-0.2535013928350027,Neutral,Neutral,,,Uncertain,,Uncertain,,,Uncertain,67.9,,,0.520,"cBioPortal,COSMIC,somatic_muts,clinvar",,False,67.9,,,,neutral,neutral,neutral,UP,neutral,neutral,neutral,945802,Conflicting interpretations of pathogenicity,1,97.4,-,-0.1309,1.2981,-8.8264,loss_of_function,-3.67544421069349,0.097,benign,10.1101/2022.10.22.513328; 37085483
G105A,4.74204,0.96837,3.595844634971437,Uncertain,Destabilizing,,,,,,,,,7.7,,,0.905,"COSMIC,somatic_muts,clinvar",,True,7.7,,,,neutral,neutral,neutral,UP,neutral,neutral,neutral,"2035647, 822977","Uncertain significance, Uncertain significance","1, 1",96.19,T,-0.3766,0.0719,-22.1395,loss_of_function,-6.74333955675446,0.91,pathogenic,10.1101/2022.10.22.513328; 37085483
G105C,8.40147,4.21054,4.967729080492232,Destabilizing,Destabilizing,,,,,,,,,7.7,,,0.942,"cBioPortal,COSMIC,germline_muts,somatic_muts,clinvar",,True,7.7,,,,neutral,neutral,neutral,UP,neutral,neutral,neutral,1802439,Pathogenic,0,96.19,T,-0.4363,0.0719,-22.1395,loss_of_function,-6.74333955675446,0.9886,pathogenic,10.1101/2022.10.22.513328; 37085483
G105D,10.68524,-0.28061,6.23231158314923,Uncertain,Destabilizing,,,,,,,,,7.7,,0.0,0.884,"cBioPortal,COSMIC,somatic_muts,clinvar",,True,7.7,,,,neutral,neutral,neutral,UP,neutral,neutral,neutral,141114,Uncertain significance,2,96.19,T,-0.4368,0.0719,-22.1395,loss_of_function,-7.12293207473506,0.9794,pathogenic,10.1101/2022.10.22.513328; 37085483
G105F,11.3065,5.2966,5.940668762496702,Destabilizing,Destabilizing,,,,,,,,,7.7,,,,cBioPortal,,True,7.7,,,,neutral,neutral,neutral,UP,neutral,neutral,neutral,,,,96.19,T,-0.4744,0.0719,-22.1395,loss_of_function,-7.12293207473506,0.9956,pathogenic,10.1101/2022.10.22.513328; 37085483
G105R,9.06758,5.29728,6.837770497741551,Destabilizing,Destabilizing,,,,,,,,,7.7,,,0.918,"cBioPortal,COSMIC,somatic_muts,clinvar",,True,7.7,,,,neutral,neutral,neutral,UP,neutral,neutral,neutral,406574,Pathogenic/Likely pathogenic,2,96.19,T,-0.4531,0.0719,-22.1395,loss_of_function,-7.12293207473506,0.9962,pathogenic,10.1101/2022.10.22.513328; 37085483
G105S,6.67244,0.95374,4.290186351214345,Uncertain,Destabilizing,,,,,,,,,7.7,,,0.883,"cBioPortal,COSMIC,somatic_muts,clinvar",,True,7.7,,,,neutral,neutral,neutral,UP,neutral,neutral,neutral,428884,Pathogenic/Likely pathogenic,2,96.19,T,-0.3044,0.0719,-6.8517,loss_of_function,-4.36994679958428,0.9562,pathogenic,10.1101/2022.10.22.513328; 37085483
G105V,11.08696,5.64558,7.022105556719717,Destabilizing,Destabilizing,,,,,,,,,7.7,,,0.919,"cBioPortal,COSMIC,germline_muts,somatic_muts,clinvar",,True,7.7,,,,neutral,neutral,neutral,UP,neutral,neutral,neutral,634708,Likely pathogenic,1,96.19,T,-0.4633,0.0719,-22.1395,loss_of_function,-7.12293207473506,0.9868,pathogenic,10.1101/2022.10.22.513328; 37085483
S106I,0.18132,-0.18571,-0.2746511021352549,Neutral,Neutral,,,Uncertain,,Uncertain,,,Uncertain,95.9,,,0.450,"cBioPortal,COSMIC,clinvar",P,True,95.9,0.503,,,damaging,neutral,potentially_damaging,UP,neutral,neutral,neutral,629791,Uncertain significance,2,96.67,T,-0.1594,2.1928,-22.1426,loss_of_function,-2.28545542961298,0.0984,benign,10.1101/2022.10.22.513328; 37085483
S106R,-0.03205,-0.23707,-0.3175074708491437,Neutral,Neutral,,,Uncertain,,Uncertain,,,Uncertain,95.9,,,0.635,"cBioPortal,COSMIC,germline_muts,somatic_muts,clinvar",P,True,95.9,0.503,,,damaging,neutral,potentially_damaging,UP,neutral,neutral,neutral,492752,Uncertain significance,1,96.67,T,-0.1721,2.1928,-22.1426,loss_of_function,-2.35626639900643,0.1535,benign,10.1101/2022.10.22.513328; 37085483
Y107C,3.04658,2.62993,4.317990604022473,Uncertain,Destabilizing,,,Uncertain,,Uncertain,,,Uncertain,23.9,,,0.883,"cBioPortal,COSMIC,clinvar",,True,23.9,,,,uncertain,,,DOWN,neutral,neutral,stabilizing,142691,Uncertain significance,2,97.18,T,-0.2299,1.2242,-6.5329,loss_of_function,-3.04953526536538,0.1054,benign,10.1101/2022.10.22.513328; 37085483
Y107D,3.15109,2.85476,5.302888076296572,Uncertain,Destabilizing,,,Uncertain,,Uncertain,,,Uncertain,23.9,,,0.893,"cBioPortal,COSMIC,somatic_muts,clinvar",,True,23.9,,,,uncertain,,,DOWN,neutral,neutral,stabilizing,641482,Uncertain significance,1,97.18,T,-0.2853,1.2242,-8.8547,loss_of_function,-5.59159700627411,0.8344,pathogenic,10.1101/2022.10.22.513328; 37085483
Y107H,2.79494,1.20714,3.057340393742068,Uncertain,Uncertain,,,Uncertain,,Uncertain,,,Uncertain,23.9,0.00041422380831,8.35488362841e-05,0.569,"COSMIC,germline_muts,somatic_muts,clinvar",,True,23.9,,,,uncertain,,,DOWN,neutral,neutral,stabilizing,140786,Benign,3,97.18,T,-0.1365,1.2242,-0.5695,loss_of_function,-1.59656500473781,0.1966,benign,10.1101/2022.10.22.513328; 37085483
Y107N,2.34748,2.01088,4.217988337727657,Uncertain,Uncertain,,,Uncertain,,Uncertain,,,Uncertain,23.9,,,,clinvar,,True,23.9,,,,uncertain,,,DOWN,neutral,neutral,stabilizing,406572,Uncertain significance,1,97.18,T,-0.3321,1.2242,-22.1426,loss_of_function,-5.28636910841999,0.4591,ambiguous,10.1101/2022.10.22.513328; 37085483
Y107Q,2.56914,1.5051,4.385613931665427,Uncertain,Uncertain,,,Uncertain,,Uncertain,,,Uncertain,23.9,,,,COSMIC,,True,23.9,,,,uncertain,,,DOWN,neutral,neutral,stabilizing,,,,97.18,T,-0.3566,1.2242,-22.1426,loss_of_function,-5.59159700627411,0.7612,pathogenic,10.1101/2022.10.22.513328; 37085483
Y107S,3.8629,3.56327,5.086781982706576,Destabilizing,Destabilizing,,,Uncertain,,Uncertain,,,Uncertain,23.9,,,0.854,"cBioPortal,clinvar",,True,23.9,,,,uncertain,,,DOWN,neutral,neutral,stabilizing,142414,Uncertain significance,1,97.18,T,-0.3436,1.2242,-22.1426,loss_of_function,-4.2778193350046,0.448,ambiguous,10.1101/2022.10.22.513328; 37085483
G108A,3.68635,1.47415,2.26753594151458,Uncertain,Uncertain,,,Uncertain,,Uncertain,,,Uncertain,22.0,,,0.668,cBioPortal,,True,22.0,,,,neutral,neutral,neutral,UP,neutral,neutral,neutral,,,,96.81,T,-0.0759,2.4188,-5.536,loss_of_function,-1.49794798507654,0.1908,benign,10.1101/2022.10.22.513328; 37085483
G108C,4.15917,2.00034,2.595504939483133,Uncertain,Uncertain,,,Uncertain,,Uncertain,,,Uncertain,22.0,,7.9577918719e-06,0.654,"cBioPortal,COSMIC,clinvar",,True,22.0,,,,neutral,neutral,neutral,UP,neutral,neutral,neutral,1487358,Uncertain significance,1,96.81,T,-0.1526,2.4188,-8.8578,loss_of_function,-1.84053211638479,0.2214,benign,10.1101/2022.10.22.513328; 37085483
G108D,4.59982,3.06497,1.877476785594748,Destabilizing,Uncertain,,,Uncertain,,Uncertain,,,Uncertain,22.0,,,0.651,"cBioPortal,COSMIC,germline_muts,somatic_muts,clinvar",,True,22.0,,,,neutral,neutral,neutral,UP,neutral,neutral,neutral,1371608,Uncertain significance,1,96.81,T,-0.13,2.4188,-4.3344,loss_of_function,-0.592226911613634,0.2549,benign,10.1101/2022.10.22.513328; 37085483
G108R,3.83527,1.61395,1.6122793443012655,Uncertain,Uncertain,,,Uncertain,,Uncertain,,,Uncertain,22.0,,,,"COSMIC,clinvar",,True,22.0,,,,neutral,neutral,neutral,UP,neutral,neutral,neutral,458535,Uncertain significance,2,96.81,T,-0.1613,2.4188,-7.273,loss_of_function,-2.2979062061763,0.3172,benign,10.1101/2022.10.22.513328; 37085483
G108S,4.31114,1.52789,2.1039083707928854,Uncertain,Uncertain,,,Uncertain,,Uncertain,,,Uncertain,22.0,,1.19366878079e-05,0.612,"cBioPortal,COSMIC,germline_muts,clinvar",,True,22.0,,,,neutral,neutral,neutral,UP,neutral,neutral,neutral,142431,Likely benign,3,96.81,T,-0.0618,2.4188,-1.6196,loss_of_function,-1.31631783038784,0.1259,benign,10.1101/2022.10.22.513328; 37085483
G108V,6.60819,5.41905,3.322662716398959,Destabilizing,Destabilizing,,,Uncertain,,Uncertain,,,Uncertain,22.0,,,,clinvar,,True,22.0,,,,neutral,neutral,neutral,UP,neutral,neutral,neutral,1729287,Uncertain significance,1,96.81,T,-0.2474,2.4188,-22.1457,loss_of_function,-3.87038867333747,0.6061,pathogenic,10.1101/2022.10.22.513328
F109C,4.99925,4.64898,4.695533090979856,Destabilizing,Destabilizing,,,,,,,,,0.2,,,0.965,"cBioPortal,COSMIC,somatic_muts,clinvar",,True,0.2,,,,neutral,neutral,neutral,DOWN,neutral,neutral,neutral,634784,Likely pathogenic,0,98.03,-,-0.4041,0.1397,-22.1457,loss_of_function,-7.31938189731103,0.9844,pathogenic,10.1101/2022.10.22.513328; 37085483
F109I,2.81102,3.70986,2.962613779949597,Uncertain,Uncertain,,,,,,,,,0.2,,,0.837,"cBioPortal,COSMIC",,True,0.2,,,,neutral,neutral,neutral,DOWN,neutral,neutral,neutral,,,,98.03,-,-0.3799,0.1397,-22.1457,loss_of_function,-6.12358780216624,0.9571,pathogenic,10.1101/2022.10.22.513328; 37085483
F109L,2.34522,2.47449,2.2652480411343854,Uncertain,Uncertain,,,,,,,,,0.2,,,0.715,"cBioPortal,COSMIC,somatic_muts",,True,0.2,,,,neutral,neutral,neutral,DOWN,neutral,neutral,neutral,,,,98.03,-,-0.261,0.1397,-6.273,loss_of_function,-3.87109101487644,0.9839,pathogenic,10.1101/2022.10.22.513328; 37085483
F109N,5.58986,4.49558,4.269955350717046,Destabilizing,Destabilizing,,,,,,,,,0.2,,,,clinvar,,True,0.2,,,,neutral,neutral,neutral,DOWN,neutral,neutral,neutral,2417541,Uncertain significance,1,98.03,-,-0.4886,0.1397,-22.1457,loss_of_function,-7.31938189731103,0.9983,pathogenic,10.1101/2022.10.22.513328
F109S,6.06743,5.02177,5.367085416117732,Destabilizing,Destabilizing,,,,,,,,,0.2,,,0.952,"cBioPortal,COSMIC,germline_muts,somatic_muts,clinvar",,True,0.2,,,,neutral,neutral,neutral,DOWN,neutral,neutral,neutral,423970,Uncertain significance,2,98.03,-,-0.4149,0.1397,-22.1457,loss_of_function,-7.31938189731103,0.9989,pathogenic,10.1101/2022.10.22.513328; 37085483
F109V,3.45501,2.88333,3.308195262133121,Uncertain,Destabilizing,,,,,,,,,0.2,,,0.875,"cBioPortal,COSMIC,clinvar",,True,0.2,,,,neutral,neutral,neutral,DOWN,neutral,neutral,neutral,389644,Likely pathogenic,1,98.03,-,-0.3013,0.1397,-7.8579,loss_of_function,-6.12358780216624,0.9749,pathogenic,10.1101/2022.10.22.513328; 37085483
F109Y,0.78447,0.54558,0.2489822138164393,Neutral,Neutral,,,,,,,,,0.2,,,0.848,"cBioPortal,clinvar",,True,0.2,,,,neutral,neutral,neutral,-,uncertain,uncertain,uncertain,1054035,Uncertain significance,1,98.03,-,-0.3278,0.1397,-22.1457,loss_of_function,-4.40622457131549,0.8463,pathogenic,10.1101/2022.10.22.513328; 37085483
R110C,0.9324,1.20272,0.9491695231292848,Neutral,Neutral,,,Uncertain,,Uncertain,,,Uncertain,46.0,,1.98974881411e-05,0.471,"cBioPortal,COSMIC,somatic_muts,clinvar",,False,46.0,,,,neutral,neutral,neutral,DOWN,neutral,neutral,stabilizing,142206,Uncertain significance,2,97.53,E,-0.1241,2.3313,-6.536,loss_of_function,-1.39081632871217,0.0983,benign,10.1101/2022.10.22.513328; 37085483
R110G,1.5052,1.68435,1.2407318233278437,Neutral,Neutral,,,Uncertain,,Uncertain,,,Uncertain,46.0,,,0.577,"cBioPortal,COSMIC,somatic_muts,clinvar",,False,46.0,,,,neutral,neutral,neutral,DOWN,neutral,neutral,stabilizing,823452,Uncertain significance,1,97.53,E,-0.2303,2.3313,-22.1457,loss_of_function,-3.3371356995395,0.2211,benign,10.1101/2022.10.22.513328; 37085483
R110H,2.04307,0.21429,0.2355733234713403,Uncertain,Uncertain,,,Uncertain,,Uncertain,,,Uncertain,46.0,3.18694626809e-05,4.7754731698e-05,0.592,"cBioPortal,COSMIC,germline_muts,clinvar",,False,46.0,,,,neutral,neutral,neutral,DOWN,neutral,neutral,stabilizing,127808,Likely benign,3,97.53,E,-0.0748,2.3313,-4.5361,loss_of_function,-0.70853961877809,0.0631,benign,10.1101/2022.10.22.513328; 37085483
R110L,0.75567,0.79252,-0.0463583728618244,Neutral,Neutral,,,Uncertain,,Uncertain,,,Uncertain,46.0,,0.0,0.632,"cBioPortal,COSMIC,germline_muts,somatic_muts,clinvar",,False,46.0,,,,neutral,neutral,neutral,DOWN,neutral,neutral,stabilizing,406597,Pathogenic/Likely pathogenic,2,97.53,E,-0.1244,2.3313,-7.8579,loss_of_function,-2.17467226116893,0.2152,benign,10.1101/2022.10.22.513328; 37085483
R110P,5.14219,6.93061,4.461961175232068,Destabilizing,Destabilizing,,,Uncertain,,Uncertain,,,Uncertain,46.0,,,0.593,"cBioPortal,COSMIC,germline_muts,somatic_muts,clinvar",,False,46.0,,,,neutral,neutral,neutral,DOWN,neutral,neutral,stabilizing,"641505, 233627","Pathogenic, Pathogenic","1, 2",97.53,E,-0.337,2.3313,-22.1457,loss_of_function,-4.23188871816848,0.9045,pathogenic,10.1101/2022.10.22.513328; 37085483
R110S,1.03816,1.01293,0.730073877659429,Neutral,Neutral,,,Uncertain,,Uncertain,,,Uncertain,46.0,,,0.525,"COSMIC,clinvar",,False,46.0,,,,neutral,neutral,neutral,DOWN,neutral,neutral,stabilizing,140921,Uncertain significance,2,97.53,E,-0.1954,2.3313,-22.1457,loss_of_function,-2.41640473303228,0.2343,benign,10.1101/2022.10.22.513328; 37085483
L111M,1.07735,2.25204,1.4575034278771166,Uncertain,Neutral,,,,,,,,,2.0,,,0.517,"cBioPortal,COSMIC,clinvar",,False,2.0,,,,neutral,neutral,neutral,-,uncertain,uncertain,uncertain,836750,Uncertain significance,1,97.93,E,-0.1505,1.0662,-8.8609,loss_of_function,-3.546138403816,0.3444,ambiguous,10.1101/2022.10.22.513328; 37085483
L111P,3.83572,4.45544,5.778931198293195,Destabilizing,Destabilizing,,,,,,,,,2.0,,,0.864,"cBioPortal,COSMIC,germline_muts,somatic_muts,clinvar",,False,2.0,,,,neutral,neutral,neutral,DOWN,neutral,neutral,mixed_effects,376630,Conflicting interpretations of pathogenicity,1,97.93,E,-0.4043,1.0662,-22.1488,loss_of_function,-6.86455845713059,0.9584,pathogenic,10.1101/2022.10.22.513328; 37085483
L111Q,4.18527,3.79966,2.6371088762009864,Destabilizing,Uncertain,,,,,,,,,2.0,,,0.869,"cBioPortal,COSMIC,somatic_muts,clinvar",,False,2.0,,,,neutral,neutral,neutral,DOWN,neutral,neutral,mixed_effects,376632,Uncertain significance,1,97.93,E,-0.3417,1.0662,-22.1488,loss_of_function,-6.86455845713059,0.9593,pathogenic,10.1101/2022.10.22.513328; 37085483
L111R,5.8654,7.51463,3.42587149400154,Destabilizing,Destabilizing,,,,,,,,,2.0,,,0.862,"cBioPortal,COSMIC,somatic_muts,clinvar",,False,2.0,,,,neutral,neutral,neutral,UP,neutral,neutral,stabilizing,376631,Likely pathogenic,0,97.93,E,-0.4011,1.0662,-22.1488,loss_of_function,-6.86455845713059,0.9601,pathogenic,10.1101/2022.10.22.513328; 37085483
L111V,2.47432,1.70306,1.7704684404902415,Uncertain,Uncertain,,,,,,,,,2.0,,,0.456,"cBioPortal,clinvar",,False,2.0,,,,neutral,neutral,neutral,DOWN,neutral,neutral,mixed_effects,1730178,Uncertain significance,1,97.93,E,-0.1219,1.0662,-0.7012,loss_of_function,-0.706742687105901,0.1396,benign,10.1101/2022.10.22.513328; 37085483
G112C,-0.0524,0.3949,0.9184895871334494,Neutral,Neutral,,,Uncertain,,Uncertain,,,Uncertain,43.2,,,,COSMIC,,False,43.2,,,,neutral,neutral,neutral,UP,neutral,neutral,stabilizing,,,,96.29,E,-0.1639,2.296,-8.8609,loss_of_function,-1.53299814309711,0.3776,ambiguous,10.1101/2022.10.22.513328; 37085483
G112D,0.47137,-1.1017,0.9053280498212152,Neutral,Neutral,,,Uncertain,,Uncertain,,,Uncertain,43.2,,,,"COSMIC,clinvar",,False,43.2,,,,neutral,neutral,neutral,UP,neutral,neutral,stabilizing,1319402,Uncertain significance,2,96.29,E,-0.1644,2.296,-8.8609,loss_of_function,-0.99843218722014,0.4302,ambiguous,10.1101/2022.10.22.513328; 37085483
G112R,-0.3743,-0.24252,-0.3445500408352148,Neutral,Neutral,,,Uncertain,,Uncertain,,,Uncertain,43.2,,,,cBioPortal,,False,43.2,,,,neutral,neutral,neutral,UP,neutral,neutral,stabilizing,,,,96.29,E,-0.151,2.296,-3.0537,loss_of_function,-1.653371145859,0.5622,ambiguous,10.1101/2022.10.22.513328
G112S,0.54109,0.0585,0.7533529829949959,Neutral,Neutral,,,Uncertain,,Uncertain,,,Uncertain,43.2,,3.9798777382e-06,,"COSMIC,somatic_muts,clinvar",,False,43.2,,,,neutral,neutral,neutral,UP,neutral,neutral,stabilizing,492575,Uncertain significance,2,96.29,E,-0.0705,2.296,-1.1129,loss_of_function,0.334341221521181,0.1593,benign,10.1101/2022.10.22.513328; 37085483
F113C,3.98778,3.67925,4.460821881585579,Destabilizing,Destabilizing,,,,,,,,,7.1,,,0.952,"cBioPortal,COSMIC,somatic_muts,clinvar",,False,7.1,,,,neutral,neutral,neutral,DOWN,neutral,neutral,mixed_effects,634690,Uncertain significance,1,97.14,-,-0.4149,0.0223,-22.1457,loss_of_function,-5.3182039737857,0.9677,pathogenic,10.1101/2022.10.22.513328; 37085483
F113G,5.77346,4.46599,5.842294281013574,Destabilizing,Destabilizing,,,,,,,,,7.1,,,,"cBioPortal,somatic_muts",,False,7.1,,,,neutral,neutral,neutral,DOWN,neutral,neutral,mixed_effects,,,,97.14,-,-0.4821,0.0223,-22.1457,loss_of_function,-7.21795550754685,0.9967,pathogenic,10.1101/2022.10.22.513328; 37085483
F113I,3.88643,4.35578,2.865912250317298,Destabilizing,Uncertain,,,,,,,,,7.1,,,,"cBioPortal,COSMIC,clinvar",,False,7.1,,,,neutral,neutral,neutral,DOWN,neutral,neutral,mixed_effects,1469551,Uncertain significance,1,97.14,-,-0.3907,0.0223,-22.1457,loss_of_function,-4.62039939052872,0.9262,pathogenic,10.1101/2022.10.22.513328; 37085483
F113L,2.4587,2.4619,2.3963827226731027,Uncertain,Uncertain,,,,,,,,,7.1,,,0.783,"cBioPortal,COSMIC,somatic_muts,clinvar",,False,7.1,,,,neutral,neutral,neutral,DOWN,neutral,neutral,mixed_effects,2125367,Likely pathogenic,1,97.14,-,-0.3528,0.0223,-22.1457,loss_of_function,-4.5916909414059,0.9964,pathogenic,10.1101/2022.10.22.513328; 37085483
F113P,6.31033,5.8102,7.506102633034775,Destabilizing,Destabilizing,,,,,,,,,7.1,,,,"cBioPortal,COSMIC",,False,7.1,,,,neutral,neutral,neutral,DOWN,neutral,neutral,mixed_effects,,,,97.14,-,-0.5701,0.0223,-22.1457,loss_of_function,-7.21795550754685,0.9993,pathogenic,10.1101/2022.10.22.513328; 37085483
F113S,4.38886,3.99524,4.9753630985168895,Destabilizing,Destabilizing,,,,,,,,,7.1,,,0.952,"cBioPortal,COSMIC,somatic_muts,clinvar",,False,7.1,,,,neutral,neutral,neutral,DOWN,neutral,neutral,mixed_effects,823709,Uncertain significance,2,97.14,-,-0.4258,0.0223,-22.1457,loss_of_function,-6.13349417321062,0.9952,pathogenic,10.1101/2022.10.22.513328; 37085483
F113V,4.35096,3.96633,3.1756072520071714,Destabilizing,Destabilizing,,,,,,,,,7.1,,,,"cBioPortal,COSMIC,somatic_muts,clinvar",,False,7.1,,,,neutral,neutral,neutral,DOWN,neutral,neutral,mixed_effects,141302,Conflicting interpretations of pathogenicity,1,97.14,-,-0.385,0.0223,-22.1457,loss_of_function,-5.04973460316859,0.9446,pathogenic,10.1101/2022.10.22.513328; 37085483
L114F,-0.39664,0.40646,0.4270104295558163,Neutral,Neutral,,,Uncertain,,Uncertain,,,Uncertain,63.2,,,,"cBioPortal,COSMIC,somatic_muts",,False,63.2,,,,neutral,neutral,neutral,UP,neutral,neutral,stabilizing,,,,93.15,-,-0.2395,1.2277,-22.1457,loss_of_function,-4.11368345820104,0.2723,benign,10.1101/2022.10.22.513328; 37085483
L114S,0.40896,0.8398,0.7867079202526475,Neutral,Neutral,,,Uncertain,,Uncertain,,,Uncertain,63.2,,,,clinvar,,False,63.2,,,,neutral,neutral,neutral,DOWN,neutral,neutral,stabilizing,458536,Conflicting interpretations of pathogenicity,1,93.15,-,-0.3365,1.2277,-22.1457,loss_of_function,-3.11324781431236,0.4267,ambiguous,10.1101/2022.10.22.513328; 37085483
L114V,0.54637,-0.06395,0.317018910451865,Neutral,Neutral,,,Uncertain,,Uncertain,,,Uncertain,63.2,,,,clinvar,,False,63.2,,,,neutral,neutral,neutral,DOWN,neutral,neutral,stabilizing,1011474,Uncertain significance,1,93.15,-,-0.1487,1.2277,-8.8578,loss_of_function,-2.82763989652406,0.1575,benign,10.1101/2022.10.22.513328; 37085483
H115N,-0.4101,-0.09116,-0.0618528594499012,Neutral,Neutral,,,Uncertain,,Uncertain,,,Uncertain,99.8,,,,clinvar,,False,99.8,,,,neutral,neutral,neutral,DOWN,neutral,neutral,stabilizing,480741,Conflicting interpretations of pathogenicity,1,88.03,-,-0.0998,1.2631,-5.0506,loss_of_function,0.308822816233988,0.059,benign,10.1101/2022.10.22.513328; 37085483
H115R,-0.2739,0.23367,-0.1495098438082942,Neutral,Neutral,,,Uncertain,,Uncertain,,,Uncertain,99.8,,,,clinvar,,False,99.8,,,,neutral,neutral,neutral,UP,neutral,neutral,stabilizing,182925,Likely benign,3,88.03,-,-0.1489,1.2631,-8.8578,loss_of_function,-0.639219997941988,0.0837,benign,10.1101/2022.10.22.513328; 37085483
H115Y,-0.2408,-0.97279,0.08547486210636,Neutral,Neutral,,,Uncertain,,Uncertain,,,Uncertain,99.8,,,0.517,"cBioPortal,COSMIC,somatic_muts",,False,99.8,,,,neutral,neutral,neutral,UP,neutral,neutral,stabilizing,,,,88.03,-,-0.1522,1.2631,-22.1457,loss_of_function,-3.31338370914593,0.1234,benign,10.1101/2022.10.22.513328; 37085483
S116A,-0.45035,-0.25408,0.4861450778981652,Neutral,Neutral,,,Uncertain,0.0,Neutral,,,Uncertain,39.2,,,,clinvar,,False,39.2,,,,uncertain,,,-,uncertain,uncertain,uncertain,649358,Uncertain significance,2,89.09,-,-0.1914,0.2264,-8.8578,loss_of_function,-2.00341217169089,0.1921,benign,10.1101/2022.10.22.513328; 37085483
S116C,-0.53419,-0.11088,0.9028300032373454,Neutral,Neutral,,,Uncertain,0.0,Neutral,,,Uncertain,39.2,,,0.706,"cBioPortal,COSMIC,somatic_muts",,False,39.2,,,,uncertain,,,UP,neutral,neutral,neutral,,,,89.09,-,-0.2419,0.2264,-8.8578,loss_of_function,-2.45105725928614,0.2552,benign,10.1101/2022.10.22.513328; 37085483
S116F,-1.38973,1.28537,-0.6919327037534356,Neutral,Neutral,,,Uncertain,0.0,Neutral,,,Uncertain,39.2,,,0.728,"cBioPortal,COSMIC",,False,39.2,,,,uncertain,,,UP,neutral,neutral,neutral,,,,89.09,-,-0.2643,0.2264,-7.8579,loss_of_function,-4.33430097327344,0.6667,pathogenic,10.1101/2022.10.22.513328; 37085483
S116P,1.44954,-1.4449,3.535244655286716,Neutral,Uncertain,,,Uncertain,0.0,Neutral,,,Uncertain,39.2,,,,"COSMIC,somatic_muts",,False,39.2,,,,uncertain,,,UP,neutral,neutral,neutral,,,,89.09,-,-0.4126,0.2264,-22.1457,loss_of_function,-4.16912442701375,0.693,pathogenic,10.1101/2022.10.22.513328; 37085483
G117A,1.88639,0.19932,-0.502010862609712,Neutral,Neutral,,,Uncertain,0.0,Neutral,,,Uncertain,109.1,,3.9826357083e-06,0.778,"cBioPortal,clinvar",,False,109.1,,,,neutral,neutral,neutral,UP,neutral,neutral,neutral,1055289,Uncertain significance,1,89.98,-,-0.2944,0.9651,-22.1457,loss_of_function,-3.3959861353324,0.539,ambiguous,10.1101/2022.10.22.513328; 37085483
G117E,1.15489,0.37619,-0.6304090777766547,Neutral,Neutral,,,Uncertain,-0.00324,Neutral,,,Uncertain,109.1,,3.9826357083e-06,0.784,"COSMIC,somatic_muts,clinvar",,False,109.1,,,,neutral,neutral,neutral,UP,neutral,neutral,neutral,2450745,Uncertain significance,1,89.98,-,-0.354,0.9651,-22.1457,loss_of_function,-3.5766581696358,0.9517,pathogenic,10.1101/2022.10.22.513328; 37085483
G117R,0.42871,0.8915,-0.677657066963247,Neutral,Neutral,,,Uncertain,-8e-05,Neutral,,,Uncertain,109.1,,,0.770,"COSMIC,somatic_muts,clinvar",,False,109.1,,,,neutral,neutral,neutral,UP,neutral,neutral,neutral,"1462102, 480758","Uncertain significance, Uncertain significance","1, 1",89.98,-,-0.3031,0.9651,-8.8578,loss_of_function,-2.8438013983937,0.9297,pathogenic,10.1101/2022.10.22.513328; 37085483
G117V,1.77863,1.40714,-0.4562251026060399,Neutral,Neutral,,,Uncertain,0.0,Neutral,,,Uncertain,109.1,,,0.832,"cBioPortal,COSMIC,clinvar",,False,109.1,,,,neutral,neutral,neutral,UP,neutral,neutral,neutral,837018,Uncertain significance,1,89.98,-,-0.3812,0.9651,-22.1457,loss_of_function,-4.80793000393827,0.8929,pathogenic,10.1101/2022.10.22.513328; 37085483
T118A,0.2555,-1.49864,0.2216507095811681,Neutral,Neutral,,,Uncertain,0.00313,Neutral,,,Uncertain,27.2,,,0.842,COSMIC,,False,27.2,,,,uncertain,,,DOWN,neutral,neutral,neutral,,,,92.31,-,-0.2351,0.2115,-8.8578,loss_of_function,-3.04870572018323,0.3644,ambiguous,10.1101/2022.10.22.513328; 37085483
T118I,0.1738,0.41156,-0.504226791748128,Neutral,Neutral,,,Uncertain,-0.00029,Neutral,,,Uncertain,27.2,,,0.897,"cBioPortal,COSMIC,germline_muts,clinvar",,False,27.2,,,,uncertain,,,UP,neutral,neutral,neutral,419837,Uncertain significance,3,92.31,-,-0.2609,0.2115,-8.8578,loss_of_function,-3.94190866086847,0.7032,pathogenic,10.1101/2022.10.22.513328; 37085483
T118R,0.1632,1.00374,-0.3269251919678495,Neutral,Neutral,,,Uncertain,0.08902,Neutral,,,Uncertain,27.2,,,0.907,COSMIC,,False,27.2,,,,uncertain,,,UP,neutral,neutral,neutral,,,,92.31,-,-0.3888,0.2115,-22.1457,loss_of_function,-4.92809207480131,0.6794,pathogenic,10.1101/2022.10.22.513328; 37085483
A119D,-0.0194,-3.06361,-0.2969742759305926,Uncertain,Neutral,,,Uncertain,0.03036,Neutral,,,Uncertain,77.5,,,0.944,"cBioPortal,COSMIC,clinvar",,False,77.5,,,,neutral,neutral,neutral,UP,neutral,neutral,neutral,1732774,Uncertain significance,1,92.8,-,-0.3417,0.1344,-8.8671,loss_of_function,-6.3051272670469,0.9957,pathogenic,10.1101/2022.10.22.513328; 37085483
A119G,0.45329,0.68946,0.5427629659702055,Neutral,Neutral,,,Uncertain,-0.1074,Neutral,,,Uncertain,77.5,,,0.856,"cBioPortal,COSMIC,germline_muts,clinvar",,False,77.5,,,,neutral,neutral,neutral,DOWN,neutral,neutral,neutral,949408,Uncertain significance,1,92.8,-,-0.3213,0.1344,-22.155,loss_of_function,-5.75946166142197,0.8488,pathogenic,10.1101/2022.10.22.513328; 37085483
A119P,-0.41368,2.49116,0.9904379291239308,Uncertain,Neutral,,,Uncertain,-0.01562,Neutral,,,Uncertain,77.5,,,,clinvar,,False,77.5,,,,neutral,neutral,neutral,UP,neutral,neutral,neutral,481073,Uncertain significance,1,92.8,-,-0.4492,0.1344,-22.155,loss_of_function,-4.29837734991741,0.9356,pathogenic,10.1101/2022.10.22.513328; 37085483
A119T,0.87211,0.03401,-0.0281749173930689,Neutral,Neutral,,,Uncertain,-0.13954,Neutral,,,Uncertain,77.5,,,,somatic_muts,,False,77.5,,,,neutral,neutral,neutral,UP,neutral,neutral,neutral,,,,92.8,-,-0.2163,0.1344,-6.0599,loss_of_function,-1.94280040245004,0.6385,pathogenic,10.1101/2022.10.22.513328
A119V,0.96462,0.52585,-0.125466658031505,Neutral,Neutral,,,Uncertain,0.21583,Neutral,,,Uncertain,77.5,,,0.906,COSMIC,,False,77.5,,,,neutral,neutral,neutral,UP,neutral,neutral,neutral,,,,92.8,-,-0.2955,0.1344,-22.155,loss_of_function,-5.19463022480001,0.9157,pathogenic,10.1101/2022.10.22.513328; 37085483
K120E,-0.23829,-0.21837,-0.2876461820727233,Neutral,Neutral,0.43256,0.24643,Neutral,1.55655,Destabilizing,,,Uncertain,96.2,,,0.925,"cBioPortal,COSMIC,somatic_muts,clinvar",,False,96.2,,,,neutral,neutral,neutral,DOWN,neutral,neutral,neutral,141098,Conflicting interpretations of pathogenicity,1,87.74,T,-0.3429,0.0442,-22.155,loss_of_function,-4.63546258999546,0.9978,pathogenic,10.1101/2022.10.22.513328; 37085483
K120M,-0.33347,0.33707,-0.152363306520471,Neutral,Neutral,0.20214,0.1096,Neutral,0.77319,Neutral,,,Uncertain,96.2,,,0.920,"cBioPortal,COSMIC,somatic_muts,clinvar",,False,96.2,,,,neutral,neutral,neutral,DOWN,neutral,neutral,neutral,917693,Uncertain significance,1,87.74,T,-0.2603,0.0442,-8.8671,loss_of_function,-7.28062631544254,0.997,pathogenic,10.1101/2022.10.22.513328; 37085483
K120N,0.22014,0.14456,0.0862938683326886,Neutral,Neutral,0.29604,0.08948,Neutral,1.66697,Destabilizing,,,Uncertain,96.2,,,0.862,"cBioPortal,COSMIC",,False,96.2,,,,neutral,neutral,neutral,DOWN,neutral,neutral,neutral,,,,87.74,T,-0.3362,0.0442,-22.155,loss_of_function,-5.54074595282046,0.9987,pathogenic,10.1101/2022.10.22.513328; 37085483
K120Q,0.01959,0.0915,-0.0067948376777532,Neutral,Neutral,0.22796,-0.11086,Neutral,1.3183,Destabilizing,,,Uncertain,96.2,,,0.899,"cBioPortal,COSMIC,clinvar",,False,96.2,,,,neutral,neutral,neutral,DOWN,neutral,neutral,neutral,423255,Uncertain significance,2,87.74,T,-0.3172,0.0442,-22.155,loss_of_function,-4.56771286265142,0.9942,pathogenic,10.1101/2022.10.22.513328; 37085483
K120R,0.21832,0.48605,-0.0754360426242722,Neutral,Neutral,-0.23486,0.00594,Neutral,0.77081,Neutral,,,Uncertain,96.2,,,0.861,"cBioPortal,COSMIC,somatic_muts,clinvar",,False,96.2,,,,neutral,neutral,neutral,-,uncertain,uncertain,uncertain,1360099,Uncertain significance,1,87.74,T,-0.2516,0.0442,-22.155,loss_of_function,-3.63933736432837,0.6345,pathogenic,10.1101/2022.10.22.513328; 37085483
K120T,0.30705,0.27415,0.0573635341264938,Neutral,Neutral,0.33382,0.25046,Neutral,0.34021,Neutral,,,Uncertain,96.2,,,0.917,COSMIC,,False,96.2,,,,neutral,neutral,neutral,DOWN,neutral,neutral,neutral,,,,87.74,T,-0.34,0.0442,-22.155,loss_of_function,-5.90090569288512,0.9939,pathogenic,10.1101/2022.10.22.513328; 37085483
S121F,-0.36671,0.0949,-0.4044462188507763,Neutral,Neutral,0.22894,-0.00256,Neutral,-1.11418,Stabilizing,,,Uncertain,100.4,,,0.928,COSMIC,,False,100.4,,,,uncertain,,,UP,neutral,neutral,neutral,,,,91.82,T,-0.3561,0.0222,-22.155,loss_of_function,-3.87121486998236,0.9907,pathogenic,10.1101/2022.10.22.513328; 37085483
S121P,0.01388,4.07789,1.250472521435389,Uncertain,Neutral,-0.00952,-0.03416,Neutral,0.0004,Neutral,,,Uncertain,100.4,,,,clinvar,,False,100.4,,,,uncertain,,,UP,neutral,neutral,neutral,854451,Uncertain significance,2,91.82,T,-0.4315,0.0222,-22.155,loss_of_function,-7.22257451018822,0.9975,pathogenic,10.1101/2022.10.22.513328; 37085483
S121T,0.41827,0.15442,0.2338651994580332,Neutral,Neutral,0.0006,0.0013,Neutral,0.29711,Neutral,,,Uncertain,100.4,,,,"germline_muts,somatic_muts",,False,100.4,,,,neutral,,,UP,neutral,neutral,neutral,,,,91.82,T,-0.2687,0.0222,-22.155,loss_of_function,-2.93737178047625,0.8597,pathogenic,10.1101/2022.10.22.513328; 37085483
S121Y,-0.31345,-0.14524,-0.3448609089831528,Neutral,Neutral,0.05182,0.00812,Neutral,-0.02693,Neutral,,,Uncertain,100.4,,,0.921,"cBioPortal,COSMIC",,False,100.4,,,,uncertain,,,UP,neutral,neutral,neutral,,,,91.82,T,-0.3609,0.0222,-22.155,loss_of_function,-5.93163641213085,0.977,pathogenic,10.1101/2022.10.22.513328; 37085483
V122A,0.81787,1.70748,2.1207027588953085,Neutral,Uncertain,0.0,-0.0841,Neutral,-0.00528,Neutral,,,Uncertain,24.1,,,,clinvar,,False,24.1,,,,neutral,neutral,neutral,DOWN,neutral,neutral,mixed_effects,1465964,Uncertain significance,2,95.69,-,-0.1509,0.9804,-0.7004,loss_of_function,-1.76350618499936,0.7958,pathogenic,10.1101/2022.10.22.513328; 37085483
V122L,0.60406,1.69456,1.0592403071887238,Neutral,Neutral,0.0,0.1039,Neutral,-0.01261,Neutral,,,Uncertain,24.1,,,0.730,"COSMIC,somatic_muts,clinvar",,False,24.1,,,,neutral,neutral,neutral,UP,neutral,neutral,stabilizing,2121740,Uncertain significance,1,95.69,-,-0.1932,0.9804,-8.8702,loss_of_function,-2.71835073884853,0.9597,pathogenic,10.1101/2022.10.22.513328; 37085483
V122M,0.60536,1.67245,1.5587122537457216,Neutral,Neutral,0.0,0.0133,Neutral,-0.01272,Neutral,,,Uncertain,24.1,,,0.770,"cBioPortal,clinvar",,False,24.1,,,,neutral,neutral,neutral,UP,neutral,neutral,stabilizing,141101,Likely benign,3,95.69,-,-0.2701,0.9804,-22.1581,loss_of_function,-3.60531022220006,0.8281,pathogenic,10.1101/2022.10.22.513328; 37085483
T123I,-1.06783,0.05986,-0.172794777112612,Neutral,Neutral,0.00684,0.00137,Neutral,0.00394,Neutral,,,Uncertain,53.5,,,0.859,"COSMIC,clinvar",,False,53.5,,,,uncertain,,,UP,neutral,neutral,stabilizing,480737,Uncertain significance,1,96.78,S,-0.2498,0.2461,-7.2884,loss_of_function,-3.81089778015391,0.7275,pathogenic,10.1101/2022.10.22.513328; 37085483
T123S,-0.66527,0.22109,0.5544444816920813,Neutral,Neutral,0.01278,0.0005,Neutral,0.0,Neutral,,,Uncertain,53.5,,,,clinvar,,False,53.5,,,,neutral,,,DOWN,neutral,neutral,stabilizing,1460570,Uncertain significance,1,96.78,S,-0.2635,0.2461,-22.1612,loss_of_function,-2.83100541577873,0.5218,ambiguous,10.1101/2022.10.22.513328; 37085483
C124F,-0.57462,-1.61939,-2.1024378864735125,Neutral,Uncertain,,,,,,,,,16.4,,,0.792,COSMIC,,True,16.4,,,,neutral,neutral,neutral,UP,neutral,neutral,neutral,,,,97.3,E,-0.283,1.4701,-8.8733,loss_of_function,-1.9121478721896,0.4765,ambiguous,10.1101/2022.10.22.513328; 37085483
C124G,1.59467,2.35204,2.2057232944622127,Uncertain,Uncertain,,,,,,,,,16.4,,,0.843,"cBioPortal,COSMIC,clinvar",,True,16.4,,,,neutral,neutral,neutral,DOWN,neutral,neutral,destabilizing,230661,Uncertain significance,1,97.3,E,-0.2815,1.4701,-8.8733,loss_of_function,-5.88245089714293,0.5754,pathogenic,10.1101/2022.10.22.513328; 37085483
C124L,-0.24354,0.12619,-1.17739637344692,Neutral,Neutral,,,,,,,,,16.4,,,,"cBioPortal,COSMIC",,True,16.4,,,,neutral,neutral,neutral,UP,neutral,neutral,neutral,,,,97.3,E,-0.4138,1.4701,-22.1612,loss_of_function,-3.54227661798402,0.8639,pathogenic,10.1101/2022.10.22.513328; 37085483
C124R,0.43577,1.39626,-0.2874494834012436,Neutral,Neutral,,,,,,,,,16.4,,,0.883,"cBioPortal,COSMIC,somatic_muts",,True,16.4,,,,neutral,neutral,neutral,UP,neutral,neutral,neutral,,,,97.3,E,-0.4091,1.4701,-22.1612,loss_of_function,-5.29044806310019,0.9764,pathogenic,10.1101/2022.10.22.513328; 37085483
C124S,0.17678,1.14966,1.164101724874267,Neutral,Neutral,,,,,,,,,16.4,,,0.668,"COSMIC,somatic_muts,clinvar",,True,16.4,,,,neutral,neutral,neutral,DOWN,neutral,neutral,destabilizing,"1021578, 182926","Uncertain significance, Uncertain significance","1, 3",97.3,E,-0.2506,1.4701,-3.1455,loss_of_function,-1.74552172632798,0.4372,ambiguous,10.1101/2022.10.22.513328; 37085483
C124W,-0.46289,0.99898,-2.3348750423331963,Neutral,Uncertain,,,,,,,,,16.4,,,,somatic_muts,,True,16.4,,,,neutral,neutral,neutral,UP,neutral,neutral,neutral,,,,97.3,E,-0.2445,1.4701,-0.7186,loss_of_function,-0.067669720157014,0.7055,pathogenic,10.1101/2022.10.22.513328
C124Y,-0.61587,-1.34898,-1.915199125527686,Neutral,Neutral,,,,,,,,,16.4,,,0.713,"cBioPortal,COSMIC",,True,16.4,,,,neutral,neutral,neutral,UP,neutral,neutral,neutral,,,,97.3,E,-0.277,1.4701,-5.8734,loss_of_function,-1.02496409689317,0.6263,pathogenic,10.1101/2022.10.22.513328; 37085483
T125A,0.84488,1.02551,0.4191165686371773,Neutral,Neutral,,,,,,,,,0.9,,,0.943,"cBioPortal,COSMIC,clinvar",,True,0.9,,,,uncertain,,,DOWN,neutral,neutral,destabilizing,1734453,Uncertain significance,1,97.82,E,-0.3143,0.088,-22.1612,loss_of_function,-3.69569381712477,0.9598,pathogenic,10.1101/2022.10.22.513328; 37085483
T125I,4.84468,3.65442,0.0190949019589553,Destabilizing,Uncertain,,,,,,,,,0.9,,,,cBioPortal,,True,0.9,,,,uncertain,,,UP,neutral,neutral,neutral,,,,97.82,E,-0.3402,0.088,-22.1612,loss_of_function,-5.00501852348552,0.9893,pathogenic,10.1101/2022.10.22.513328; 37085483
T125K,12.21172,8.62449,2.006534496629931,Destabilizing,Uncertain,,,,,,,,,0.9,,,0.963,"cBioPortal,COSMIC,germline_muts,somatic_muts,clinvar",,True,0.9,,,,uncertain,,,UP,neutral,neutral,neutral,216465,Pathogenic/Likely pathogenic,2,97.82,E,-0.3974,0.088,-22.1612,loss_of_function,-2.4608657686824,0.9893,pathogenic,10.1101/2022.10.22.513328; 37085483
T125M,4.5817,2.92857,0.5261900065206898,Uncertain,Uncertain,,,,,,,,,0.9,3.1847133758e-05,,0.925,"cBioPortal,COSMIC,germline_muts,somatic_muts,clinvar",,True,0.9,,,,uncertain,,,UP,neutral,neutral,neutral,183748,Conflicting interpretations of pathogenicity,1,97.82,E,-0.2913,0.088,-8.8733,loss_of_function,-3.69157310336068,0.9602,pathogenic,10.1101/2022.10.22.513328; 37085483
T125N,4.24144,1.86361,0.9511813529983872,Uncertain,Uncertain,,,,,,,,,0.9,,,,cBioPortal,,True,0.9,,,,uncertain,,,-,uncertain,uncertain,uncertain,,,,97.82,E,-0.3699,0.088,-22.1612,loss_of_function,-3.73799870025625,0.9794,pathogenic,10.1101/2022.10.22.513328
T125P,4.41533,5.42075,5.458640395392269,Destabilizing,Destabilizing,,,,,,,,,0.9,,,0.945,"cBioPortal,COSMIC,germline_muts,somatic_muts,clinvar",,True,0.9,,,,uncertain,,,-,uncertain,uncertain,uncertain,376666,Uncertain significance,1,97.82,E,-0.4786,0.088,-22.1612,loss_of_function,-5.32216348223569,0.9855,pathogenic,10.1101/2022.10.22.513328; 37085483
T125R,13.86066,12.1966,1.4034651225776391,Destabilizing,Uncertain,,,,,,,,,0.9,,,0.963,"cBioPortal,COSMIC,germline_muts,somatic_muts,clinvar",,True,0.9,,,,uncertain,,,UP,neutral,neutral,neutral,376667,Pathogenic/Likely pathogenic,2,97.82,E,-0.3324,0.088,-8.8733,loss_of_function,-5.1784825919015,0.9823,pathogenic,10.1101/2022.10.22.513328; 37085483
Y126C,3.9906,3.91973,3.3025373991366584,Destabilizing,Destabilizing,,,,,,,,,16.9,,,0.981,"cBioPortal,COSMIC,germline_muts,somatic_muts,clinvar",P,True,16.9,1.077,,,uncertain,damaging,uncertain,DOWN,neutral,neutral,destabilizing,458541,Conflicting interpretations of pathogenicity,1,97.98,E,-0.3975,0.2714,-22.1946,loss_of_function,-7.66884365354854,0.8716,pathogenic,10.1101/2022.10.22.513328; 37085483
Y126D,5.3403,5.73367,3.8904283442782175,Destabilizing,Destabilizing,,,,,,,,,16.9,,,0.979,"cBioPortal,COSMIC,somatic_muts,clinvar",P,True,16.9,1.077,,,uncertain,damaging,uncertain,DOWN,neutral,neutral,destabilizing,265333,Conflicting interpretations of pathogenicity,1,97.98,E,-0.441,0.2714,-22.1946,loss_of_function,-7.66884365354854,0.995,pathogenic,10.1101/2022.10.22.513328; 37085483
Y126H,3.10753,2.61224,1.980958676291974,Uncertain,Uncertain,,,,,,,,,16.9,,,0.961,"cBioPortal,COSMIC,somatic_muts,clinvar",P,True,16.9,1.077,,,uncertain,damaging,uncertain,DOWN,neutral,neutral,destabilizing,1734755,Conflicting interpretations of pathogenicity,1,97.98,E,-0.3346,0.2714,-22.1946,loss_of_function,-2.81945396308076,0.9448,pathogenic,10.1101/2022.10.22.513328; 37085483
Y126N,3.7426,3.9983,3.07111194348822,Destabilizing,Destabilizing,,,,,,,,,16.9,,,0.965,"cBioPortal,COSMIC,somatic_muts,clinvar",P,True,16.9,1.077,,,uncertain,damaging,uncertain,DOWN,neutral,neutral,destabilizing,428871,Uncertain significance,2,97.98,E,-0.42,0.2714,-22.1946,loss_of_function,-7.66884365354854,0.9806,pathogenic,10.1101/2022.10.22.513328; 37085483
Y126S,4.87757,4.81327,3.660443600891108,Destabilizing,Destabilizing,,,,,,,,,16.9,,,0.972,"cBioPortal,COSMIC,somatic_muts,clinvar",P,True,16.9,1.077,,,uncertain,damaging,uncertain,DOWN,neutral,neutral,destabilizing,1054765,Uncertain significance,1,97.98,E,-0.4316,0.2714,-22.1946,loss_of_function,-7.66884365354854,0.97,pathogenic,10.1101/2022.10.22.513328; 37085483
S127C,-0.4813,0.99762,1.0096889198882253,Neutral,Neutral,,,,,,,,,0.0,,,0.916,"cBioPortal,COSMIC,clinvar",,True,0.0,,,,uncertain,,,UP,neutral,neutral,stabilizing,219532,Pathogenic,1,97.12,E,-0.3307,0.0001,-22.1976,loss_of_function,-4.84694629009541,0.8325,pathogenic,10.1101/2022.10.22.513328; 37085483
S127F,1.21787,3.16327,3.867025639062432,Uncertain,Uncertain,,,,,,,,,0.0,,,0.925,"cBioPortal,COSMIC,somatic_muts,clinvar",,True,0.0,,,,uncertain,,,UP,neutral,neutral,stabilizing,182928,Conflicting interpretations of pathogenicity,1,97.12,E,-0.3583,0.0001,-22.1976,loss_of_function,-8.07108885348846,0.9947,pathogenic,10.1101/2022.10.22.513328; 37085483
S127P,4.68589,5.49014,5.635160306542276,Destabilizing,Destabilizing,,,,,,,,,0.0,,,0.957,"cBioPortal,COSMIC,germline_muts,somatic_muts,clinvar",,True,0.0,,,,uncertain,,,UP,neutral,neutral,stabilizing,934410,Pathogenic,2,97.12,E,-0.4337,0.0001,-22.1976,loss_of_function,-8.07108885348846,0.9962,pathogenic,10.1101/2022.10.22.513328; 37085483
S127T,2.32405,1.32143,1.3271547745443597,Uncertain,Uncertain,,,,,,,,,0.0,,,0.924,"cBioPortal,COSMIC,germline_muts,somatic_muts,clinvar",,True,0.0,,,,neutral,,,UP,neutral,neutral,stabilizing,824232,Conflicting interpretations of pathogenicity,1,97.12,E,-0.2709,0.0001,-22.1976,loss_of_function,-4.84694629009541,0.8718,pathogenic,10.1101/2022.10.22.513328; 37085483
S127Y,5.21305,3.55918,4.327213929611366,Destabilizing,Destabilizing,,,,,,,,,0.0,,,0.918,"cBioPortal,COSMIC,somatic_muts,clinvar",,True,0.0,,,,uncertain,,,UP,neutral,neutral,stabilizing,656751,Pathogenic,3,97.12,E,-0.3631,0.0001,-22.1976,loss_of_function,-8.07108885348846,0.9839,pathogenic,10.1101/2022.10.22.513328; 37085483
P128A,1.88534,0.61837,-0.237007660136933,Neutral,Neutral,,,Uncertain,,Uncertain,,,Uncertain,52.7,,,0.482,"cBioPortal,COSMIC",,True,52.7,,,,neutral,neutral,neutral,DOWN,neutral,neutral,destabilizing,,,,95.58,T,-0.0883,1.774,-7.3249,loss_of_function,-1.54778559425076,0.0757,benign,10.1101/2022.10.22.513328; 37085483
P128F,1.50722,0.70442,-0.9816643072141557,Neutral,Neutral,,,Uncertain,,Uncertain,,,Uncertain,52.7,,,,cBioPortal,,True,52.7,,,,neutral,neutral,neutral,UP,neutral,neutral,stabilizing,,,,95.58,T,-0.1575,1.774,-8.9098,loss_of_function,-2.62455036394329,0.4162,ambiguous,10.1101/2022.10.22.513328; 37085483
P128L,1.58965,0.47109,-0.8087898252912312,Neutral,Neutral,,,Uncertain,,Uncertain,,,Uncertain,52.7,,,0.501,"cBioPortal,COSMIC,somatic_muts,clinvar",,True,52.7,,,,neutral,neutral,neutral,UP,neutral,neutral,stabilizing,824286,Uncertain significance,2,95.58,T,-0.135,1.774,-6.9099,loss_of_function,-2.31336388121896,0.1109,benign,10.1101/2022.10.22.513328; 37085483
P128R,1.86761,0.46395,-0.5045503998860618,Neutral,Neutral,,,Uncertain,,Uncertain,,,Uncertain,52.7,,,,"somatic_muts,clinvar",,True,52.7,,,,neutral,neutral,neutral,UP,neutral,neutral,stabilizing,1718564,Uncertain significance,1,95.58,T,-0.2341,1.774,-22.1976,loss_of_function,-4.46718637714041,0.1368,benign,10.1101/2022.10.22.513328
P128S,2.18898,0.7051,-0.0441187212703059,Uncertain,Uncertain,,,Uncertain,,Uncertain,,,Uncertain,52.7,,,0.516,"cBioPortal,COSMIC,somatic_muts",,True,52.7,,,,neutral,neutral,neutral,DOWN,neutral,neutral,destabilizing,,,,95.58,T,-0.08,1.774,-5.74,loss_of_function,-0.552517416553064,0.1068,benign,10.1101/2022.10.22.513328; 37085483
P128T,2.16436,0.85374,-0.1723421577022993,Uncertain,Uncertain,,,Uncertain,,Uncertain,,,Uncertain,52.7,,,,clinvar,,True,52.7,,,,neutral,neutral,neutral,-,uncertain,uncertain,uncertain,480743,Conflicting interpretations of pathogenicity,1,95.58,T,-0.0688,1.774,-1.182,loss_of_function,-1.64287482783618,0.0922,benign,10.1101/2022.10.22.513328; 37085483
A129D,0.64252,0.1,0.249774212973507,Neutral,Neutral,,,Uncertain,,Uncertain,,,Uncertain,72.4,,,0.553,"COSMIC,somatic_muts,clinvar",,True,72.4,,,,neutral,neutral,neutral,UP,neutral,neutral,stabilizing,1735669,Benign,1,94.67,T,-0.0757,2.6798,-2.6245,loss_of_function,0.297108760232245,0.0679,benign,10.1101/2022.10.22.513328; 37085483
A129G,0.98517,1.1983,0.7992820085151225,Neutral,Neutral,,,Uncertain,,Uncertain,,,Uncertain,72.4,,,0.407,"COSMIC,clinvar",,True,72.4,,,,neutral,neutral,neutral,DOWN,neutral,neutral,stabilizing,458542,Uncertain significance,1,94.67,T,-0.0195,2.6798,-8.9098,loss_of_function,-1.34299511046981,0.0979,benign,10.1101/2022.10.22.513328; 37085483
A129S,0.63603,0.37177,0.2769390003425842,Neutral,Neutral,,,Uncertain,,Uncertain,,,Uncertain,72.4,,,,"cBioPortal,clinvar",,True,72.4,,,,neutral,neutral,neutral,-,uncertain,uncertain,uncertain,824314,Conflicting interpretations of pathogenicity,1,94.67,T,0.0338,2.6798,-4.1025,gain_of_function,-0.253874820879764,0.0672,benign,10.1101/2022.10.22.513328; 37085483
A129T,-0.36452,0.62313,0.0914296509290579,Neutral,Neutral,,,Uncertain,,Uncertain,,,Uncertain,72.4,,,0.438,"COSMIC,somatic_muts,clinvar",,True,72.4,,,,neutral,neutral,neutral,UP,neutral,neutral,stabilizing,482217,Conflicting interpretations of pathogenicity,1,94.67,T,0.025,2.6798,-4.662,gain_of_function,-0.0060963391508014,0.063,benign,10.1101/2022.10.22.513328; 37085483
A129V,-0.62635,0.28503,-0.1010513867126178,Neutral,Neutral,,,Uncertain,,Uncertain,,,Uncertain,72.4,,,0.468,"COSMIC,somatic_muts,clinvar",,True,72.4,,,,neutral,neutral,neutral,UP,neutral,neutral,stabilizing,133280,not provided,0,94.67,T,0.024,2.6798,-5.4505,gain_of_function,-0.0124595129485265,0.0707,benign,10.1101/2022.10.22.513328; 37085483
L130F,1.06447,3.39762,1.27273052481284,Uncertain,Neutral,,,,,,,,,19.4,,,0.921,"cBioPortal,COSMIC,germline_muts,somatic_muts,clinvar",,False,19.4,,,,neutral,neutral,neutral,UP,neutral,neutral,stabilizing,216466,Conflicting interpretations of pathogenicity,1,95.91,T,-0.3508,0.0216,-22.2006,loss_of_function,-7.40410911027577,0.8335,pathogenic,10.1101/2022.10.22.513328; 37085483
L130H,1.9473,3.09388,2.18220634037289,Uncertain,Uncertain,,,,,,,,,19.4,,,0.924,"cBioPortal,COSMIC,germline_muts,somatic_muts,clinvar",,False,19.4,,,,neutral,neutral,neutral,DOWN,neutral,neutral,stabilizing,824351,Pathogenic,1,95.91,T,-0.4597,0.0216,-22.2006,loss_of_function,-6.63614231326096,0.916,pathogenic,10.1101/2022.10.22.513328; 37085483
L130I,0.76657,1.3915,1.3418783791368534,Neutral,Neutral,,,,,,,,,19.4,,,0.795,"cBioPortal,COSMIC,somatic_muts",,False,19.4,,,,neutral,neutral,neutral,-,uncertain,uncertain,uncertain,,,,95.91,T,-0.2236,0.0216,-8.9128,loss_of_function,-2.74581486455328,0.4647,ambiguous,10.1101/2022.10.22.513328; 37085483
L130P,2.73139,5.33333,6.298853770842303,Uncertain,Uncertain,,,,,,,,,19.4,,,0.927,"cBioPortal,COSMIC,germline_muts,somatic_muts,clinvar",,False,19.4,,,,neutral,neutral,neutral,DOWN,neutral,neutral,stabilizing,428873,Pathogenic,2,95.91,T,-0.5007,0.0216,-22.2006,loss_of_function,-7.93738882511137,0.9844,pathogenic,10.1101/2022.10.22.513328; 37085483
L130R,1.17226,3.08163,2.398891483234015,Uncertain,Uncertain,,,,,,,,,19.4,,,0.918,"cBioPortal,COSMIC,somatic_muts",,False,19.4,,,,neutral,neutral,neutral,UP,neutral,neutral,stabilizing,,,,95.91,T,-0.4975,0.0216,-22.2006,loss_of_function,-5.59660198154064,0.6991,pathogenic,10.1101/2022.10.22.513328; 37085483
L130V,1.34614,1.82347,1.7145550291416285,Neutral,Neutral,,,,,,,,,19.4,,,0.887,"cBioPortal,COSMIC,somatic_muts,clinvar",,False,19.4,,,,neutral,neutral,neutral,DOWN,neutral,neutral,stabilizing,458543,Conflicting interpretations of pathogenicity,1,95.91,T,-0.3277,0.0216,-22.2006,loss_of_function,-3.61657390990045,0.4003,ambiguous,10.1101/2022.10.22.513328; 37085483
N131D,0.922,1.44694,0.573855642695947,Neutral,Neutral,,,Uncertain,,Uncertain,,,Uncertain,60.3,,,0.724,"cBioPortal,somatic_muts",,False,60.3,,,,neutral,neutral,neutral,-,uncertain,uncertain,uncertain,,,,97.14,T,-0.2355,1.048,-22.2006,loss_of_function,-3.41354932165107,0.1983,benign,10.1101/2022.10.22.513328; 37085483
N131H,1.89521,1.63197,0.3003773964805839,Neutral,Neutral,,,Uncertain,,Uncertain,,,Uncertain,60.3,,,0.820,"COSMIC,somatic_muts",,False,60.3,,,,neutral,neutral,neutral,UP,neutral,neutral,stabilizing,,,,97.14,T,-0.1694,1.048,-8.9128,loss_of_function,-4.08943111458614,0.1721,benign,10.1101/2022.10.22.513328; 37085483
N131I,3.44017,5.48469,0.91750716801885,Destabilizing,Uncertain,,,Uncertain,,Uncertain,,,Uncertain,60.3,,,0.939,"cBioPortal,COSMIC,germline_muts,somatic_muts,clinvar",,False,60.3,,,,neutral,neutral,neutral,UP,neutral,neutral,stabilizing,428902,Pathogenic,2,97.14,T,-0.2147,1.048,-8.9128,loss_of_function,-3.95781788600926,0.9111,pathogenic,10.1101/2022.10.22.513328; 37085483
N131K,1.28355,1.29966,0.5482732930356107,Neutral,Neutral,,,Uncertain,,Uncertain,,,Uncertain,60.3,3.18613394507e-05,1.1969740496e-05,"0.661, 0.662","cBioPortal,COSMIC,somatic_muts,clinvar",,False,60.3,,,,neutral,neutral,neutral,UP,neutral,neutral,stabilizing,246429,Uncertain significance,3,97.14,T,-0.1261,1.048,-0.7631,loss_of_function,-2.08630271146585,0.3836,ambiguous,10.1101/2022.10.22.513328; 37085483
N131S,2.25286,2.05646,0.8876567591810802,Uncertain,Uncertain,,,Uncertain,,Uncertain,,,Uncertain,60.3,,,0.859,"cBioPortal,COSMIC,germline_muts,somatic_muts,clinvar",,False,60.3,,,,neutral,neutral,neutral,DOWN,neutral,neutral,neutral,1057941,Uncertain significance,2,97.14,T,-0.2022,1.048,-22.2006,loss_of_function,-5.06631023309027,0.1566,benign,10.1101/2022.10.22.513328; 37085483
N131T,2.8243,2.7415,1.1005355048900656,Uncertain,Uncertain,,,Uncertain,,Uncertain,,,Uncertain,60.3,,,0.907,"cBioPortal,COSMIC,somatic_muts",,False,60.3,,,,neutral,neutral,neutral,-,uncertain,uncertain,uncertain,,,,97.14,T,-0.1788,1.048,-7.9128,loss_of_function,-3.83700919409569,0.5533,ambiguous,10.1101/2022.10.22.513328; 37085483
N131Y,1.89041,1.63571,0.4638181768337324,Neutral,Neutral,,,Uncertain,,Uncertain,,,Uncertain,60.3,,,0.879,"cBioPortal,COSMIC,somatic_muts,clinvar",,False,60.3,,,,neutral,neutral,neutral,UP,neutral,neutral,stabilizing,141988,Pathogenic,1,97.14,T,-0.273,1.048,-22.2006,loss_of_function,-6.0282901283126,0.5291,ambiguous,10.1101/2022.10.22.513328; 37085483
K132E,3.60939,2.00918,2.975549681798076,Uncertain,Uncertain,,,,,,,,,8.1,,3.988544899e-06,0.968,"cBioPortal,COSMIC,germline_muts,somatic_muts,clinvar",,False,8.1,,,,neutral,neutral,neutral,DOWN,neutral,neutral,destabilizing,376626,Pathogenic/Likely pathogenic,2,98.1,E,-0.3422,0.0546,-22.2036,loss_of_function,-7.55769165067509,0.9978,pathogenic,10.1101/2022.10.22.513328; 37085483
K132I,0.77935,-0.34014,0.6241771879282706,Neutral,Neutral,,,,,,,,,8.1,,,,cBioPortal,,False,8.1,,,,neutral,neutral,neutral,-,uncertain,uncertain,uncertain,,,,98.1,E,-0.3556,0.0546,-22.2036,loss_of_function,-6.84932683484845,0.997,pathogenic,10.1101/2022.10.22.513328; 37085483
K132M,-0.77786,-0.26565,0.8195716890625115,Neutral,Neutral,,,,,,,,,8.1,,,,"cBioPortal,COSMIC,somatic_muts,clinvar",,False,8.1,,,,neutral,neutral,neutral,DOWN,neutral,neutral,destabilizing,376629,Uncertain significance,1,98.1,E,-0.2515,0.0546,-7.3309,loss_of_function,-3.94411653735206,0.9874,pathogenic,10.1101/2022.10.22.513328; 37085483
K132N,3.11745,2.08299,2.1852973089391563,Uncertain,Uncertain,,,,,,,,,8.1,,,,"cBioPortal,COSMIC,somatic_muts,clinvar",,False,8.1,,,,neutral,neutral,neutral,DOWN,neutral,neutral,destabilizing,"634773, 376624","Pathogenic/Likely pathogenic, Likely pathogenic","2, 3",98.1,E,-0.3355,0.0546,-22.2036,loss_of_function,-7.55769165067509,0.9987,pathogenic,10.1101/2022.10.22.513328; 37085483
K132Q,1.55058,0.73537,1.961162319162238,Neutral,Neutral,,,,,,,,,8.1,,,0.944,"cBioPortal,COSMIC,germline_muts,somatic_muts,clinvar",,False,8.1,,,,neutral,neutral,neutral,DOWN,neutral,neutral,destabilizing,376628,Uncertain significance,1,98.1,E,-0.3165,0.0546,-22.2036,loss_of_function,-7.55769165067509,0.9807,pathogenic,10.1101/2022.10.22.513328; 37085483
K132R,0.5917,0.2881,1.3222180599419002,Neutral,Neutral,,,,,,,,,8.1,,0.0,,"cBioPortal,COSMIC,germline_muts,somatic_muts,clinvar",,False,8.1,,,,neutral,neutral,neutral,-,uncertain,uncertain,uncertain,376625,Pathogenic,2,98.1,E,-0.2509,0.0546,-22.2036,loss_of_function,-4.12552491681601,0.5077,ambiguous,10.1101/2022.10.22.513328; 37085483
K132T,0.78647,0.72925,1.824811569435242,Neutral,Neutral,,,,,,,,,8.1,,,,"cBioPortal,COSMIC,somatic_muts,clinvar",,False,8.1,,,,neutral,neutral,neutral,DOWN,neutral,neutral,destabilizing,376627,Likely pathogenic,0,98.1,E,-0.3393,0.0546,-22.2036,loss_of_function,-7.8200062696862,0.9872,pathogenic,10.1101/2022.10.22.513328; 37085483
K132W,8.2371,0.77959,1.2132633074007009,Uncertain,Uncertain,,,,,,,,,8.1,,,,"COSMIC,somatic_muts",,False,8.1,,,,neutral,neutral,neutral,UP,neutral,neutral,stabilizing,,,,98.1,E,-0.3974,0.0546,-22.2036,loss_of_function,-7.8200062696862,0.9994,pathogenic,10.1101/2022.10.22.513328; 37085483
M133I,1.40596,0.87789,-0.19577284659053,Neutral,Neutral,,,,,,,,,1.1,,7.9728286001e-06,"0.477, 0.479","cBioPortal,COSMIC,somatic_muts,clinvar",,False,1.1,,,,neutral,neutral,neutral,-,uncertain,uncertain,uncertain,421437,Conflicting interpretations of pathogenicity,1,98.31,E,-0.2907,0.306,-22.2066,loss_of_function,-3.928979085432,0.5785,pathogenic,10.1101/2022.10.22.513328; 37085483
M133K,2.01672,3.65782,1.86172159674558,Uncertain,Uncertain,,,,,,,,,1.1,,,0.845,"cBioPortal,COSMIC,somatic_muts,clinvar",,False,1.1,,,,neutral,neutral,neutral,UP,neutral,neutral,stabilizing,2430159,Likely pathogenic,0,98.31,E,-0.4359,0.306,-22.2066,loss_of_function,-7.34409950369429,0.9651,pathogenic,10.1101/2022.10.22.513328; 37085483
M133L,-0.14833,-0.11973,-0.5139656340492071,Neutral,Neutral,,,,,,,,,1.1,,,0.426,"COSMIC,somatic_muts",,False,1.1,,,,neutral,neutral,neutral,-,uncertain,uncertain,uncertain,,,,98.31,E,-0.1447,0.306,-0.0765,loss_of_function,-0.324119412855083,0.0735,benign,10.1101/2022.10.22.513328; 37085483
M133R,2.72127,4.17789,1.0379969427154403,Uncertain,Uncertain,,,,,,,,,1.1,,,0.849,"cBioPortal,COSMIC,germline_muts,somatic_muts",,False,1.1,,,,neutral,neutral,neutral,UP,neutral,neutral,stabilizing,,,,98.31,E,-0.4632,0.306,-22.2066,loss_of_function,-7.34409950369429,0.969,pathogenic,10.1101/2022.10.22.513328; 37085483
M133T,3.20119,2.35102,1.3991401913260006,Uncertain,Uncertain,,,,,,,,,1.1,,,0.780,"cBioPortal,COSMIC,germline_muts,somatic_muts,clinvar",,False,1.1,,,,neutral,neutral,neutral,DOWN,neutral,neutral,neutral,12357,Pathogenic,2,98.31,E,-0.3445,0.306,-22.2066,loss_of_function,-6.95369664079319,0.9114,pathogenic,10.1101/2022.10.22.513328; 37085483
M133V,1.27506,0.35034,0.1386630053751342,Neutral,Neutral,,,,,,,,,1.1,,3.9868275219e-06,0.503,"COSMIC,somatic_muts,clinvar",,False,1.1,,,,neutral,neutral,neutral,DOWN,neutral,neutral,neutral,528246,Uncertain significance,1,98.31,E,-0.2549,0.306,-8.9187,loss_of_function,-3.96856910757131,0.2123,benign,10.1101/2022.10.22.513328; 37085483
F134C,3.69597,4.07517,4.7404841551225125,Destabilizing,Destabilizing,-0.04708,-0.18309,Neutral,0.06213,Neutral,,,,0.0,,3.9849845781e-06,0.949,"cBioPortal,COSMIC,somatic_muts,clinvar",,False,0.0,,,,neutral,neutral,neutral,DOWN,neutral,neutral,destabilizing,230477,Likely pathogenic,1,98.5,E,-0.3372,0.8705,-22.2066,loss_of_function,-7.13917580462256,0.9992,pathogenic,10.1101/2022.10.22.513328; 37085483
F134I,2.33935,2.41463,2.8485641730866016,Uncertain,Uncertain,0.32138,0.08784,Neutral,0.03226,Neutral,,,,0.0,,,0.955,"cBioPortal,COSMIC,somatic_muts,clinvar",,False,0.0,,,,neutral,neutral,neutral,DOWN,neutral,neutral,destabilizing,480953,Pathogenic,1,98.5,E,-0.313,0.8705,-22.2066,loss_of_function,-6.89973504256994,0.9978,pathogenic,10.1101/2022.10.22.513328; 37085483
F134L,2.30751,1.56156,2.2873334162634404,Uncertain,Uncertain,-0.12702,-0.21141,Neutral,0.01576,Neutral,,,,0.0,,,"0.872, 0.942","cBioPortal,COSMIC,germline_muts,somatic_muts,clinvar",,False,0.0,,,,neutral,neutral,neutral,DOWN,neutral,neutral,destabilizing,"1018290, 871293, 80710","Uncertain significance, Conflicting interpretations of pathogenicity, Uncertain significance","1, 1, 1",98.5,E,-0.2751,0.8705,-22.2066,loss_of_function,-6.01506292260617,0.9996,pathogenic,10.1101/2022.10.22.513328; 37085483
F134S,5.35708,5.33333,5.574222099623999,Destabilizing,Destabilizing,-0.05128,-0.13609,Neutral,0.19088,Neutral,,,,0.0,,,0.942,"cBioPortal,COSMIC,somatic_muts,clinvar",,False,0.0,,,,neutral,neutral,neutral,DOWN,neutral,neutral,destabilizing,1519634,Uncertain significance,1,98.5,E,-0.348,0.8705,-22.2066,loss_of_function,-7.13917580462256,0.9992,pathogenic,10.1101/2022.10.22.513328; 37085483
F134V,2.9139,2.93401,3.2528472151952825,Uncertain,Uncertain,-0.0346,0.45548,Neutral,0.10633,Neutral,,,,0.0,,,0.959,"cBioPortal,COSMIC,somatic_muts,clinvar",,False,0.0,,,,neutral,neutral,neutral,DOWN,neutral,neutral,destabilizing,988615,Conflicting interpretations of pathogenicity,1,98.5,E,-0.3073,0.8705,-22.2066,loss_of_function,-6.89973504256994,0.9977,pathogenic,10.1101/2022.10.22.513328; 37085483
F134Y,1.51892,0.90952,0.8616772200992792,Neutral,Neutral,-0.0777,-0.0897,Neutral,0.50439,Neutral,,,,0.0,,,,"germline_muts,clinvar",,False,0.0,,,,neutral,neutral,neutral,-,uncertain,uncertain,uncertain,1509393,Uncertain significance,1,98.5,E,-0.1501,0.8705,-0.4968,loss_of_function,-1.865470728872,0.4046,ambiguous,10.1101/2022.10.22.513328; 37085483
C135F,9.21435,1.82279,1.0887167878578103,Uncertain,Uncertain,0.02192,0.24397,Neutral,0.01866,Neutral,0.00585,-0.10001,Neutral,0.0,,,0.960,"cBioPortal,COSMIC,somatic_muts,clinvar",,False,0.0,,,,neutral,neutral,neutral,UP,neutral,neutral,stabilizing,376559,Pathogenic,2,98.18,E,-0.4863,0.0001,-22.2066,loss_of_function,-7.76909942258231,0.986,pathogenic,10.1101/2022.10.22.513328; 37085483
C135G,2.20546,2.19218,2.130927563655324,Uncertain,Uncertain,0.0217,0.04386,Neutral,0.00391,Neutral,0.0,0.13637,Neutral,0.0,,,0.965,"cBioPortal,COSMIC,somatic_muts,clinvar",,False,0.0,,,,neutral,neutral,neutral,DOWN,neutral,neutral,neutral,376563,Likely pathogenic,3,98.18,E,-0.4848,0.0001,-22.2066,loss_of_function,-7.19112192806731,0.9352,pathogenic,10.1101/2022.10.22.513328; 37085483
C135R,12.2978,6.53333,2.9468589682393778,Destabilizing,Uncertain,-0.21228,0.02773,Neutral,0.03426,Neutral,-0.03318,-0.06153,Neutral,0.0,,,0.964,"cBioPortal,COSMIC,somatic_muts,clinvar",,False,0.0,,,,neutral,neutral,neutral,UP,neutral,neutral,stabilizing,376560,Pathogenic,1,98.18,E,-0.5446,0.0001,-22.2066,loss_of_function,-7.76909942258231,0.9978,pathogenic,10.1101/2022.10.22.513328; 37085483
C135S,0.64409,1.2119,1.293380420259589,Neutral,Neutral,0.0,0.04819,Neutral,-0.00188,Neutral,4e-05,0.02967,Neutral,0.0,,,"0.954, 0.957","cBioPortal,COSMIC,somatic_muts,clinvar",,False,0.0,,,,neutral,neutral,neutral,DOWN,neutral,neutral,neutral,376562,Uncertain significance,1,98.18,E,-0.4831,0.0001,-22.2066,loss_of_function,-4.68415718676229,0.958,pathogenic,10.1101/2022.10.22.513328; 37085483
C135T,-1.07043,0.52313,0.5479934566307323,Neutral,Neutral,0.0002,-0.0239,Neutral,0.0,Neutral,7e-05,-0.09256,Neutral,0.0,,,,"COSMIC,somatic_muts",,False,0.0,,,,neutral,neutral,neutral,UP,neutral,neutral,stabilizing,,,,98.18,E,-0.5178,0.0001,-22.2066,loss_of_function,-4.03339101020224,0.9364,pathogenic,10.1101/2022.10.22.513328; 37085483
C135W,27.57794,4.36293,2.242524037972694,Destabilizing,Uncertain,0.00778,0.06307,Neutral,0.00532,Neutral,0.00848,-0.00635,Neutral,0.0,,,0.884,"cBioPortal,COSMIC,somatic_muts,clinvar",,False,0.0,,,,neutral,neutral,neutral,UP,neutral,neutral,stabilizing,376561,Conflicting interpretations of pathogenicity,1,98.18,E,-0.4894,0.0001,-22.2066,loss_of_function,-7.76909942258231,0.9986,pathogenic,10.1101/2022.10.22.513328; 37085483
C135Y,10.64326,4.05544,1.635467816342155,Destabilizing,Uncertain,0.01544,-0.07736,Neutral,0.01518,Neutral,0.00877,-0.0281,Neutral,0.0,,0.0,0.955,"cBioPortal,COSMIC,somatic_muts,clinvar",,False,0.0,,,,neutral,neutral,neutral,UP,neutral,neutral,stabilizing,141762,Conflicting interpretations of pathogenicity,1,98.18,E,-0.4956,0.0001,-22.2066,loss_of_function,-7.76909942258231,0.998,pathogenic,10.1101/2022.10.22.513328; 37085483
Q136E,0.22011,1.63741,0.5756454663900279,Neutral,Neutral,0.57468,-0.06792,Neutral,-0.09953,Neutral,0.36029,0.07462,Neutral,31.9,,,0.862,"cBioPortal,COSMIC,somatic_muts,clinvar",,False,31.9,,,,neutral,neutral,neutral,DOWN,neutral,neutral,neutral,480751,Conflicting interpretations of pathogenicity,1,98.01,-,-0.2972,0.0831,-22.2066,loss_of_function,-3.96356314997428,0.7507,pathogenic,10.1101/2022.10.22.513328; 37085483
Q136H,0.66452,1.34252,0.2161036061141219,Neutral,Neutral,-0.01908,0.04651,Neutral,-0.00901,Neutral,0.28101,0.01956,Neutral,31.9,,,0.946,"cBioPortal,COSMIC,somatic_muts,clinvar",,False,31.9,,,,neutral,neutral,neutral,UP,neutral,neutral,stabilizing,"482213, 186301","Uncertain significance, Uncertain significance","2, 2",98.01,-,-0.2931,0.0831,-22.2066,loss_of_function,-5.9678328038887,0.9347,pathogenic,10.1101/2022.10.22.513328; 37085483
Q136K,-0.74497,1.32721,0.4257648358614224,Neutral,Neutral,-0.23288,0.16519,Neutral,0.07665,Neutral,-0.05681,0.05408,Neutral,31.9,,,0.869,"COSMIC,somatic_muts",,False,31.9,,,,neutral,neutral,neutral,UP,neutral,neutral,stabilizing,,,,98.01,-,-0.3252,0.0831,-22.2066,loss_of_function,-4.52687386162523,0.7678,pathogenic,10.1101/2022.10.22.513328; 37085483
Q136L,-1.05484,1.27313,-0.4625175170899676,Neutral,Neutral,0.22782,0.03033,Neutral,0.03749,Neutral,0.24352,0.02482,Neutral,31.9,,,0.959,"cBioPortal,COSMIC,somatic_muts",,False,31.9,,,,neutral,neutral,neutral,UP,neutral,neutral,stabilizing,,,,98.01,-,-0.311,0.0831,-22.2066,loss_of_function,-4.75013824650229,0.7798,pathogenic,10.1101/2022.10.22.513328; 37085483
Q136P,4.13435,6.42551,4.419835994777968,Destabilizing,Destabilizing,0.12984,0.03081,Neutral,-0.01152,Neutral,0.22706,-0.04386,Neutral,31.9,,,0.964,"cBioPortal,COSMIC,somatic_muts,clinvar",,False,31.9,,,,neutral,neutral,neutral,DOWN,neutral,neutral,neutral,580807,Uncertain significance,1,98.01,-,-0.4657,0.0831,-22.2066,loss_of_function,-7.55484873899529,0.9437,pathogenic,10.1101/2022.10.22.513328; 37085483
Q136R,-0.40162,0.46565,0.0184940161526259,Neutral,Neutral,-0.42498,0.08188,Neutral,0.1764,Neutral,-0.02822,0.10079,Neutral,31.9,,,0.877,"COSMIC,somatic_muts",,False,31.9,,,,neutral,neutral,neutral,UP,neutral,neutral,stabilizing,,,,98.01,-,-0.2441,0.0831,-6.5969,loss_of_function,-3.00005215368022,0.6506,pathogenic,10.1101/2022.10.22.513328; 37085483
L137E,0.83802,-6.44524,2.7615838765634853,Uncertain,Uncertain,0.49008,0.07317,Neutral,-0.0674,Neutral,0.06217,0.01463,Neutral,36.0,,,,clinvar,,False,36.0,,,,neutral,neutral,neutral,DOWN,neutral,neutral,stabilizing,1713937,Uncertain significance,1,96.93,T,-0.4025,1.1568,-22.2066,loss_of_function,-6.5824339581492,0.98,pathogenic,10.1101/2022.10.22.513328
L137M,0.50434,0.73265,1.3649760084486835,Neutral,Neutral,0.03482,-0.10643,Neutral,-0.01775,Neutral,0.08785,-0.00701,Neutral,36.0,,,0.637,"COSMIC,somatic_muts",,False,36.0,,,,neutral,neutral,neutral,-,uncertain,uncertain,uncertain,,,,96.93,T,-0.1248,1.1568,-5.4594,loss_of_function,-0.737629429540157,0.3219,benign,10.1101/2022.10.22.513328; 37085483
L137P,-1.14893,-0.40816,4.063805023209041,Neutral,Uncertain,0.12628,-0.1439,Neutral,0.06092,Neutral,0.06468,0.23729,Neutral,36.0,,,0.950,"COSMIC,somatic_muts",,False,36.0,,,,neutral,neutral,neutral,DOWN,neutral,neutral,stabilizing,,,,96.93,T,-0.3963,1.1568,-22.2066,loss_of_function,-4.98533951832152,0.9377,pathogenic,10.1101/2022.10.22.513328; 37085483
L137Q,1.04974,0.09082,2.478896124015224,Neutral,Uncertain,0.15844,-0.28952,Neutral,-0.00922,Neutral,0.14591,0.13799,Neutral,36.0,,,0.951,"cBioPortal,COSMIC,somatic_muts",,False,36.0,,,,neutral,neutral,neutral,DOWN,neutral,neutral,stabilizing,,,,96.93,T,-0.3337,1.1568,-22.2066,loss_of_function,-6.23359532734253,0.9075,pathogenic,10.1101/2022.10.22.513328; 37085483
L137V,1.63022,-0.41905,1.5711620943793454,Neutral,Neutral,0.00268,0.20299,Neutral,-0.01807,Neutral,0.06417,0.24343,Neutral,36.0,,,0.731,"cBioPortal,COSMIC,somatic_muts,clinvar",,False,36.0,,,,neutral,neutral,neutral,DOWN,neutral,neutral,stabilizing,1005829,Uncertain significance,1,96.93,T,-0.1504,1.1568,-7.9188,loss_of_function,-2.4585383477174,0.4695,ambiguous,10.1101/2022.10.22.513328; 37085483
A138D,0.32154,0.21633,0.7559736671299035,Neutral,Neutral,0.21236,0.02132,Neutral,,Uncertain,0.06139,0.05757,Neutral,44.4,,,0.901,"COSMIC,somatic_muts,clinvar",,True,44.4,,,,neutral,neutral,neutral,UP,neutral,neutral,stabilizing,528270,Uncertain significance,1,95.45,T,-0.4016,0.2233,-22.2066,loss_of_function,-3.70793948350202,0.9364,pathogenic,10.1101/2022.10.22.513328; 37085483
A138G,-1.1969,-0.16361,1.054603384145372,Neutral,Neutral,-0.0103,-0.07072,Neutral,,Uncertain,-6e-05,0.02034,Neutral,44.4,,,,clinvar,,True,44.4,,,,neutral,neutral,neutral,DOWN,neutral,neutral,neutral,1375764,Uncertain significance,1,95.45,T,-0.2313,0.2233,-6.1115,loss_of_function,-2.94024134866916,0.2073,benign,10.1101/2022.10.22.513328; 37085483
A138P,5.45609,7.73469,4.627770171221917,Destabilizing,Destabilizing,0.13278,0.0941,Neutral,,Uncertain,-0.05842,0.14942,Neutral,44.4,,,0.949,"cBioPortal,COSMIC,germline_muts,somatic_muts,clinvar",,True,44.4,,,,neutral,neutral,neutral,UP,neutral,neutral,stabilizing,12376,Pathogenic/Likely pathogenic,2,95.45,T,-0.4413,0.2233,-22.2066,loss_of_function,-7.56742875363704,0.9887,pathogenic,10.1101/2022.10.22.513328; 37085483
A138S,-0.30959,0.27245,0.8717111261708851,Neutral,Neutral,-0.0387,0.04036,Neutral,,Uncertain,-0.02317,0.03062,Neutral,44.4,,,0.911,"COSMIC,germline_muts",,True,44.4,,,,neutral,neutral,neutral,-,uncertain,uncertain,uncertain,,,,95.45,T,-0.2087,0.2233,-7.3339,loss_of_function,-2.23612043909446,0.174,benign,10.1101/2022.10.22.513328; 37085483
A138T,-0.46513,0.32279,0.8360547712690675,Neutral,Neutral,0.00686,0.05863,Neutral,,Uncertain,0.00066,-0.00908,Neutral,44.4,,,0.910,"cBioPortal,COSMIC,somatic_muts,clinvar",,True,44.4,,,,neutral,neutral,neutral,UP,neutral,neutral,stabilizing,1053218,Uncertain significance,1,95.45,T,-0.2905,0.2233,-22.2066,loss_of_function,-4.55908750981123,0.7817,pathogenic,10.1101/2022.10.22.513328; 37085483
A138V,0.47333,3.83367,0.4386978617868081,Uncertain,Neutral,0.00486,-0.24522,Neutral,,Uncertain,-0.00913,-0.06823,Neutral,44.4,,0.0,0.870,"cBioPortal,COSMIC,germline_muts,somatic_muts,clinvar",,True,44.4,,,,neutral,neutral,neutral,UP,neutral,neutral,stabilizing,184863,Conflicting interpretations of pathogenicity,1,95.45,T,-0.2876,0.2233,-22.2066,loss_of_function,-6.7213668870673,0.9331,pathogenic,10.1101/2022.10.22.513328; 37085483
K139E,0.31594,-0.31293,0.6393626314760888,Neutral,Neutral,,,Uncertain,,Uncertain,,,Uncertain,57.0,,,0.844,"cBioPortal,COSMIC,somatic_muts,clinvar",,True,57.0,,,,neutral,neutral,neutral,DOWN,neutral,neutral,stabilizing,658923,Uncertain significance,1,96.64,-,-0.3402,0.0758,-22.2066,loss_of_function,-5.50675267393172,0.9567,pathogenic,10.1101/2022.10.22.513328; 37085483
K139N,0.82237,0.37381,0.5538918004787219,Neutral,Neutral,,,Uncertain,,Uncertain,,,Uncertain,57.0,,,0.730,"cBioPortal,COSMIC,somatic_muts,clinvar",,True,57.0,,,,neutral,neutral,neutral,DOWN,neutral,neutral,stabilizing,584923,Uncertain significance,2,96.64,-,-0.3336,0.0758,-22.2066,loss_of_function,-5.9949319493192,0.9818,pathogenic,10.1101/2022.10.22.513328; 37085483
K139Q,0.30993,-0.50374,0.5341189937179666,Neutral,Neutral,,,Uncertain,,Uncertain,,,Uncertain,57.0,,,0.768,"COSMIC,somatic_muts,clinvar",,True,57.0,,,,neutral,neutral,neutral,DOWN,neutral,neutral,stabilizing,1692473,Uncertain significance,2,96.64,-,-0.2468,0.0758,-8.9187,loss_of_function,-3.759511359164,0.772,pathogenic,10.1101/2022.10.22.513328; 37085483
K139R,-0.04737,-0.77109,0.0200389356248054,Neutral,Neutral,,,Uncertain,,Uncertain,,,Uncertain,57.0,,,0.760,"COSMIC,somatic_muts,clinvar",,True,57.0,,,,neutral,neutral,neutral,-,uncertain,uncertain,uncertain,1500748,Uncertain significance,1,96.64,-,-0.1731,0.0758,-7.3339,loss_of_function,-2.05403664958797,0.174,benign,10.1101/2022.10.22.513328; 37085483
K139T,0.69728,-0.0449,0.5390691586897828,Neutral,Neutral,,,Uncertain,,Uncertain,,,Uncertain,57.0,,,0.800,"cBioPortal,COSMIC,somatic_muts,clinvar",,True,57.0,,,,neutral,neutral,neutral,DOWN,neutral,neutral,stabilizing,1338658,Uncertain significance,2,96.64,-,-0.3373,0.0758,-22.2066,loss_of_function,-4.58963231057883,0.8955,pathogenic,10.1101/2022.10.22.513328; 37085483
T140A,1.40265,0.49762,0.4274114773743992,Neutral,Neutral,,,Uncertain,,Uncertain,,,Uncertain,43.8,,,0.806,"cBioPortal,somatic_muts,clinvar",,True,43.8,,,,uncertain,,,DOWN,neutral,neutral,stabilizing,644101,Uncertain significance,1,97.02,-,-0.2282,0.2014,-7.3339,loss_of_function,-1.68949918052894,0.559,ambiguous,10.1101/2022.10.22.513328; 37085483
T140I,1.01066,-0.42857,-0.7347657202798713,Neutral,Neutral,,,Uncertain,,Uncertain,,,Uncertain,43.8,,,0.842,"cBioPortal,COSMIC,somatic_muts",,True,43.8,,,,uncertain,,,UP,neutral,neutral,stabilizing,,,,97.02,-,-0.33,0.2014,-22.2066,loss_of_function,-4.78355061393865,0.9262,pathogenic,10.1101/2022.10.22.513328; 37085483
T140N,1.76833,0.19864,0.1192746528015248,Neutral,Neutral,,,Uncertain,,Uncertain,,,Uncertain,43.8,,,0.783,"cBioPortal,COSMIC,clinvar",,True,43.8,,,,uncertain,,,-,uncertain,uncertain,uncertain,185918,Uncertain significance,1,97.02,-,-0.2919,0.2014,-8.9187,loss_of_function,-5.50005840003409,0.7784,pathogenic,10.1101/2022.10.22.513328; 37085483
T140P,-0.03319,-0.33265,0.8318661846164871,Neutral,Neutral,,,Uncertain,,Uncertain,,,Uncertain,43.8,,,,somatic_muts,,True,43.8,,,,uncertain,,,-,uncertain,uncertain,uncertain,,,,97.02,-,-0.3887,0.2014,-6.5969,loss_of_function,-3.39200897491382,0.3055,benign,10.1101/2022.10.22.513328
T140S,1.11626,1.29048,0.5674545796068478,Neutral,Neutral,,,Uncertain,,Uncertain,,,Uncertain,43.8,,,,"somatic_muts,clinvar",,True,43.8,,,,neutral,,,DOWN,neutral,neutral,stabilizing,1525853,Uncertain significance,1,97.02,-,-0.2,0.2014,-8.9187,loss_of_function,-0.782318311586425,0.6699,pathogenic,10.1101/2022.10.22.513328; 37085483
C141A,1.00034,0.13912,0.6699051409777307,Neutral,Neutral,,,,,,,,,0.0,,,,"COSMIC,somatic_muts",,True,0.0,,,,neutral,neutral,neutral,DOWN,neutral,neutral,neutral,,,,97.5,E,-0.4493,0.4684,-22.2096,loss_of_function,-4.49506374661009,0.8948,pathogenic,10.1101/2022.10.22.513328; 37085483
C141F,10.99424,7.87313,0.3913569695418606,Destabilizing,Uncertain,,,,,,,,,0.0,,,0.880,"cBioPortal,COSMIC,somatic_muts,clinvar",,True,0.0,,,,neutral,neutral,neutral,UP,neutral,neutral,neutral,376568,Conflicting interpretations of pathogenicity,1,97.5,E,-0.4432,0.4684,-22.2096,loss_of_function,-5.3511347302336,0.8882,pathogenic,10.1101/2022.10.22.513328; 37085483
C141G,3.0761,5.64456,2.7489176822930053,Destabilizing,Uncertain,,,,,,,,,0.0,,,0.859,"cBioPortal,COSMIC,somatic_muts,clinvar",,True,0.0,,,,neutral,neutral,neutral,DOWN,neutral,neutral,neutral,376566,Likely pathogenic,0,97.5,E,-0.4417,0.4684,-22.2096,loss_of_function,-7.47567734522593,0.906,pathogenic,10.1101/2022.10.22.513328; 37085483
C141R,8.3588,6.74524,1.7981755158897827,Destabilizing,Uncertain,,,,,,,,,0.0,,,0.861,"cBioPortal,COSMIC,somatic_muts,clinvar",,True,0.0,,,,neutral,neutral,neutral,UP,neutral,neutral,neutral,376565,Conflicting interpretations of pathogenicity,1,97.5,E,-0.5015,0.4684,-22.2096,loss_of_function,-7.47567734522593,0.9943,pathogenic,10.1101/2022.10.22.513328; 37085483
C141S,1.59905,1.56701,1.5547814249819816,Neutral,Neutral,,,,,,,,,0.0,,,"0.790, 0.813","cBioPortal,COSMIC,somatic_muts,clinvar",,True,0.0,,,,neutral,neutral,neutral,DOWN,neutral,neutral,neutral,376567,Likely pathogenic,0,97.5,E,-0.3477,0.4684,-4.1145,loss_of_function,-2.43914295419929,0.8319,pathogenic,10.1101/2022.10.22.513328; 37085483
C141W,26.56516,3.90986,1.3331278005263574,Destabilizing,Uncertain,,,,,,,,,0.0,,,0.808,"cBioPortal,COSMIC,germline_muts,somatic_muts,clinvar",,True,0.0,,,,neutral,neutral,neutral,UP,neutral,neutral,neutral,376564,Conflicting interpretations of pathogenicity,1,97.5,E,-0.4464,0.4684,-22.2096,loss_of_function,-6.35585448522327,0.9877,pathogenic,10.1101/2022.10.22.513328; 37085483
C141Y,12.9355,2.11054,1.0257867947424066,Uncertain,Uncertain,,,,,,,,,0.0,,,0.897,"cBioPortal,COSMIC,germline_muts,somatic_muts,clinvar",,True,0.0,,,,neutral,neutral,neutral,UP,neutral,neutral,neutral,140801,Pathogenic,2,97.5,E,-0.3847,0.4684,-8.9217,loss_of_function,-2.49137110623133,0.9774,pathogenic,10.1101/2022.10.22.513328; 37085483
P142A,1.90591,2.06803,-0.072799611848901,Uncertain,Neutral,,,Uncertain,,Uncertain,,,Uncertain,20.1,,,0.901,"COSMIC,somatic_muts",,True,20.1,,,,neutral,neutral,neutral,DOWN,neutral,neutral,destabilizing,,,,97.23,E,-0.3162,0.1232,-22.2096,loss_of_function,-6.68937636218592,0.6572,pathogenic,10.1101/2022.10.22.513328; 37085483
P142F,2.28928,3.08503,-0.2779371069435171,Uncertain,Uncertain,,,Uncertain,,Uncertain,,,Uncertain,20.1,,,,"cBioPortal,COSMIC,somatic_muts",,True,20.1,,,,neutral,neutral,neutral,UP,neutral,neutral,neutral,,,,97.23,E,-0.3773,0.1232,-22.2096,loss_of_function,-7.11434995405517,0.9934,pathogenic,10.1101/2022.10.22.513328; 37085483
P142H,3.81228,3.55408,-0.1047843330339204,Destabilizing,Uncertain,,,Uncertain,,Uncertain,,,Uncertain,20.1,,,0.914,"COSMIC,somatic_muts",,True,20.1,,,,neutral,neutral,neutral,UP,neutral,neutral,neutral,,,,97.23,E,-0.3549,0.1232,-22.2096,loss_of_function,-6.89061955736869,0.9499,pathogenic,10.1101/2022.10.22.513328; 37085483
P142L,1.29286,2.19966,-0.2963464675991661,Uncertain,Neutral,,,Uncertain,,Uncertain,,,Uncertain,20.1,,3.9800678204e-06,0.879,"cBioPortal,COSMIC,somatic_muts,clinvar",,True,20.1,,,,neutral,neutral,neutral,UP,neutral,neutral,neutral,864520,Uncertain significance,1,97.23,E,-0.289,0.1232,-7.3368,loss_of_function,-4.58121343403265,0.8091,pathogenic,10.1101/2022.10.22.513328; 37085483
P142R,1.92975,1.67075,0.1212653566123073,Neutral,Neutral,,,Uncertain,,Uncertain,,,Uncertain,20.1,,,0.907,"cBioPortal,somatic_muts",,True,20.1,,,,neutral,neutral,neutral,UP,neutral,neutral,neutral,,,,97.23,E,-0.386,0.1232,-22.2096,loss_of_function,-7.02887704815977,0.9261,pathogenic,10.1101/2022.10.22.513328; 37085483
P142S,2.92672,2.56327,0.3663358025711893,Uncertain,Uncertain,,,Uncertain,,Uncertain,,,Uncertain,20.1,,,0.887,"cBioPortal,COSMIC,somatic_muts,clinvar",,True,20.1,,,,neutral,neutral,neutral,DOWN,neutral,neutral,destabilizing,824720,Uncertain significance,2,97.23,E,-0.3159,0.1232,-22.2096,loss_of_function,-6.24313249476341,0.8928,pathogenic,10.1101/2022.10.22.513328; 37085483
P142T,2.23884,2.12823,0.3233823095745447,Uncertain,Uncertain,,,Uncertain,,Uncertain,,,Uncertain,20.1,,,0.891,"COSMIC,somatic_muts",,True,20.1,,,,neutral,neutral,neutral,-,uncertain,uncertain,uncertain,,,,97.23,E,-0.328,0.1232,-22.2096,loss_of_function,-7.06923434007735,0.8496,pathogenic,10.1101/2022.10.22.513328; 37085483
V143A,3.67856,3.42211,3.3861192825869493,Destabilizing,Destabilizing,,,,,,,,,0.0,,,0.574,"cBioPortal,COSMIC,germline_muts,somatic_muts,clinvar",,True,0.0,,,,neutral,neutral,neutral,DOWN,neutral,neutral,neutral,804214,Likely pathogenic,3,98.15,E,-0.2549,1.0422,-22.2096,loss_of_function,-5.41695611372048,0.9245,pathogenic,10.1101/2022.10.22.513328; 37085483
V143E,3.54247,4.54966,4.448625685372489,Destabilizing,Destabilizing,,,,,,,,,0.0,,,0.683,"cBioPortal,COSMIC,somatic_muts",,True,0.0,,,,neutral,neutral,neutral,-,uncertain,uncertain,uncertain,,,,98.15,E,-0.3788,1.0422,-22.2096,loss_of_function,-7.13843299043174,0.997,pathogenic,10.1101/2022.10.22.513328; 37085483
V143G,5.19089,5.66667,5.493084301169207,Destabilizing,Destabilizing,,,,,,,,,0.0,,,0.692,"cBioPortal,COSMIC,somatic_muts,clinvar",,True,0.0,,,,neutral,neutral,neutral,DOWN,neutral,neutral,neutral,486556,Uncertain significance,2,98.15,E,-0.3807,1.0422,-22.2096,loss_of_function,-7.13843299043174,0.9773,pathogenic,10.1101/2022.10.22.513328; 37085483
V143L,-1.0585,0.91395,1.1537061916997944,Neutral,Neutral,,,,,,,,,0.0,,,0.607,"cBioPortal,COSMIC,somatic_muts,clinvar",,True,0.0,,,,neutral,neutral,neutral,UP,neutral,neutral,neutral,185729,Uncertain significance,2,98.15,E,-0.1775,1.0422,-6.9218,loss_of_function,-2.09599099504191,0.5804,pathogenic,10.1101/2022.10.22.513328; 37085483
V143M,-0.64318,2.14184,1.9981669608367056,Uncertain,Neutral,,,,,,,,,0.0,,,0.659,"cBioPortal,COSMIC,germline_muts,somatic_muts,clinvar",,True,0.0,,,,neutral,neutral,neutral,UP,neutral,neutral,neutral,142657,Conflicting interpretations of pathogenicity,1,98.15,E,-0.1968,1.0422,-8.9217,loss_of_function,-2.51110586768785,0.6458,pathogenic,10.1101/2022.10.22.513328; 37085483
Q144H,0.46041,0.52925,-0.5822260348915698,Neutral,Neutral,,,Uncertain,,Uncertain,,,Uncertain,21.6,,,0.708,"cBioPortal,COSMIC,somatic_muts,clinvar",,True,21.6,,,,neutral,neutral,neutral,UP,neutral,neutral,neutral,376648,Uncertain significance,1,97.6,E,-0.1458,0.8595,-7.3398,loss_of_function,-3.77890391248845,0.628,pathogenic,10.1101/2022.10.22.513328; 37085483
Q144K,-1.22399,0.58129,0.1852968053491571,Neutral,Neutral,,,Uncertain,,Uncertain,,,Uncertain,21.6,,,0.763,"COSMIC,somatic_muts",,True,21.6,,,,neutral,neutral,neutral,UP,neutral,neutral,neutral,,,,97.6,E,-0.186,0.8595,-8.9247,loss_of_function,-3.95325504913402,0.335,benign,10.1101/2022.10.22.513328; 37085483
Q144L,-1.64714,-0.67109,-0.9952690151286236,Neutral,Neutral,,,Uncertain,,Uncertain,,,Uncertain,21.6,,,0.764,"cBioPortal,COSMIC,germline_muts,somatic_muts,clinvar",,True,21.6,,,,neutral,neutral,neutral,UP,neutral,neutral,neutral,376647,Uncertain significance,3,97.6,E,-0.1541,0.8595,-5.4654,loss_of_function,-3.41436173687567,0.344,ambiguous,10.1101/2022.10.22.513328; 37085483
Q144P,0.72571,2.5585,2.496697807844045,Uncertain,Uncertain,,,Uncertain,,Uncertain,,,Uncertain,21.6,,,0.801,"cBioPortal,COSMIC,somatic_muts,clinvar",,True,21.6,,,,neutral,neutral,neutral,DOWN,neutral,neutral,neutral,186594,Conflicting interpretations of pathogenicity,1,97.6,E,-0.3943,0.8595,-22.2125,loss_of_function,-6.98438276993221,0.9497,pathogenic,10.1101/2022.10.22.513328; 37085483
Q144R,-0.82807,1.13231,-0.2119840523690874,Neutral,Neutral,,,Uncertain,,Uncertain,,,Uncertain,21.6,,,0.751,"COSMIC,somatic_muts,clinvar",,True,21.6,,,,neutral,neutral,neutral,UP,neutral,neutral,neutral,2080519,Uncertain significance,1,97.6,E,-0.1846,0.8595,-8.9247,loss_of_function,-4.06059577501546,0.3028,benign,10.1101/2022.10.22.513328; 37085483
L145M,-0.52022,0.85544,1.147892824847307,Neutral,Neutral,,,,,,,,,0.5,,,0.505,"COSMIC,somatic_muts",,False,0.5,,,,neutral,neutral,neutral,-,uncertain,uncertain,uncertain,,,,97.97,E,-0.077,1.5915,-3.9248,loss_of_function,-1.64445050242912,0.2145,benign,10.1101/2022.10.22.513328; 37085483
L145P,6.19688,4.97823,7.1777254718929,Destabilizing,Destabilizing,,,,,,,,,0.5,,0.0,0.818,"cBioPortal,COSMIC,somatic_muts,clinvar",,False,0.5,,,,neutral,neutral,neutral,DOWN,neutral,neutral,neutral,142050,Conflicting interpretations of pathogenicity,1,97.97,E,-0.2885,1.5915,-8.9247,loss_of_function,-4.11807604586948,0.9946,pathogenic,10.1101/2022.10.22.513328; 37085483
L145Q,3.02432,1.79184,2.648115488158426,Uncertain,Uncertain,,,,,,,,,0.5,,,0.846,"cBioPortal,COSMIC,somatic_muts,clinvar",,False,0.5,,,,neutral,neutral,neutral,DOWN,neutral,neutral,neutral,480760,Pathogenic/Likely pathogenic,2,97.97,E,-0.2937,1.5915,-22.2125,loss_of_function,-6.46205310741211,0.9799,pathogenic,10.1101/2022.10.22.513328; 37085483
L145R,6.64407,5.87959,3.535144573609464,Destabilizing,Destabilizing,,,,,,,,,0.5,,,0.845,"cBioPortal,COSMIC,somatic_muts,clinvar",,False,0.5,,,,neutral,neutral,neutral,UP,neutral,neutral,neutral,1027110,Uncertain significance,1,97.97,E,-0.2853,1.5915,-8.9247,loss_of_function,-6.46205310741211,0.9863,pathogenic,10.1101/2022.10.22.513328; 37085483
L145V,1.63522,0.73605,1.286604929823269,Neutral,Neutral,,,,,,,,,0.5,,,0.462,"COSMIC,somatic_muts",,False,0.5,,,,neutral,neutral,neutral,DOWN,neutral,neutral,neutral,,,,97.97,E,-0.0848,1.5915,-2.9024,loss_of_function,-0.436000769096075,0.1076,benign,10.1101/2022.10.22.513328; 37085483
W146C,1.14706,2.63878,3.338325922896407,Uncertain,Uncertain,,,Uncertain,,Uncertain,,,Uncertain,29.3,,,0.629,"cBioPortal,COSMIC,somatic_muts,clinvar",,False,29.3,,,,neutral,neutral,neutral,DOWN,neutral,neutral,neutral,"1740219, 824855","Uncertain significance, Uncertain significance","1, 2",97.91,E,-0.3418,1.8527,-22.2096,loss_of_function,-4.39907503912101,0.6342,pathogenic,10.1101/2022.10.22.513328; 37085483
W146G,2.47372,4.04422,4.507619061395387,Uncertain,Uncertain,,,Uncertain,,Uncertain,,,Uncertain,29.3,,,0.536,"cBioPortal,COSMIC,clinvar",,False,29.3,,,,neutral,neutral,neutral,DOWN,neutral,neutral,neutral,186587,Uncertain significance,3,97.91,E,-0.3912,1.8527,-22.2096,loss_of_function,-4.88435409899919,0.5479,ambiguous,10.1101/2022.10.22.513328; 37085483
W146L,-0.39415,0.79082,1.7034899722023324,Neutral,Neutral,,,Uncertain,,Uncertain,,,Uncertain,29.3,,,,somatic_muts,,False,29.3,,,,neutral,neutral,neutral,DOWN,neutral,neutral,neutral,,,,97.91,E,-0.2574,1.8527,-3.3983,loss_of_function,-0.453222983900895,0.3508,ambiguous,10.1101/2022.10.22.513328
W146R,1.21102,1.89252,2.634369861970982,Neutral,Uncertain,,,Uncertain,,Uncertain,,,Uncertain,29.3,,,0.464,"COSMIC,somatic_muts",,False,29.3,,,,neutral,neutral,neutral,DOWN,neutral,neutral,neutral,,,,97.91,E,-0.3031,1.8527,-5.2214,loss_of_function,-1.04959842261786,0.5671,pathogenic,10.1101/2022.10.22.513328; 37085483
W146S,2.23551,3.19558,3.673958362751385,Uncertain,Uncertain,,,Uncertain,,Uncertain,,,Uncertain,29.3,,,0.521,"cBioPortal,COSMIC,somatic_muts",,False,29.3,,,,neutral,neutral,neutral,DOWN,neutral,neutral,neutral,,,,97.91,E,-0.4041,1.8527,-22.2096,loss_of_function,-3.56781936813426,0.3925,ambiguous,10.1101/2022.10.22.513328; 37085483
V147A,1.7211,1.21633,2.4320840305275286,Neutral,Uncertain,,,,,,,,,6.7,,,0.812,"cBioPortal,COSMIC,somatic_muts,clinvar",,True,6.7,,,,neutral,neutral,neutral,DOWN,neutral,neutral,neutral,842812,Uncertain significance,2,97.61,-,-0.3045,0.5036,-22.2096,loss_of_function,-4.29904961719234,0.5938,pathogenic,10.1101/2022.10.22.513328; 37085483
V147D,1.48812,2.20272,3.256957487040548,Uncertain,Uncertain,,,,,,,,,6.7,,,0.896,"cBioPortal,COSMIC,somatic_muts,clinvar",,True,6.7,,,,neutral,neutral,neutral,DOWN,neutral,neutral,neutral,1351017,Uncertain significance,1,97.61,-,-0.4711,0.5036,-22.2096,loss_of_function,-6.60001975419788,0.9858,pathogenic,10.1101/2022.10.22.513328; 37085483
V147E,1.60058,2.72449,2.9881222620670256,Uncertain,Uncertain,,,,,,,,,6.7,,,,"COSMIC,somatic_muts",,True,6.7,,,,neutral,neutral,neutral,-,uncertain,uncertain,uncertain,,,,97.61,-,-0.4284,0.5036,-22.2096,loss_of_function,-6.60001975419788,0.9668,pathogenic,10.1101/2022.10.22.513328; 37085483
V147F,2.25609,0.22483,0.1521263137623479,Uncertain,Uncertain,,,,,,,,,6.7,,,0.747,"COSMIC,somatic_muts",,True,6.7,,,,neutral,neutral,neutral,UP,neutral,neutral,destabilizing,,,,97.61,-,-0.3057,0.5036,-7.3368,loss_of_function,-1.76724972552787,0.6895,pathogenic,10.1101/2022.10.22.513328; 37085483
V147G,2.77782,2.6051,4.110423184777943,Uncertain,Uncertain,,,,,,,,,6.7,,,0.895,"cBioPortal,COSMIC,somatic_muts",,True,6.7,,,,neutral,neutral,neutral,DOWN,neutral,neutral,neutral,,,,97.61,-,-0.4303,0.5036,-22.2096,loss_of_function,-6.60001975419788,0.6169,pathogenic,10.1101/2022.10.22.513328; 37085483
V147I,-0.12943,-0.10986,0.0799707280776163,Neutral,Neutral,,,,,,,,,6.7,,,0.549,"COSMIC,germline_muts,somatic_muts,clinvar",,True,6.7,,,,neutral,neutral,neutral,UP,neutral,neutral,destabilizing,528255,Uncertain significance,1,97.61,-,-0.1671,0.5036,-7.9218,loss_of_function,-2.44074556637347,0.2039,benign,10.1101/2022.10.22.513328; 37085483
D148A,0.35296,0.95646,0.8278633448901684,Neutral,Neutral,,,Uncertain,,Uncertain,,,Uncertain,69.7,,,,"somatic_muts,clinvar",,True,69.7,,,,neutral,neutral,neutral,DOWN,neutral,neutral,neutral,485032,Uncertain significance,2,96.64,S,-0.0152,2.6864,-5.3369,loss_of_function,-0.334270581908593,0.1061,benign,10.1101/2022.10.22.513328; 37085483
D148E,0.11046,-0.09218,0.5077459874640613,Neutral,Neutral,,,Uncertain,,Uncertain,,,Uncertain,69.7,,,0.289,"cBioPortal,COSMIC,somatic_muts,clinvar",,True,69.7,,,,neutral,neutral,neutral,UP,neutral,neutral,neutral,1478891,Uncertain significance,1,96.64,S,0.0392,2.6864,-5.4624,gain_of_function,-0.292296604278704,0.1156,benign,10.1101/2022.10.22.513328; 37085483
D148G,0.52389,1.7102,1.295117609426989,Neutral,Neutral,,,Uncertain,,Uncertain,,,Uncertain,69.7,,,0.467,COSMIC,,True,69.7,,,,neutral,neutral,neutral,DOWN,neutral,neutral,neutral,,,,96.64,S,-0.0294,2.6864,-5.9218,loss_of_function,-1.80105349013127,0.1079,benign,10.1101/2022.10.22.513328; 37085483
D148H,0.65903,0.81837,0.2510624594952032,Neutral,Neutral,,,Uncertain,,Uncertain,,,Uncertain,69.7,,,0.482,"cBioPortal,COSMIC,somatic_muts",,True,69.7,,,,neutral,neutral,neutral,UP,neutral,neutral,neutral,,,,96.64,S,-0.1107,2.6864,-22.2096,loss_of_function,-2.84148321697135,0.1571,benign,10.1101/2022.10.22.513328; 37085483
D148N,-0.94688,0.42177,0.3873813083214666,Neutral,Neutral,,,Uncertain,,Uncertain,,,Uncertain,69.7,,,0.277,"cBioPortal,COSMIC,somatic_muts,clinvar",,True,69.7,,,,neutral,neutral,neutral,-,uncertain,uncertain,uncertain,568069,Uncertain significance,1,96.64,S,0.0222,2.6864,-4.5295,gain_of_function,-0.336671300426911,0.0719,benign,10.1101/2022.10.22.513328; 37085483
D148V,0.53167,1.1085,0.5277514644013437,Neutral,Neutral,,,Uncertain,,Uncertain,,,Uncertain,69.7,,,0.551,COSMIC,,True,69.7,,,,neutral,neutral,neutral,UP,neutral,neutral,neutral,,,,96.64,S,-0.1484,2.6864,-22.2096,loss_of_function,-1.36574732863833,0.1965,benign,10.1101/2022.10.22.513328; 37085483
D148Y,0.66416,0.14728,0.4321199749122123,Neutral,Neutral,,,Uncertain,,Uncertain,,,Uncertain,69.7,,3.9790859244e-06,0.531,"cBioPortal,COSMIC,somatic_muts,clinvar",,True,69.7,,,,neutral,neutral,neutral,UP,neutral,neutral,neutral,428863,Uncertain significance,2,96.64,S,-0.1463,2.6864,-22.2096,loss_of_function,-3.47422679014876,0.208,benign,10.1101/2022.10.22.513328; 37085483
S149F,-0.35851,-0.66701,-0.6584262940876418,Neutral,Neutral,,,Uncertain,,Uncertain,,,Uncertain,72.3,,,0.457,"COSMIC,somatic_muts,clinvar",P,True,72.3,-0.227,,,damaging,neutral,potentially_damaging,UP,neutral,neutral,destabilizing,486559,Uncertain significance,2,95.78,S,-0.0906,2.0855,-7.3398,loss_of_function,-2.29251350000616,0.1304,benign,10.1101/2022.10.22.513328; 37085483
S149P,1.37208,5.46122,2.2443936752847744,Uncertain,Uncertain,,,Uncertain,,Uncertain,,,Uncertain,72.3,,,0.558,"COSMIC,somatic_muts",P,True,72.3,-0.227,,,damaging,neutral,potentially_damaging,UP,neutral,neutral,destabilizing,,,,95.78,S,-0.2419,2.0855,-22.2125,loss_of_function,-3.23974064391757,0.5992,pathogenic,10.1101/2022.10.22.513328; 37085483
S149T,0.01936,-0.07551,-0.2078799617552185,Neutral,Neutral,,,Uncertain,,Uncertain,,,Uncertain,72.3,,,0.327,"COSMIC,somatic_muts",P,True,72.3,-0.227,,,neutral,neutral,potentially_damaging,UP,neutral,neutral,destabilizing,,,,95.78,S,0.0298,2.0855,-0.8587,gain_of_function,-1.28064812545963,0.0641,benign,10.1101/2022.10.22.513328; 37085483
S149Y,-0.23339,-0.87925,-0.6688268294279337,Neutral,Neutral,,,Uncertain,,Uncertain,,,Uncertain,72.3,,,0.448,"cBioPortal,COSMIC",P,True,72.3,-0.227,,,uncertain,neutral,potentially_damaging,UP,neutral,neutral,destabilizing,,,,95.78,S,-0.1713,2.0855,-22.2125,loss_of_function,-3.6432437730098,0.1357,benign,10.1101/2022.10.22.513328; 37085483
T150A,0.47616,0.6398,0.285851053634239,Neutral,Neutral,,,Uncertain,,Uncertain,,,Uncertain,70.3,,,0.333,COSMIC,P,True,70.3,-0.081,,,damaging,neutral,potentially_damaging,DOWN,neutral,neutral,stabilizing,,,,95.83,-,-0.04,2.0879,-4.4654,loss_of_function,-0.0583395233845751,0.0591,benign,10.1101/2022.10.22.513328; 37085483
T150I,-1.02151,-0.8119,-0.6865130309906375,Neutral,Neutral,,,Uncertain,,Uncertain,,,Uncertain,70.3,,,0.381,"COSMIC,somatic_muts,clinvar",P,True,70.3,-0.081,,,damaging,neutral,potentially_damaging,UP,neutral,neutral,neutral,1350373,Uncertain significance,1,95.83,-,-0.1564,2.0879,-22.2125,loss_of_function,-3.1252856324116,0.0817,benign,10.1101/2022.10.22.513328; 37085483
T150K,-0.60486,0.09354,0.279432073849587,Neutral,Neutral,,,Uncertain,,Uncertain,,,Uncertain,70.3,,,0.394,"COSMIC,somatic_muts",P,True,70.3,-0.081,,,damaging,neutral,potentially_damaging,UP,neutral,neutral,neutral,,,,95.83,-,-0.1407,2.0879,-7.9247,loss_of_function,-1.92414956095744,0.1507,benign,10.1101/2022.10.22.513328; 37085483
T150R,-1.1803,0.37177,-0.1041152989681659,Neutral,Neutral,,,Uncertain,,Uncertain,,,Uncertain,70.3,,,0.441,COSMIC,P,True,70.3,-0.081,,,damaging,neutral,potentially_damaging,UP,neutral,neutral,neutral,,,,95.83,-,-0.2165,2.0879,-22.2125,loss_of_function,-2.56508867935359,0.123,benign,10.1101/2022.10.22.513328; 37085483
P151A,3.17768,0.92109,-0.0402786838855473,Uncertain,Uncertain,,,,,,,,,0.0,,,0.889,"cBioPortal,COSMIC,germline_muts,somatic_muts,clinvar",,True,0.0,,,,neutral,neutral,neutral,DOWN,neutral,neutral,stabilizing,376641,Pathogenic,2,96.75,-,-0.3057,0.2371,-22.2096,loss_of_function,-4.63399215214883,0.6047,pathogenic,10.1101/2022.10.22.513328; 37085483
P151F,12.56048,2.21973,0.0883618340174785,Uncertain,Uncertain,,,,,,,,,0.0,,,,"cBioPortal,COSMIC,clinvar",,True,0.0,,,,neutral,neutral,neutral,UP,neutral,neutral,neutral,824960,Likely pathogenic,1,96.75,-,-0.3668,0.2371,-22.2096,loss_of_function,-6.4931966516819,0.9875,pathogenic,10.1101/2022.10.22.513328; 37085483
P151H,8.70669,3.56973,0.7448057964371024,Destabilizing,Uncertain,,,,,,,,,0.0,,,0.870,"cBioPortal,COSMIC,somatic_muts,clinvar",,True,0.0,,,,neutral,neutral,neutral,UP,neutral,neutral,neutral,376639,Uncertain significance,1,96.75,-,-0.2766,0.2371,-8.9217,loss_of_function,-6.83338577080362,0.992,pathogenic,10.1101/2022.10.22.513328; 37085483
P151L,2.17286,0.20442,-0.4521024134492046,Uncertain,Uncertain,,,,,,,,,0.0,,,0.771,"cBioPortal,COSMIC,somatic_muts",,True,0.0,,,,neutral,neutral,neutral,UP,neutral,neutral,neutral,,,,96.75,-,-0.2734,0.2371,-6.3369,loss_of_function,-3.56420144651336,0.5469,ambiguous,10.1101/2022.10.22.513328; 37085483
P151R,9.95465,4.68061,1.5077298412634672,Destabilizing,Uncertain,,,,,,,,,0.0,,,0.912,"cBioPortal,COSMIC,somatic_muts,clinvar",,True,0.0,,,,neutral,neutral,neutral,UP,neutral,neutral,neutral,376640,Pathogenic/Likely pathogenic,2,96.75,-,-0.3755,0.2371,-22.2096,loss_of_function,-6.73559736215129,0.9897,pathogenic,10.1101/2022.10.22.513328; 37085483
P151S,4.05396,1.90102,0.8926362936107635,Uncertain,Uncertain,,,,,,,,,0.0,,,0.898,"cBioPortal,COSMIC,germline_muts,somatic_muts,clinvar",,True,0.0,,,,neutral,neutral,neutral,DOWN,neutral,neutral,stabilizing,12370,Pathogenic/Likely pathogenic,2,96.75,-,-0.2325,0.2371,-7.9218,loss_of_function,-4.23585533397574,0.961,pathogenic,10.1101/2022.10.22.513328; 37085483
P151T,3.33702,0.55238,0.2948431741496149,Uncertain,Uncertain,,,,,,,,,0.0,,,0.911,"cBioPortal,COSMIC,germline_muts,somatic_muts,clinvar",,True,0.0,,,,neutral,neutral,neutral,-,uncertain,uncertain,uncertain,12369,Pathogenic/Likely pathogenic,2,96.75,-,-0.2497,0.2371,-8.9217,loss_of_function,-5.74914592533455,0.8944,pathogenic,10.1101/2022.10.22.513328; 37085483
P152A,2.46518,1.47449,0.2577871614753496,Uncertain,Uncertain,,,Uncertain,,Uncertain,,,Uncertain,49.8,,,0.803,"COSMIC,somatic_muts",,True,49.8,,,,neutral,neutral,neutral,DOWN,neutral,neutral,stabilizing,,,,96.44,-,-0.3216,0.0642,-22.2096,loss_of_function,-5.61534998839996,0.3011,benign,10.1101/2022.10.22.513328; 37085483
P152K,1.58552,1.52449,0.028872178437872,Neutral,Neutral,,,Uncertain,,Uncertain,,,Uncertain,49.8,,,,"cBioPortal,COSMIC",,True,49.8,,,,neutral,neutral,neutral,UP,neutral,neutral,neutral,,,,96.44,-,-0.3557,0.0642,-22.2096,loss_of_function,-7.28055381223327,0.7899,pathogenic,10.1101/2022.10.22.513328; 37085483
P152L,1.31947,0.92891,-0.1770700687507204,Neutral,Neutral,,,Uncertain,,Uncertain,,,Uncertain,49.8,,7.9594387004e-06,0.878,"cBioPortal,COSMIC,germline_muts,somatic_muts,clinvar",,True,49.8,,,,neutral,neutral,neutral,UP,neutral,neutral,neutral,142766,Pathogenic,3,96.44,-,-0.3026,0.0642,-8.9217,loss_of_function,-4.24497340682494,0.3559,ambiguous,10.1101/2022.10.22.513328; 37085483
P152Q,2.09415,1.62415,0.2570859723771523,Uncertain,Uncertain,,,Uncertain,,Uncertain,,,Uncertain,49.8,,,0.843,"cBioPortal,COSMIC,somatic_muts,clinvar",,True,49.8,,,,neutral,neutral,neutral,UP,neutral,neutral,neutral,1058730,Uncertain significance,2,96.44,-,-0.35,0.0642,-22.2096,loss_of_function,-5.21034163519331,0.5994,pathogenic,10.1101/2022.10.22.513328; 37085483
P152R,1.42753,1.16871,-0.0963182562554654,Neutral,Neutral,,,Uncertain,,Uncertain,,,Uncertain,49.8,,,0.853,"cBioPortal,COSMIC,germline_muts,somatic_muts,clinvar",,True,49.8,,,,neutral,neutral,neutral,UP,neutral,neutral,neutral,824998,Pathogenic/Likely pathogenic,2,96.44,-,-0.3914,0.0642,-22.2096,loss_of_function,-7.52848769412826,0.6385,pathogenic,10.1101/2022.10.22.513328; 37085483
P152S,2.73687,1.91395,0.3293357893038257,Uncertain,Uncertain,,,Uncertain,,Uncertain,,,Uncertain,49.8,,3.9791175909e-06,0.863,"cBioPortal,COSMIC,somatic_muts,clinvar",,True,49.8,,,,neutral,neutral,neutral,DOWN,neutral,neutral,stabilizing,482230,Conflicting interpretations of pathogenicity,1,96.44,-,-0.3213,0.0642,-22.2096,loss_of_function,-5.6228131894386,0.4796,ambiguous,10.1101/2022.10.22.513328; 37085483
P152T,3.24013,1.81429,0.4101083568192265,Uncertain,Uncertain,,,Uncertain,,Uncertain,,,Uncertain,49.8,,,0.866,"cBioPortal,COSMIC,somatic_muts",,True,49.8,,,,neutral,neutral,neutral,-,uncertain,uncertain,uncertain,,,,96.44,-,-0.3335,0.0642,-22.2096,loss_of_function,-5.99199484505145,0.4973,ambiguous,10.1101/2022.10.22.513328; 37085483
P153A,0.94448,1.13061,0.0187599504912705,Neutral,Neutral,,,Uncertain,,Uncertain,,,Uncertain,98.6,,,0.369,COSMIC,,False,98.6,,,,neutral,neutral,neutral,DOWN,neutral,neutral,stabilizing,,,,96.11,T,-0.0671,1.8236,-4.0639,loss_of_function,-0.874315076869635,0.0565,benign,10.1101/2022.10.22.513328; 37085483
P153F,0.98823,1.52755,-0.141554940728531,Neutral,Neutral,,,Uncertain,,Uncertain,,,Uncertain,98.6,,,,"COSMIC,somatic_muts",,False,98.6,,,,neutral,neutral,neutral,UP,neutral,neutral,neutral,,,,96.11,T,-0.2208,1.8236,-22.2096,loss_of_function,-1.24668585809957,0.2715,benign,10.1101/2022.10.22.513328; 37085483
P153H,1.10498,1.35918,-0.361427739837008,Neutral,Neutral,,,Uncertain,,Uncertain,,,Uncertain,98.6,,,0.391,"cBioPortal,COSMIC",,False,98.6,,,,neutral,neutral,neutral,UP,neutral,neutral,neutral,,,,96.11,T,-0.1163,1.8236,-6.1145,loss_of_function,-1.71797211950995,0.1129,benign,10.1101/2022.10.22.513328; 37085483
P153L,1.07881,1.4085,-0.3587898926200222,Neutral,Neutral,,,Uncertain,,Uncertain,,,Uncertain,98.6,,,0.370,"cBioPortal,COSMIC,somatic_muts,clinvar",,False,98.6,,,,neutral,neutral,neutral,UP,neutral,neutral,neutral,645432,Uncertain significance,1,96.11,T,-0.1182,1.8236,-4.5295,loss_of_function,-1.05022549185284,0.0741,benign,10.1101/2022.10.22.513328; 37085483
P153S,1.10831,1.05918,-0.0645815185607112,Neutral,Neutral,,,Uncertain,,Uncertain,,,Uncertain,98.6,,,0.359,"cBioPortal,COSMIC,somatic_muts,clinvar",,False,98.6,,,,neutral,neutral,neutral,DOWN,neutral,neutral,stabilizing,422563,Uncertain significance,2,96.11,T,-0.0835,1.8236,-7.3368,loss_of_function,-2.15873427907793,0.0929,benign,10.1101/2022.10.22.513328; 37085483
P153T,1.0205,1.2466,0.0216956953628411,Neutral,Neutral,,,Uncertain,,Uncertain,,,Uncertain,98.6,,,0.382,"COSMIC,somatic_muts",,False,98.6,,,,neutral,neutral,neutral,-,uncertain,uncertain,uncertain,,,,96.11,T,-0.0957,1.8236,-7.3368,loss_of_function,-1.49432397380345,0.0862,benign,10.1101/2022.10.22.513328; 37085483
G154A,4.00961,1.7568,1.959213905345839,Uncertain,Uncertain,,,Uncertain,,Uncertain,,,Uncertain,93.9,,,0.728,COSMIC,,False,93.9,,,,neutral,neutral,neutral,UP,neutral,neutral,neutral,,,,96.41,T,-0.3571,0.2867,-22.2096,loss_of_function,-4.06697645914284,0.2768,benign,10.1101/2022.10.22.513328; 37085483
G154C,2.90679,2.38435,2.067285332044864,Uncertain,Uncertain,,,Uncertain,,Uncertain,,,Uncertain,93.9,,,0.715,"cBioPortal,COSMIC,clinvar",,False,93.9,,,,neutral,neutral,neutral,UP,neutral,neutral,neutral,1741887,Uncertain significance,1,96.41,T,-0.3491,0.2867,-8.9217,loss_of_function,-4.08463118414522,0.3408,ambiguous,10.1101/2022.10.22.513328; 37085483
G154D,4.16682,1.03299,1.0576717693505555,Uncertain,Uncertain,,,Uncertain,,Uncertain,,,Uncertain,93.9,,7.9595020536e-06,0.721,"cBioPortal,COSMIC,somatic_muts,clinvar",,False,93.9,,,,neutral,neutral,neutral,UP,neutral,neutral,neutral,237950,Uncertain significance,3,96.41,T,-0.3415,0.2867,-7.3368,loss_of_function,-1.7982562863318,0.261,benign,10.1101/2022.10.22.513328; 37085483
G154I,6.46721,5.92619,2.9640533095418977,Destabilizing,Uncertain,,,Uncertain,,Uncertain,,,Uncertain,93.9,,,,"cBioPortal,COSMIC,somatic_muts",,False,93.9,,,,neutral,neutral,neutral,UP,neutral,neutral,neutral,,,,96.41,T,-0.5007,0.2867,-22.2096,loss_of_function,-6.63131476926816,0.7892,pathogenic,10.1101/2022.10.22.513328; 37085483
G154R,3.25735,1.8017,1.088117290912442,Uncertain,Uncertain,,,Uncertain,,Uncertain,,,Uncertain,93.9,,,,"COSMIC,clinvar",,False,93.9,,,,neutral,neutral,neutral,UP,neutral,neutral,neutral,482229,Uncertain significance,2,96.41,T,-0.4337,0.2867,-22.2096,loss_of_function,-5.51523440597117,0.5843,pathogenic,10.1101/2022.10.22.513328; 37085483
G154S,4.42105,1.6051,1.663816804354398,Uncertain,Uncertain,,,Uncertain,,Uncertain,,,Uncertain,93.9,0.0001593371574251,3.9800678204e-06,0.638,"cBioPortal,COSMIC,somatic_muts,clinvar",,False,93.9,,,,neutral,neutral,neutral,UP,neutral,neutral,neutral,133284,Uncertain significance,2,96.41,T,-0.2799,0.2867,-5.9218,loss_of_function,-2.15790889825012,0.1525,benign,10.1101/2022.10.22.513328; 37085483
G154V,5.66715,5.38435,2.794378373574236,Destabilizing,Uncertain,,,Uncertain,,Uncertain,,,Uncertain,93.9,,,0.754,"cBioPortal,COSMIC,germline_muts,somatic_muts,clinvar",,False,93.9,,,,neutral,neutral,neutral,UP,neutral,neutral,neutral,651769,Uncertain significance,1,96.41,T,-0.4439,0.2867,-22.2096,loss_of_function,-6.63131476926816,0.5817,pathogenic,10.1101/2022.10.22.513328; 37085483
T155A,1.63016,0.49728,0.6596779797990304,Neutral,Neutral,,,,,,,,,1.2,,7.9589319113e-06,0.337,"cBioPortal,COSMIC,somatic_muts,clinvar",P,False,1.2,13.536,,,uncertain,damaging,uncertain,DOWN,neutral,neutral,neutral,458544,Conflicting interpretations of pathogenicity,1,98.18,-,-0.0844,1.4012,-0.7926,loss_of_function,-0.502175641617173,0.086,benign,10.1101/2022.10.22.513328; 37085483
T155F,8.15281,7.90578,3.0348388826194865,Destabilizing,Destabilizing,,,,,,,,,1.2,,,,cBioPortal,P,False,1.2,13.536,,,uncertain,neutral,uncertain,UP,neutral,neutral,neutral,,,,98.18,-,-0.301,1.4012,-22.2096,loss_of_function,-4.17937261647989,0.8902,pathogenic,10.1101/2022.10.22.513328; 37085483
T155I,1.41232,2.90952,0.1501123754147187,Uncertain,Neutral,,,,,,,,,1.2,,,0.597,"cBioPortal,COSMIC,germline_muts,somatic_muts,clinvar",P,False,1.2,13.536,,,uncertain,damaging,uncertain,UP,neutral,neutral,neutral,1005876,Uncertain significance,1,98.18,-,-0.2196,1.4012,-22.2096,loss_of_function,-4.0458363280804,0.833,pathogenic,10.1101/2022.10.22.513328; 37085483
T155L,2.01269,5.41939,0.6399025020922222,Uncertain,Uncertain,,,,,,,,,1.2,,,,COSMIC,P,False,1.2,13.536,,,uncertain,uncertain,uncertain,UP,neutral,neutral,neutral,,,,98.18,-,-0.2716,1.4012,-22.2096,loss_of_function,-3.85120811517604,0.581,pathogenic,10.1101/2022.10.22.513328; 37085483
T155N,4.86568,2.90476,1.4095893636369476,Uncertain,Uncertain,,,,,,,,,1.2,3.18775900542e-05,,"0.424, 0.548","cBioPortal,COSMIC,germline_muts,somatic_muts,clinvar",P,False,1.2,13.536,,,uncertain,neutral,uncertain,-,uncertain,uncertain,uncertain,406564,Conflicting interpretations of pathogenicity,1,98.18,-,-0.2493,1.4012,-22.2096,loss_of_function,-4.96926233526373,0.7722,pathogenic,10.1101/2022.10.22.513328; 37085483
T155P,2.44372,5.53061,5.060156574477813,Uncertain,Uncertain,,,,,,,,,1.2,,,0.581,"cBioPortal,COSMIC,somatic_muts",P,False,1.2,13.536,,,uncertain,uncertain,uncertain,-,uncertain,uncertain,uncertain,,,,98.18,-,-0.358,1.4012,-22.2096,loss_of_function,-5.80513631646375,0.9028,pathogenic,10.1101/2022.10.22.513328; 37085483
T155S,1.85333,1.6034,1.6367293432754575,Neutral,Neutral,,,,,,,,,1.2,3.18775900542e-05,,"0.359, 0.424","cBioPortal,COSMIC,somatic_muts,clinvar",P,False,1.2,13.536,,,neutral,damaging,uncertain,DOWN,neutral,neutral,neutral,186179,Conflicting interpretations of pathogenicity,1,98.18,-,-0.0588,1.4012,-2.8775,loss_of_function,-0.0793354338503833,0.0875,benign,10.1101/2022.10.22.513328; 37085483
R156C,0.42422,1.20952,1.7546541483037852,Neutral,Neutral,,,Uncertain,,Uncertain,,,Uncertain,27.0,,3.9795926489e-06,0.493,"cBioPortal,COSMIC,germline_muts,somatic_muts,clinvar",,False,27.0,,,,neutral,neutral,neutral,DOWN,neutral,neutral,destabilizing,127810,Conflicting interpretations of pathogenicity,1,98.07,E,-0.1596,1.8853,-5.4624,loss_of_function,-0.336239047499407,0.1809,benign,10.1101/2022.10.22.513328; 37085483
R156G,1.64932,2.35204,2.4561937570579886,Uncertain,Uncertain,,,Uncertain,,Uncertain,,,Uncertain,27.0,,,0.580,"cBioPortal,COSMIC,somatic_muts,clinvar",,False,27.0,,,,neutral,neutral,neutral,DOWN,neutral,neutral,destabilizing,1517870,Conflicting interpretations of pathogenicity,1,98.07,E,-0.2716,1.8853,-22.2096,loss_of_function,-2.72461497518018,0.6544,pathogenic,10.1101/2022.10.22.513328; 37085483
R156H,-0.06565,0.2585,0.9246029213914484,Neutral,Neutral,,,Uncertain,,Uncertain,,,Uncertain,27.0,,1.59192575258e-05,0.627,"cBioPortal,COSMIC,germline_muts,somatic_muts,clinvar",,False,27.0,,,,neutral,neutral,neutral,DOWN,neutral,neutral,destabilizing,127811,Uncertain significance,3,98.07,E,-0.1382,1.8853,-8.9217,loss_of_function,-1.69809690112553,0.1586,benign,10.1101/2022.10.22.513328; 37085483
R156L,-1.15866,0.23776,0.2458579309304076,Neutral,Neutral,,,Uncertain,,Uncertain,,,Uncertain,27.0,,,0.512,"cBioPortal,COSMIC,somatic_muts",,False,27.0,,,,neutral,neutral,neutral,DOWN,neutral,neutral,destabilizing,,,,98.07,E,-0.1539,1.8853,-5.5999,loss_of_function,-0.83890271459001,0.3339,benign,10.1101/2022.10.22.513328; 37085483
R156P,5.02486,5.04932,4.765348612826188,Destabilizing,Destabilizing,,,Uncertain,,Uncertain,,,Uncertain,27.0,,,0.609,"cBioPortal,COSMIC,germline_muts,somatic_muts,clinvar",,False,27.0,,,,neutral,neutral,neutral,DOWN,neutral,neutral,destabilizing,634768,Uncertain significance,2,98.07,E,-0.3783,1.8853,-22.2096,loss_of_function,-4.67495615038927,0.9793,pathogenic,10.1101/2022.10.22.513328; 37085483
R156S,1.20075,1.47721,1.7521963193108985,Neutral,Neutral,,,Uncertain,,Uncertain,,,Uncertain,27.0,,,0.523,"cBioPortal,COSMIC,somatic_muts,clinvar",,False,27.0,,,,neutral,neutral,neutral,DOWN,neutral,neutral,destabilizing,1742298,Uncertain significance,1,98.07,E,-0.169,1.8853,-8.9217,loss_of_function,-2.74605685958695,0.6905,pathogenic,10.1101/2022.10.22.513328; 37085483
V157A,3.7101,3.12789,2.76836933921183,Destabilizing,Uncertain,,,,,,,,,0.4,,,0.848,"cBioPortal,COSMIC,clinvar",,False,0.4,,,,neutral,neutral,neutral,DOWN,neutral,neutral,destabilizing,428887,Pathogenic/Likely pathogenic,2,98.41,E,-0.2201,1.4207,-22.2096,loss_of_function,-6.03177136945862,0.9464,pathogenic,10.1101/2022.10.22.513328; 37085483
V157D,3.27291,3.97211,4.146984570505198,Destabilizing,Destabilizing,,,,,,,,,0.4,,,0.863,"cBioPortal,COSMIC,germline_muts,somatic_muts,clinvar",,False,0.4,,,,neutral,neutral,neutral,DOWN,neutral,neutral,destabilizing,482231,Conflicting interpretations of pathogenicity,1,98.41,E,-0.3867,1.4207,-22.2096,loss_of_function,-6.54106190246927,0.9992,pathogenic,10.1101/2022.10.22.513328; 37085483
V157E,4.89001,3.81088,4.016492076183867,Destabilizing,Destabilizing,,,,,,,,,0.4,,,,COSMIC,,False,0.4,,,,neutral,neutral,neutral,-,uncertain,uncertain,uncertain,,,,98.41,E,-0.344,1.4207,-22.2096,loss_of_function,-6.54106190246927,0.9966,pathogenic,10.1101/2022.10.22.513328; 37085483
V157F,7.11044,3.47007,2.436083942639077,Destabilizing,Uncertain,,,,,,,,,0.4,,,0.708,"cBioPortal,COSMIC,germline_muts,somatic_muts,clinvar",,False,0.4,,,,neutral,neutral,neutral,UP,neutral,neutral,neutral,12353,Conflicting interpretations of pathogenicity,1,98.41,E,-0.2214,1.4207,-7.3368,loss_of_function,-3.18514303664848,0.9349,pathogenic,10.1101/2022.10.22.513328; 37085483
V157G,5.39919,5.43367,4.841118468184022,Destabilizing,Destabilizing,,,,,,,,,0.4,,,0.872,"cBioPortal,COSMIC,germline_muts,somatic_muts,clinvar",,False,0.4,,,,neutral,neutral,neutral,DOWN,neutral,neutral,destabilizing,915695,Uncertain significance,1,98.41,E,-0.3459,1.4207,-22.2096,loss_of_function,-6.54106190246927,0.9524,pathogenic,10.1101/2022.10.22.513328; 37085483
V157I,-0.88767,0.07483,-0.0010532058792545,Neutral,Neutral,,,,,,,,,0.4,,3.97921259341e-05,0.425,"cBioPortal,COSMIC,germline_muts,somatic_muts,clinvar",,False,0.4,,,,neutral,neutral,neutral,UP,neutral,neutral,neutral,185404,Likely benign,3,98.41,E,-0.0461,1.4207,-0.737,loss_of_function,-0.27683081420522,0.1052,benign,10.1101/2022.10.22.513328; 37085483
V157L,0.64629,1.77109,0.7091572306767635,Neutral,Neutral,,,,,,,,,0.4,,,0.546,"cBioPortal,COSMIC,somatic_muts,clinvar",,False,0.4,,,,neutral,neutral,neutral,UP,neutral,neutral,neutral,1515529,Uncertain significance,1,98.41,E,-0.1216,1.4207,-2.7926,loss_of_function,-1.65744017387142,0.6073,pathogenic,10.1101/2022.10.22.513328; 37085483
R158C,3.46246,1.92211,1.514710375887271,Uncertain,Uncertain,,,,,,,,,18.9,,7.9593753482e-06,0.835,"cBioPortal,COSMIC,germline_muts,somatic_muts,clinvar",,False,18.9,,,,neutral,neutral,neutral,DOWN,neutral,neutral,neutral,127812,Conflicting interpretations of pathogenicity,1,98.38,E,-0.409,0.1043,-22.2096,loss_of_function,-6.77998842762731,0.9622,pathogenic,10.1101/2022.10.22.513328; 37085483
R158F,10.82024,0.47041,0.5357180951415049,Uncertain,Uncertain,,,,,,,,,18.9,,,,"cBioPortal,COSMIC",,False,18.9,,,,neutral,neutral,neutral,UP,neutral,neutral,stabilizing,,,,98.38,E,-0.4323,0.1043,-22.2096,loss_of_function,-6.94790315070581,0.9992,pathogenic,10.1101/2022.10.22.513328; 37085483
R158G,4.22923,3.45816,2.9531911050141773,Destabilizing,Uncertain,,,,,,,,,18.9,,,0.862,"cBioPortal,COSMIC,germline_muts,somatic_muts,clinvar",,False,18.9,,,,neutral,neutral,neutral,DOWN,neutral,neutral,neutral,856171,Pathogenic,1,98.38,E,-0.4355,0.1043,-22.2096,loss_of_function,-7.8974356797228,0.9963,pathogenic,10.1101/2022.10.22.513328; 37085483
R158H,7.49214,1.63912,1.0388592153091802,Uncertain,Uncertain,,,,,,,,,18.9,,3.9798143815e-06,0.844,"cBioPortal,COSMIC,germline_muts,somatic_muts,clinvar",,False,18.9,,,,neutral,neutral,neutral,DOWN,neutral,neutral,neutral,141963,Pathogenic/Likely pathogenic,2,98.38,E,-0.2902,0.1043,-6.5999,loss_of_function,-4.0144422087353,0.9236,pathogenic,10.1101/2022.10.22.513328; 37085483
R158I,3.15202,0.17109,0.0081870579790865,Uncertain,Uncertain,,,,,,,,,18.9,,,,clinvar,,False,18.9,,,,neutral,neutral,neutral,DOWN,neutral,neutral,neutral,958850,Uncertain significance,1,98.38,E,-0.4295,0.1043,-22.2096,loss_of_function,-7.28243726462348,0.9971,pathogenic,10.1101/2022.10.22.513328; 37085483
R158L,1.54833,0.54422,0.0721768911790082,Neutral,Neutral,,,,,,,,,18.9,,3.9798143815e-06,0.891,"cBioPortal,COSMIC,germline_muts,somatic_muts,clinvar",,False,18.9,,,,neutral,neutral,neutral,DOWN,neutral,neutral,neutral,"568285, 528248","Pathogenic/Likely pathogenic, Pathogenic","2, 2",98.38,E,-0.4026,0.1043,-22.2096,loss_of_function,-7.28243726462348,0.9902,pathogenic,10.1101/2022.10.22.513328; 37085483
R158P,4.38879,2.47143,3.7716404802990056,Uncertain,Destabilizing,,,,,,,,,18.9,,,0.916,"cBioPortal,COSMIC,somatic_muts,clinvar",,False,18.9,,,,neutral,neutral,neutral,DOWN,neutral,neutral,neutral,246118,Likely pathogenic,2,98.38,E,-0.5422,0.1043,-22.2096,loss_of_function,-7.8974356797228,0.9986,pathogenic,10.1101/2022.10.22.513328; 37085483
R158S,3.30992,2.42041,1.8536653554906903,Uncertain,Uncertain,,,,,,,,,18.9,,,0.864,"cBioPortal,COSMIC,somatic_muts,clinvar",,False,18.9,,,,neutral,neutral,neutral,DOWN,neutral,neutral,neutral,1067910,Pathogenic,1,98.38,E,-0.4007,0.1043,-22.2096,loss_of_function,-7.1028394778161,0.9981,pathogenic,10.1101/2022.10.22.513328; 37085483
A159D,4.55058,2.38061,3.100301843380798,Uncertain,Destabilizing,,,,,,,,,0.1,,,0.836,"cBioPortal,COSMIC,germline_muts,somatic_muts,clinvar",,False,0.1,,,,neutral,neutral,neutral,UP,neutral,neutral,stabilizing,1026335,Pathogenic,1,98.48,E,-0.3989,0.2526,-22.2096,loss_of_function,-7.56118054309627,0.9985,pathogenic,10.1101/2022.10.22.513328; 37085483
A159F,12.02688,2.00272,3.3084118523498343,Uncertain,Destabilizing,,,,,,,,,0.1,,,,clinvar,,False,0.1,,,,neutral,neutral,neutral,UP,neutral,neutral,stabilizing,182961,Uncertain significance,1,98.48,E,-0.3673,0.2526,-22.2096,loss_of_function,-7.56118054309627,0.979,pathogenic,10.1101/2022.10.22.513328; 37085483
A159I,-0.05679,0.52211,1.39528059729425,Neutral,Neutral,,,,,,,,,0.1,,,,cBioPortal,,False,0.1,,,,neutral,neutral,neutral,UP,neutral,neutral,stabilizing,,,,98.48,E,-0.3568,0.2526,-22.2096,loss_of_function,-4.90453163501885,0.9256,pathogenic,10.1101/2022.10.22.513328; 37085483
A159P,2.84746,4.55442,5.821212542674343,Uncertain,Uncertain,,,,,,,,,0.1,,,0.815,"cBioPortal,COSMIC,somatic_muts,clinvar",,False,0.1,,,,neutral,neutral,neutral,UP,neutral,neutral,stabilizing,182929,Uncertain significance,2,98.48,E,-0.4387,0.2526,-22.2096,loss_of_function,-7.56118054309627,0.9973,pathogenic,10.1101/2022.10.22.513328; 37085483
A159S,1.56025,0.98129,1.541663367689714,Neutral,Neutral,,,,,,,,,0.1,,,0.727,"COSMIC,somatic_muts",,False,0.1,,,,neutral,neutral,neutral,-,uncertain,uncertain,uncertain,,,,98.48,E,-0.2819,0.2526,-22.2096,loss_of_function,-3.62081775220914,0.4783,ambiguous,10.1101/2022.10.22.513328; 37085483
A159T,1.08183,0.28605,1.413800474155618,Neutral,Neutral,,,,,,,,,0.1,,0.0,0.715,"cBioPortal,COSMIC,somatic_muts,clinvar",,False,0.1,,,,neutral,neutral,neutral,UP,neutral,neutral,stabilizing,1909172,Uncertain significance,1,98.48,E,-0.2006,0.2526,-5.1145,loss_of_function,-0.819721990404372,0.4315,ambiguous,10.1101/2022.10.22.513328; 37085483
A159V,-0.35939,0.35102,0.5267428461007312,Neutral,Neutral,,,,,,,,,0.1,,,0.774,"cBioPortal,COSMIC,somatic_muts,clinvar",,False,0.1,,,,neutral,neutral,neutral,UP,neutral,neutral,stabilizing,458545,Pathogenic/Likely pathogenic,2,98.48,E,-0.2171,0.2526,-8.9217,loss_of_function,-4.45460517452887,0.6808,pathogenic,10.1101/2022.10.22.513328; 37085483
M160I,0.22395,-0.08299,0.0061501204359221,Neutral,Neutral,,,,,,,,,18.4,,1.19374477737e-05,"0.656, 0.657","cBioPortal,COSMIC,somatic_muts,clinvar",,False,18.4,,,,neutral,neutral,neutral,-,uncertain,uncertain,uncertain,230758,Likely benign,3,98.0,E,-0.1634,0.8986,-7.9541,loss_of_function,-1.85806821306715,0.9318,pathogenic,10.1101/2022.10.22.513328; 37085483
M160K,1.31869,2.10544,2.199473613590502,Uncertain,Uncertain,,,,,,,,,18.4,,,0.860,"cBioPortal,COSMIC,somatic_muts",,False,18.4,,,,neutral,neutral,neutral,UP,neutral,neutral,stabilizing,,,,98.0,E,-0.3816,0.8986,-22.2419,loss_of_function,-6.49813689004754,0.9752,pathogenic,10.1101/2022.10.22.513328; 37085483
M160L,-0.05114,0.43435,-0.1096365546608324,Neutral,Neutral,,,,,,,,,18.4,,,0.569,"cBioPortal,COSMIC,somatic_muts",,False,18.4,,,,neutral,neutral,neutral,-,uncertain,uncertain,uncertain,,,,98.0,E,-0.1253,0.8986,-6.9542,loss_of_function,-0.71506230071988,0.4727,ambiguous,10.1101/2022.10.22.513328; 37085483
M160N,2.67903,2.36905,1.931469318907792,Uncertain,Uncertain,,,,,,,,,18.4,,,,cBioPortal,,False,18.4,,,,neutral,neutral,neutral,DOWN,neutral,neutral,neutral,,,,98.0,E,-0.3721,0.8986,-22.2419,loss_of_function,-6.3898967312866,0.9874,pathogenic,10.1101/2022.10.22.513328; 37085483
M160R,1.99709,1.7568,1.3969428956579657,Neutral,Neutral,,,,,,,,,18.4,,,0.865,"cBioPortal,COSMIC",,False,18.4,,,,neutral,neutral,neutral,UP,neutral,neutral,stabilizing,,,,98.0,E,-0.4089,0.8986,-22.2419,loss_of_function,-6.69861340466964,0.978,pathogenic,10.1101/2022.10.22.513328; 37085483
M160T,2.21008,0.95374,1.5692039932336117,Uncertain,Uncertain,,,,,,,,,18.4,,,0.669,"cBioPortal,COSMIC,somatic_muts",,False,18.4,,,,neutral,neutral,neutral,DOWN,neutral,neutral,neutral,,,,98.0,E,-0.1894,0.8986,-2.4948,loss_of_function,-2.5259026466363,0.5246,ambiguous,10.1101/2022.10.22.513328; 37085483
M160V,0.88868,0.00476,0.3294097725183786,Neutral,Neutral,,,,,,,,,18.4,,3.979370941e-06,0.689,"cBioPortal,COSMIC,somatic_muts,clinvar",,False,18.4,,,,neutral,neutral,neutral,DOWN,neutral,neutral,neutral,444396,Conflicting interpretations of pathogenicity,1,98.0,E,-0.1904,0.8986,-6.9542,loss_of_function,-1.85792401129712,0.2649,benign,10.1101/2022.10.22.513328; 37085483
A161D,2.68196,1.64796,2.545755529971434,Uncertain,Uncertain,,,,,,,,,5.6,,,0.908,"cBioPortal,COSMIC,somatic_muts,clinvar",,False,5.6,,,,neutral,neutral,neutral,UP,neutral,neutral,neutral,422295,Conflicting interpretations of pathogenicity,1,97.91,E,-0.332,0.9816,-22.239,loss_of_function,-6.93735650167601,0.9987,pathogenic,10.1101/2022.10.22.513328; 37085483
A161F,5.94132,3.46973,1.334677915087586,Destabilizing,Uncertain,,,,,,,,,5.6,,,,COSMIC,,False,5.6,,,,neutral,neutral,neutral,UP,neutral,neutral,neutral,,,,97.91,E,-0.3004,0.9816,-22.239,loss_of_function,-6.93735650167601,0.995,pathogenic,10.1101/2022.10.22.513328; 37085483
A161G,2.18044,2.52721,2.0318793816335847,Uncertain,Uncertain,,,,,,,,,5.6,,,0.809,"cBioPortal,COSMIC,somatic_muts",,False,5.6,,,,neutral,neutral,neutral,DOWN,neutral,neutral,neutral,,,,97.91,E,-0.2438,0.9816,-22.239,loss_of_function,-6.51573930634988,0.7679,pathogenic,10.1101/2022.10.22.513328; 37085483
A161N,1.2089,1.59422,1.4775803994487495,Neutral,Neutral,,,,,,,,,5.6,,,,COSMIC,,False,5.6,,,,neutral,neutral,neutral,UP,neutral,neutral,neutral,,,,97.91,E,-0.3024,0.9816,-22.239,loss_of_function,-6.93735650167601,0.996,pathogenic,10.1101/2022.10.22.513328; 37085483
A161P,-1.671,1.6602,3.844503629521917,Neutral,Uncertain,,,,,,,,,5.6,,,0.641,"cBioPortal,COSMIC,somatic_muts",,False,5.6,,,,neutral,neutral,neutral,UP,neutral,neutral,neutral,,,,97.91,E,-0.2622,0.9816,-0.7864,loss_of_function,-1.97218037891763,0.6616,pathogenic,10.1101/2022.10.22.513328; 37085483
A161S,1.69958,1.11531,1.3859916540111763,Neutral,Neutral,,,,,,,,,5.6,,,0.752,"cBioPortal,COSMIC,somatic_muts",,False,5.6,,,,neutral,neutral,neutral,-,uncertain,uncertain,uncertain,,,,97.91,E,-0.215,0.9816,-22.239,loss_of_function,-2.6744212924387,0.782,pathogenic,10.1101/2022.10.22.513328; 37085483
A161T,0.44664,0.86395,1.0460962003512826,Neutral,Neutral,,,,,,,,,5.6,,,0.790,"cBioPortal,COSMIC,germline_muts,somatic_muts,clinvar",,False,5.6,,,,neutral,neutral,neutral,UP,neutral,neutral,neutral,161518,Conflicting interpretations of pathogenicity,1,97.91,E,-0.2209,0.9816,-22.239,loss_of_function,-4.49556005485196,0.9563,pathogenic,10.1101/2022.10.22.513328; 37085483
A161V,-0.8961,-0.9415,0.1586504579536407,Neutral,Neutral,,,,,,,,,5.6,,,0.803,"cBioPortal,COSMIC,somatic_muts,clinvar",,False,5.6,,,,neutral,neutral,neutral,UP,neutral,neutral,neutral,2019530,Uncertain significance,1,97.91,E,-0.218,0.9816,-22.239,loss_of_function,-4.45493542331487,0.8937,pathogenic,10.1101/2022.10.22.513328; 37085483
I162F,6.3223,0.71497,1.6009155711177014,Uncertain,Uncertain,,,,,,,,,0.0,,,0.676,"cBioPortal,COSMIC,germline_muts,somatic_muts,clinvar",,False,0.0,,,,neutral,neutral,neutral,UP,neutral,neutral,neutral,948225,Uncertain significance,1,97.3,E,-0.3035,0.9099,-22.239,loss_of_function,-5.55546634057379,0.7741,pathogenic,10.1101/2022.10.22.513328; 37085483
I162M,0.13702,0.6898,1.1288831164651896,Neutral,Neutral,,,,,,,,,0.0,,,0.629,"cBioPortal,COSMIC,somatic_muts",,False,0.0,,,,neutral,neutral,neutral,-,uncertain,uncertain,uncertain,,,,97.3,E,-0.2334,0.9099,-22.239,loss_of_function,-2.83824126760049,0.4763,ambiguous,10.1101/2022.10.22.513328; 37085483
I162N,3.16585,3.31769,2.6381229932614536,Destabilizing,Uncertain,,,,,,,,,0.0,,,0.800,"cBioPortal,COSMIC,germline_muts,somatic_muts,clinvar",,False,0.0,,,,neutral,neutral,neutral,DOWN,neutral,neutral,neutral,1408611,Uncertain significance,1,97.3,E,-0.3797,0.9099,-22.239,loss_of_function,-6.17096696338336,0.9882,pathogenic,10.1101/2022.10.22.513328; 37085483
I162S,3.06987,3.22585,3.744079678780408,Destabilizing,Destabilizing,,,,,,,,,0.0,,,0.865,"cBioPortal,COSMIC,somatic_muts,clinvar",,False,0.0,,,,neutral,neutral,neutral,DOWN,neutral,neutral,neutral,127813,Uncertain significance,1,97.3,E,-0.3153,0.9099,-8.9511,loss_of_function,-5.75718582247629,0.9693,pathogenic,10.1101/2022.10.22.513328; 37085483
I162T,1.93804,1.91122,2.28940039156628,Neutral,Uncertain,,,,,,,,,0.0,,,,"somatic_muts,clinvar",,False,0.0,,,,neutral,neutral,neutral,DOWN,neutral,neutral,neutral,1992967,Uncertain significance,1,97.3,E,-0.2999,0.9099,-22.239,loss_of_function,-5.75718582247629,0.9144,pathogenic,10.1101/2022.10.22.513328
I162V,0.85119,0.54932,0.3472390937349806,Neutral,Neutral,,,,,,,,,0.0,,,0.498,"COSMIC,somatic_muts,clinvar",,False,0.0,,,,neutral,neutral,neutral,DOWN,neutral,neutral,neutral,1743548,Uncertain significance,1,97.3,E,-0.077,0.9099,-0.5042,loss_of_function,-0.462147024394601,0.0931,benign,10.1101/2022.10.22.513328; 37085483
Y163C,3.22054,3.14286,4.362625364423778,Destabilizing,Destabilizing,0.0536,-0.26643,Neutral,,,,,,1.3,,,0.872,"cBioPortal,COSMIC,germline_muts,somatic_muts,clinvar",,False,1.3,,,,uncertain,,,DOWN,neutral,neutral,destabilizing,127814,Pathogenic,3,97.85,E,-0.3448,0.1096,-8.9541,loss_of_function,-7.83850975984194,0.9824,pathogenic,10.1101/2022.10.22.513328; 37085483
Y163D,4.14124,4.52993,4.925237191830757,Destabilizing,Destabilizing,0.17854,0.0109,Neutral,,,,,,1.3,,,0.906,"cBioPortal,COSMIC,somatic_muts,clinvar",,False,1.3,,,,uncertain,,,DOWN,neutral,neutral,destabilizing,187052,Conflicting interpretations of pathogenicity,1,97.85,E,-0.4562,0.1096,-22.2419,loss_of_function,-7.83850975984194,0.9992,pathogenic,10.1101/2022.10.22.513328; 37085483
Y163F,0.03853,-0.77789,0.0058439383528197,Neutral,Neutral,-0.1624,-0.12032,Neutral,,,,,,1.3,,,,somatic_muts,,False,1.3,,,,uncertain,,,-,uncertain,uncertain,uncertain,,,,97.85,E,-0.2015,0.1096,-6.9542,loss_of_function,-2.74211411025487,0.2372,benign,10.1101/2022.10.22.513328
Y163H,2.35527,2.18776,2.115119537595931,Uncertain,Uncertain,0.02506,-0.18858,Neutral,,,,,,1.3,,,0.904,"cBioPortal,COSMIC,somatic_muts,clinvar",,False,1.3,,,,uncertain,,,DOWN,neutral,neutral,destabilizing,376680,Uncertain significance,2,97.85,E,-0.3497,0.1096,-22.2419,loss_of_function,-4.63018780181566,0.9929,pathogenic,10.1101/2022.10.22.513328; 37085483
Y163N,2.73582,3.44116,3.886359091710331,Uncertain,Uncertain,0.011,-0.15812,Neutral,,,,,,1.3,,,0.907,"cBioPortal,COSMIC,somatic_muts,clinvar",,False,1.3,,,,uncertain,,,DOWN,neutral,neutral,destabilizing,376679,Conflicting interpretations of pathogenicity,1,97.85,E,-0.4352,0.1096,-22.2419,loss_of_function,-7.83850975984194,0.9958,pathogenic,10.1101/2022.10.22.513328; 37085483
Y163S,4.49365,4.00918,5.056159321272653,Destabilizing,Destabilizing,0.07862,-0.22329,Neutral,,,,,,1.3,,,0.901,"cBioPortal,COSMIC,somatic_muts",,False,1.3,,,,uncertain,,,DOWN,neutral,neutral,destabilizing,,,,97.85,E,-0.4467,0.1096,-22.2419,loss_of_function,-7.83850975984194,0.9949,pathogenic,10.1101/2022.10.22.513328; 37085483
K164E,1.4276,1.82041,0.7863645111095341,Neutral,Neutral,,,Uncertain,,Uncertain,,,Uncertain,55.9,,,0.875,"cBioPortal,COSMIC,somatic_muts,clinvar",,False,55.9,,,,neutral,neutral,neutral,DOWN,neutral,neutral,stabilizing,246416,Uncertain significance,2,96.96,S,-0.3412,0.0678,-22.2419,loss_of_function,-6.13403327025882,0.9696,pathogenic,10.1101/2022.10.22.513328; 37085483
K164M,0.09675,1.04456,0.0049194141412256,Neutral,Neutral,,,Uncertain,,Uncertain,,,Uncertain,55.9,,,0.925,"cBioPortal,COSMIC,somatic_muts",,False,55.9,,,,neutral,neutral,neutral,DOWN,neutral,neutral,stabilizing,,,,96.96,S,-0.3264,0.0678,-22.2419,loss_of_function,-4.95330904216767,0.901,pathogenic,10.1101/2022.10.22.513328; 37085483
K164N,2.34421,1.1898,0.4763147212666652,Uncertain,Uncertain,,,Uncertain,,Uncertain,,,Uncertain,55.9,,,0.794,"cBioPortal,COSMIC,somatic_muts,clinvar",,False,55.9,,,,neutral,neutral,neutral,DOWN,neutral,neutral,stabilizing,428899,Uncertain significance,1,96.96,S,-0.3345,0.0678,-22.2419,loss_of_function,-6.9942592743991,0.983,pathogenic,10.1101/2022.10.22.513328; 37085483
K164Q,1.05046,0.85102,0.4898996837649044,Neutral,Neutral,,,Uncertain,,Uncertain,,,Uncertain,55.9,,,0.899,"COSMIC,somatic_muts",,False,55.9,,,,neutral,neutral,neutral,DOWN,neutral,neutral,stabilizing,,,,96.96,S,-0.3155,0.0678,-22.2419,loss_of_function,-4.46414505079612,0.5962,pathogenic,10.1101/2022.10.22.513328; 37085483
K164R,0.80901,1.13435,0.0352808202809024,Neutral,Neutral,,,Uncertain,,Uncertain,,,Uncertain,55.9,,,0.906,"cBioPortal,COSMIC,somatic_muts",,False,55.9,,,,neutral,neutral,neutral,-,uncertain,uncertain,uncertain,,,,96.96,S,-0.1719,0.0678,-6.9542,loss_of_function,-1.79641753144727,0.1385,benign,10.1101/2022.10.22.513328; 37085483
K164T,1.87897,2.40068,0.5925597724342071,Uncertain,Neutral,,,Uncertain,,Uncertain,,,Uncertain,55.9,,,0.927,"cBioPortal,COSMIC",,False,55.9,,,,neutral,neutral,neutral,DOWN,neutral,neutral,stabilizing,,,,96.96,S,-0.3383,0.0678,-22.2419,loss_of_function,-4.89004485921964,0.8969,pathogenic,10.1101/2022.10.22.513328; 37085483
Q165E,-0.14645,-0.29592,0.3200994461631712,Neutral,Neutral,-0.01386,-0.16494,Neutral,,Uncertain,,,Uncertain,55.1,,,0.572,"COSMIC,somatic_muts",,False,55.1,,,,neutral,neutral,neutral,DOWN,neutral,neutral,stabilizing,,,,94.5,S,-0.188,0.5346,-8.9511,loss_of_function,-3.79832456836452,0.238,benign,10.1101/2022.10.22.513328; 37085483
Q165H,-0.01558,0.11735,0.0125456503342391,Neutral,Neutral,-0.01124,-0.14216,Neutral,,Uncertain,,,Uncertain,55.1,,,0.600,"cBioPortal,COSMIC",,False,55.1,,,,neutral,neutral,neutral,UP,neutral,neutral,neutral,,,,94.5,S,-0.2518,0.5346,-22.239,loss_of_function,-5.91989421718138,0.3948,ambiguous,10.1101/2022.10.22.513328; 37085483
Q165K,-0.57892,0.29184,0.4387124276290349,Neutral,Neutral,0.05368,0.12423,Neutral,,Uncertain,,,Uncertain,55.1,,,0.481,"cBioPortal,clinvar",,False,55.1,,,,neutral,neutral,neutral,UP,neutral,neutral,neutral,482232,Conflicting interpretations of pathogenicity,1,94.5,S,-0.171,0.5346,-0.1311,loss_of_function,0.597145055795084,0.1186,benign,10.1101/2022.10.22.513328; 37085483
Q165L,-1.15967,-0.92993,-0.4868549529232879,Neutral,Neutral,0.0008,0.03021,Neutral,,Uncertain,,,Uncertain,55.1,,,0.574,"COSMIC,somatic_muts,clinvar",,False,55.1,,,,neutral,neutral,neutral,UP,neutral,neutral,neutral,2505496,Pathogenic,0,94.5,S,-0.2696,0.5346,-22.239,loss_of_function,-3.1479277378225,0.2476,benign,10.1101/2022.10.22.513328; 37085483
Q165P,-1.12513,2.19082,1.932776490782649,Uncertain,Neutral,0.19946,-0.01672,Neutral,,Uncertain,,,Uncertain,55.1,,,0.653,"COSMIC,somatic_muts",,False,55.1,,,,neutral,neutral,neutral,DOWN,neutral,neutral,stabilizing,,,,94.5,S,-0.4243,0.5346,-22.239,loss_of_function,-6.30577079745317,0.5766,pathogenic,10.1101/2022.10.22.513328; 37085483
Q165R,-0.51985,0.33878,0.1578610949678949,Neutral,Neutral,-0.12114,-0.64288,Neutral,,Uncertain,,,Uncertain,55.1,,,0.475,"COSMIC,somatic_muts",,False,55.1,,,,neutral,neutral,neutral,UP,neutral,neutral,neutral,,,,94.5,S,-0.1993,0.5346,-5.9513,loss_of_function,-0.744174817524804,0.2235,benign,10.1101/2022.10.22.513328; 37085483
S166A,-0.36484,-0.15816,-0.3743373749461676,Neutral,Neutral,0.3861,-0.0892,Neutral,,Uncertain,,,Uncertain,97.5,,,0.487,"COSMIC,somatic_muts",,False,97.5,,,,uncertain,,,-,uncertain,uncertain,uncertain,,,,92.99,G,-0.0352,1.4753,-0.7705,loss_of_function,-1.6681715036531,0.0945,benign,10.1101/2022.10.22.513328; 37085483
S166G,0.03491,0.55986,0.0327848733842267,Neutral,Neutral,-0.16022,-0.03964,Neutral,,Uncertain,,,Uncertain,97.5,,,,COSMIC,,False,97.5,,,,uncertain,,,DOWN,neutral,neutral,destabilizing,,,,92.99,G,-0.1539,1.4753,-22.2332,loss_of_function,-6.3247105867852,0.3208,benign,10.1101/2022.10.22.513328; 37085483
S166I,-0.39286,-0.36837,-0.5294303258960886,Neutral,Neutral,-0.08736,-0.00164,Neutral,,Uncertain,,,Uncertain,97.5,,,,COSMIC,,False,97.5,,,,uncertain,,,UP,neutral,neutral,stabilizing,,,,92.99,G,-0.1581,1.4753,-8.9453,loss_of_function,-3.49392141879354,0.5185,ambiguous,10.1101/2022.10.22.513328; 37085483
S166L,-0.57767,-0.75272,-1.0337157130580714,Neutral,Neutral,0.00078,0.11427,Neutral,,Uncertain,,,Uncertain,97.5,,,0.613,"COSMIC,somatic_muts,clinvar",,False,97.5,,,,uncertain,,,UP,neutral,neutral,stabilizing,528239,Uncertain significance,1,92.99,G,-0.1361,1.4753,-5.3605,loss_of_function,-1.83955355180868,0.1355,benign,10.1101/2022.10.22.513328; 37085483
S166P,-2.00934,-0.9568,-0.0151005269218512,Uncertain,Uncertain,0.11172,0.11411,Neutral,,Uncertain,,,Uncertain,97.5,,,0.707,"COSMIC,somatic_muts",,False,97.5,,,,uncertain,,,UP,neutral,neutral,stabilizing,,,,92.99,G,-0.216,1.4753,-6.1381,loss_of_function,-2.90524947974682,0.3253,benign,10.1101/2022.10.22.513328; 37085483
S166T,-0.08995,0.33197,-0.3845417385202548,Neutral,Neutral,-0.02392,0.06493,Neutral,,Uncertain,,,Uncertain,97.5,,,0.512,"COSMIC,somatic_muts",,False,97.5,,,,neutral,,,UP,neutral,neutral,stabilizing,,,,92.99,G,-0.0425,1.4753,-4.0386,loss_of_function,-1.79366907215294,0.157,benign,10.1101/2022.10.22.513328; 37085483
Q167E,-0.31186,0.08265,-0.0776508081044335,Neutral,Neutral,-0.06476,0.2131,Neutral,,Uncertain,,,Uncertain,78.5,,,0.467,"COSMIC,somatic_muts",,False,78.5,,,,neutral,neutral,neutral,DOWN,neutral,neutral,stabilizing,,,,93.51,G,-0.1226,0.7627,-0.2468,loss_of_function,-0.362404426258414,0.0935,benign,10.1101/2022.10.22.513328; 37085483
Q167H,0.18276,0.35034,-0.3118057326835755,Neutral,Neutral,0.29636,0.00413,Neutral,,Uncertain,,,Uncertain,78.5,,,"0.589, 0.592","cBioPortal,COSMIC,somatic_muts",,False,78.5,,,,neutral,neutral,neutral,UP,neutral,neutral,stabilizing,,,,93.51,G,-0.2308,0.7627,-22.2419,loss_of_function,-6.04298878400287,0.5183,ambiguous,10.1101/2022.10.22.513328; 37085483
Q167K,-0.52478,-0.4034,-0.2135241530583165,Neutral,Neutral,0.66548,0.25535,Neutral,,Uncertain,,,Uncertain,78.5,,,0.647,"COSMIC,germline_muts,somatic_muts",,False,78.5,,,,neutral,neutral,neutral,UP,neutral,neutral,stabilizing,,,,93.51,G,-0.2629,0.7627,-22.2419,loss_of_function,-6.65723665606982,0.3089,benign,10.1101/2022.10.22.513328; 37085483
Q167L,-0.04839,-0.44694,-0.4933842352967543,Neutral,Neutral,-0.0085,-0.2344,Neutral,,Uncertain,,,Uncertain,78.5,,,0.569,"COSMIC,somatic_muts",,False,78.5,,,,neutral,neutral,neutral,UP,neutral,neutral,stabilizing,,,,93.51,G,-0.2487,0.7627,-22.2419,loss_of_function,-6.48335161373988,0.3813,ambiguous,10.1101/2022.10.22.513328; 37085483
Q167P,-0.57856,3.09184,2.581921326504062,Uncertain,Uncertain,0.61226,0.08169,Neutral,,Uncertain,,,Uncertain,78.5,,,,clinvar,,False,78.5,,,,neutral,neutral,neutral,DOWN,neutral,neutral,stabilizing,490173,Uncertain significance,2,93.51,G,-0.4033,0.7627,-22.2419,loss_of_function,-7.03120427913244,0.287,benign,10.1101/2022.10.22.513328; 37085483
Q167R,-0.26124,0.1432,-0.4342827686580208,Neutral,Neutral,-0.1776,-0.01699,Neutral,,Uncertain,,,Uncertain,78.5,,,0.566,"COSMIC,somatic_muts,clinvar",,False,78.5,,,,neutral,neutral,neutral,UP,neutral,neutral,stabilizing,653104,Uncertain significance,1,93.51,G,-0.1936,0.7627,-8.9541,loss_of_function,-6.23323076244701,0.3113,benign,10.1101/2022.10.22.513328; 37085483
H168D,-0.2902,1.37347,1.572996074312714,Neutral,Neutral,-0.18938,-0.97631,Neutral,,Uncertain,,,Uncertain,21.5,,,0.551,"COSMIC,somatic_muts",,True,21.5,,,,neutral,neutral,neutral,DOWN,neutral,neutral,stabilizing,,,,93.35,G,-0.2297,0.4206,-7.3692,loss_of_function,-3.20664808123884,0.6778,pathogenic,10.1101/2022.10.22.513328; 37085483
H168L,-0.09936,1.49014,0.1968029131646403,Neutral,Neutral,-0.31058,0.63572,Neutral,,Uncertain,,,Uncertain,21.5,,,0.550,"cBioPortal,COSMIC,germline_muts,somatic_muts,clinvar",,True,21.5,,,,neutral,neutral,neutral,UP,neutral,neutral,stabilizing,1744933,Pathogenic,1,93.35,G,-0.3082,0.4206,-22.2419,loss_of_function,-6.60832493435264,0.7531,pathogenic,10.1101/2022.10.22.513328; 37085483
H168N,0.20665,1.07619,0.8166458600225812,Neutral,Neutral,0.02718,-0.07916,Neutral,,Uncertain,,,Uncertain,21.5,,,0.566,"COSMIC,somatic_muts",,True,21.5,,,,neutral,neutral,neutral,DOWN,neutral,neutral,stabilizing,,,,93.35,G,-0.2651,0.4206,-22.2419,loss_of_function,-4.72985914704594,0.4148,ambiguous,10.1101/2022.10.22.513328; 37085483
H168P,3.42664,5.88231,4.518457909903584,Destabilizing,Destabilizing,-0.13088,0.16241,Neutral,,Uncertain,,,Uncertain,21.5,,,0.526,"cBioPortal,COSMIC,somatic_muts",,True,21.5,,,,neutral,neutral,neutral,DOWN,neutral,neutral,stabilizing,,,,93.35,G,-0.4216,0.4206,-22.2419,loss_of_function,-7.23727323630724,0.9646,pathogenic,10.1101/2022.10.22.513328; 37085483
H168Q,0.84543,1.32993,1.2513908210689866,Neutral,Neutral,0.3041,0.74195,Neutral,,Uncertain,,,Uncertain,21.5,,,0.568,"COSMIC,somatic_muts,clinvar",,True,21.5,,,,neutral,neutral,neutral,DOWN,neutral,neutral,stabilizing,1745001,Uncertain significance,1,93.35,G,-0.2266,0.4206,-22.2419,loss_of_function,-5.46615266747081,0.8384,pathogenic,10.1101/2022.10.22.513328; 37085483
H168R,1.13553,1.50034,0.8692860228475787,Neutral,Neutral,-0.0602,0.40737,Neutral,,Uncertain,,,Uncertain,21.5,,,0.562,"cBioPortal,COSMIC,germline_muts,somatic_muts,clinvar",,True,21.5,,,,neutral,neutral,neutral,UP,neutral,neutral,stabilizing,428866,Conflicting interpretations of pathogenicity,1,93.35,G,-0.2947,0.4206,-22.2419,loss_of_function,-3.66624520956463,0.8669,pathogenic,10.1101/2022.10.22.513328; 37085483
H168V,0.87417,0.16293,0.4363760146751155,Neutral,Neutral,-0.24372,0.20674,Neutral,,Uncertain,,,Uncertain,21.5,,,,somatic_muts,,True,21.5,,,,neutral,neutral,neutral,DOWN,neutral,neutral,stabilizing,,,,93.35,G,-0.301,0.4206,-22.2419,loss_of_function,-6.41564740878293,0.9113,pathogenic,10.1101/2022.10.22.513328
H168Y,-0.0779,-0.67041,-0.2931862121046619,Neutral,Neutral,-0.43716,-0.15853,Neutral,,Uncertain,,,Uncertain,21.5,,,0.501,"COSMIC,somatic_muts",,True,21.5,,,,neutral,neutral,neutral,UP,neutral,neutral,stabilizing,,,,93.35,G,-0.1415,0.4206,-4.8667,loss_of_function,-0.238274744609607,0.1263,benign,10.1101/2022.10.22.513328; 37085483
M169I,0.44136,-0.12245,1.0920807672941402,Neutral,Neutral,-0.06732,0.00802,Neutral,,Uncertain,,,Uncertain,20.9,,,0.597,"cBioPortal,COSMIC,somatic_muts,clinvar",,True,20.9,,,,neutral,neutral,neutral,-,uncertain,uncertain,uncertain,919322,Uncertain significance,2,93.17,T,-0.1501,0.9321,-5.9542,loss_of_function,-1.84578901987421,0.6481,pathogenic,10.1101/2022.10.22.513328; 37085483
M169K,0.67638,0.78605,1.4516797489865323,Neutral,Neutral,0.03588,0.01101,Neutral,,Uncertain,,,Uncertain,20.9,,,,somatic_muts,,True,20.9,,,,neutral,neutral,neutral,UP,neutral,neutral,stabilizing,,,,93.17,T,-0.3785,0.9321,-22.2419,loss_of_function,-5.98260746006438,0.7249,pathogenic,10.1101/2022.10.22.513328
M169L,0.34033,0.07959,0.7817992326828538,Neutral,Neutral,-0.0247,0.13226,Neutral,,Uncertain,,,Uncertain,20.9,,,0.562,cBioPortal,,True,20.9,,,,neutral,neutral,neutral,-,uncertain,uncertain,uncertain,,,,93.17,T,-0.1273,0.9321,-7.9541,loss_of_function,-2.49460539608368,0.3431,ambiguous,10.1101/2022.10.22.513328; 37085483
M169R,0.82856,0.4449,1.0654308063091074,Neutral,Neutral,0.18682,-0.29031,Neutral,,Uncertain,,,Uncertain,20.9,,,,clinvar,,True,20.9,,,,neutral,neutral,neutral,UP,neutral,neutral,stabilizing,568736,Uncertain significance,1,93.17,T,-0.3329,0.9321,-7.9541,loss_of_function,-4.27667041598335,0.6324,pathogenic,10.1101/2022.10.22.513328; 37085483
M169T,1.30714,1.27891,1.81758152233976,Neutral,Neutral,0.08916,-0.0668,Neutral,,Uncertain,,,Uncertain,20.9,,,0.726,"cBioPortal,COSMIC,somatic_muts",,True,20.9,,,,neutral,neutral,neutral,DOWN,neutral,neutral,mixed_effects,,,,93.17,T,-0.2871,0.9321,-22.2419,loss_of_function,-5.6705964229845,0.7014,pathogenic,10.1101/2022.10.22.513328; 37085483
M169V,0.87621,0.60272,1.216213775092251,Neutral,Neutral,-0.02128,-0.04133,Neutral,,Uncertain,,,Uncertain,20.9,,,0.503,"cBioPortal,COSMIC,somatic_muts,clinvar",,True,20.9,,,,neutral,neutral,neutral,DOWN,neutral,neutral,mixed_effects,844926,Uncertain significance,1,93.17,T,-0.1537,0.9321,-0.373,loss_of_function,-0.50685064374124,0.1036,benign,10.1101/2022.10.22.513328; 37085483
T170A,-0.94309,-0.20374,0.3377700345637952,Neutral,Neutral,-0.0305,0.01844,Neutral,,Uncertain,,,Uncertain,51.7,,,0.518,"COSMIC,somatic_muts,clinvar",,True,51.7,,,,uncertain,,,DOWN,neutral,neutral,stabilizing,135949,Uncertain significance,2,93.17,T,-0.1312,0.9789,-2.3395,loss_of_function,-1.63523202592168,0.2803,benign,10.1101/2022.10.22.513328; 37085483
T170K,-1.17096,-0.67993,-0.0076333592073435,Neutral,Neutral,0.04548,-0.01642,Neutral,,Uncertain,,,Uncertain,51.7,,,0.827,"cBioPortal,somatic_muts",,True,51.7,,,,uncertain,,,UP,neutral,neutral,stabilizing,,,,93.17,T,-0.248,0.9789,-8.9541,loss_of_function,-4.11631657448966,0.7513,pathogenic,10.1101/2022.10.22.513328; 37085483
T170M,-1.43944,-1.04048,-0.0801687960908276,Neutral,Neutral,-0.04562,0.03224,Neutral,,Uncertain,,,Uncertain,51.7,3.186336987e-05,4.7747511161e-05,0.868,"cBioPortal,COSMIC,germline_muts,somatic_muts,clinvar",,True,51.7,,,,uncertain,,,UP,neutral,neutral,stabilizing,184014,Likely benign,3,93.17,T,-0.1995,0.9789,-6.9542,loss_of_function,-2.97207536319492,0.2516,benign,10.1101/2022.10.22.513328; 37085483
T170P,-1.38791,3.25068,1.2842951335526245,Uncertain,Neutral,-0.05668,-0.11168,Neutral,,Uncertain,,,Uncertain,51.7,,,0.808,"COSMIC,somatic_muts",,True,51.7,,,,uncertain,,,-,uncertain,uncertain,uncertain,,,,93.17,T,-0.397,0.9789,-22.2419,loss_of_function,-5.92405679685997,0.6747,pathogenic,10.1101/2022.10.22.513328; 37085483
T170R,-0.92278,-1.22347,-0.2222028396320335,Neutral,Neutral,0.1944,-0.12295,Neutral,,Uncertain,,,Uncertain,51.7,,,0.867,"COSMIC,somatic_muts,clinvar",,True,51.7,,,,uncertain,,,UP,neutral,neutral,stabilizing,490174,Uncertain significance,2,93.17,T,-0.3187,0.9789,-22.2419,loss_of_function,-4.25530568069192,0.6801,pathogenic,10.1101/2022.10.22.513328; 37085483
T170S,-1.4026,-0.0568,0.2969283752206125,Neutral,Neutral,-0.0314,-0.18039,Neutral,,Uncertain,,,Uncertain,51.7,,,0.629,"COSMIC,somatic_muts",,True,51.7,,,,neutral,,,DOWN,neutral,neutral,stabilizing,,,,93.17,T,-0.1104,0.9789,-5.3692,loss_of_function,-2.03573026158437,0.4327,ambiguous,10.1101/2022.10.22.513328; 37085483
E171A,0.96443,1.06463,0.6579636353732299,Neutral,Neutral,2.50404,0.31885,Uncertain,,Uncertain,,,Uncertain,37.1,,,0.896,"COSMIC,somatic_muts",,True,37.1,,,,neutral,neutral,neutral,DOWN,neutral,neutral,neutral,,,,94.24,S,-0.272,0.5293,-22.2419,loss_of_function,-6.20129813780346,0.8731,pathogenic,10.1101/2022.10.22.513328; 37085483
E171D,-0.06342,0.99694,0.8997858285854795,Neutral,Neutral,-0.9934,-0.66302,Neutral,,Uncertain,,,Uncertain,37.1,,,0.597,"cBioPortal,COSMIC,somatic_muts,clinvar",,True,37.1,,,,neutral,neutral,neutral,DOWN,neutral,neutral,neutral,2446885,Pathogenic,0,94.24,S,-0.1402,0.5293,-3.1468,loss_of_function,-1.85058558362392,0.3892,ambiguous,10.1101/2022.10.22.513328; 37085483
E171G,1.95304,1.56327,1.800733895640974,Neutral,Neutral,2.57232,0.13283,Uncertain,,Uncertain,,,Uncertain,37.1,,,0.917,"cBioPortal,COSMIC,somatic_muts,clinvar",,True,37.1,,,,neutral,neutral,neutral,DOWN,neutral,neutral,neutral,1745525,Pathogenic,1,94.24,S,-0.2977,0.5293,-22.2419,loss_of_function,-6.9789271754094,0.9178,pathogenic,10.1101/2022.10.22.513328; 37085483
E171K,1.51121,0.07313,0.5311383049818005,Neutral,Neutral,2.31078,0.92485,Uncertain,,Uncertain,,,Uncertain,37.1,,,0.873,"cBioPortal,COSMIC,somatic_muts,clinvar",,True,37.1,,,,neutral,neutral,neutral,UP,neutral,neutral,neutral,141566,Uncertain significance,3,94.24,S,-0.294,0.5293,-22.2419,loss_of_function,-5.44074972072355,0.926,pathogenic,10.1101/2022.10.22.513328; 37085483
E171Q,-0.08925,0.3949,0.3673088771251931,Neutral,Neutral,2.14742,0.60513,Uncertain,,Uncertain,,,Uncertain,37.1,,,0.849,"COSMIC,somatic_muts",,True,37.1,,,,neutral,neutral,neutral,UP,neutral,neutral,neutral,,,,94.24,S,-0.2445,0.5293,-22.2419,loss_of_function,-3.43028631755335,0.8251,pathogenic,10.1101/2022.10.22.513328; 37085483
E171V,1.12863,0.09456,-0.2853473074434626,Neutral,Neutral,1.45862,0.06629,Uncertain,,Uncertain,,,Uncertain,37.1,,,0.922,"COSMIC,somatic_muts",,True,37.1,,,,neutral,neutral,neutral,-,uncertain,uncertain,uncertain,,,,94.24,S,-0.2852,0.5293,-22.2419,loss_of_function,-4.31924205743371,0.9389,pathogenic,10.1101/2022.10.22.513328; 37085483
V172A,1.46214,0.79116,1.775630349690006,Neutral,Neutral,-0.00052,0.12041,Neutral,,,,,,1.4,,,0.850,"cBioPortal,COSMIC,somatic_muts,clinvar",,True,1.4,,,,neutral,neutral,neutral,DOWN,neutral,neutral,stabilizing,528245,Uncertain significance,1,95.19,-,-0.2594,0.2583,-8.9541,loss_of_function,-4.14941940549315,0.7232,pathogenic,10.1101/2022.10.22.513328; 37085483
V172D,1.68208,2.88707,2.078070435544225,Uncertain,Uncertain,-0.52116,0.51658,Neutral,,,,,,1.4,,,0.952,"cBioPortal,COSMIC,somatic_muts,clinvar",,True,1.4,,,,neutral,neutral,neutral,DOWN,neutral,neutral,stabilizing,836761,Conflicting interpretations of pathogenicity,1,95.19,-,-0.4938,0.2583,-22.2419,loss_of_function,-6.47107433973364,0.9749,pathogenic,10.1101/2022.10.22.513328; 37085483
V172F,3.58964,6.3881,0.99829232088184,Destabilizing,Uncertain,-0.2042,0.33193,Neutral,,,,,,1.4,,,0.917,"cBioPortal,COSMIC,germline_muts,somatic_muts,clinvar",,True,1.4,,,,neutral,neutral,neutral,UP,neutral,neutral,neutral,428909,Conflicting interpretations of pathogenicity,1,95.19,-,-0.4044,0.2583,-22.2419,loss_of_function,-6.57026057590032,0.9499,pathogenic,10.1101/2022.10.22.513328; 37085483
V172G,2.29448,2.62585,3.1354668106094388,Uncertain,Uncertain,-0.7659,0.08548,Neutral,,,,,,1.4,,,0.953,"cBioPortal,COSMIC,somatic_muts,clinvar",,True,1.4,,,,neutral,neutral,neutral,DOWN,neutral,neutral,stabilizing,428883,Uncertain significance,1,95.19,-,-0.453,0.2583,-22.2419,loss_of_function,-7.50111738309872,0.8569,pathogenic,10.1101/2022.10.22.513328; 37085483
V172I,-0.74887,1.07551,-0.5213054726610072,Neutral,Neutral,0.03286,-0.24186,Neutral,,,,,,1.4,,,0.645,"COSMIC,germline_muts,somatic_muts,clinvar",,True,1.4,,,,neutral,neutral,neutral,UP,neutral,neutral,neutral,825481,Uncertain significance,1,95.19,-,-0.175,0.2583,-5.0473,loss_of_function,-1.78606063993282,0.1538,benign,10.1101/2022.10.22.513328; 37085483
V173A,2.75292,2.50646,2.673512174891853,Uncertain,Uncertain,-0.0014,0.00022,Neutral,,,,,,0.5,,,0.758,"cBioPortal,COSMIC,germline_muts,somatic_muts,clinvar",,True,0.5,,,,neutral,neutral,neutral,DOWN,neutral,neutral,stabilizing,376017,Pathogenic/Likely pathogenic,2,96.58,-,-0.3471,0.042,-22.2419,loss_of_function,-7.45707742763203,0.9926,pathogenic,10.1101/2022.10.22.513328; 37085483
V173E,4.36186,5.58231,4.057318047496484,Destabilizing,Destabilizing,0.1725,0.16016,Neutral,,,,,,0.5,,,0.749,"cBioPortal,COSMIC,somatic_muts,clinvar",,True,0.5,,,,neutral,neutral,neutral,-,uncertain,uncertain,uncertain,376669,Conflicting interpretations of pathogenicity,1,96.58,-,-0.471,0.042,-22.2419,loss_of_function,-8.2032647249248,0.9987,pathogenic,10.1101/2022.10.22.513328; 37085483
V173G,4.09452,4.93095,4.771492035979136,Destabilizing,Destabilizing,-0.05098,-0.02237,Neutral,,,,,,0.5,,,0.769,"cBioPortal,COSMIC,germline_muts,somatic_muts,clinvar",,True,0.5,,,,neutral,neutral,neutral,DOWN,neutral,neutral,stabilizing,376016,Uncertain significance,1,96.58,-,-0.4729,0.042,-22.2419,loss_of_function,-8.2032647249248,0.9863,pathogenic,10.1101/2022.10.22.513328; 37085483
V173L,1.74998,3.67687,0.9235206477933956,Uncertain,Neutral,-0.00278,-0.0136,Neutral,,,,,,0.5,,,0.880,"cBioPortal,COSMIC,somatic_muts,clinvar",,True,0.5,,,,neutral,neutral,neutral,UP,neutral,neutral,neutral,"2185665, 376668","Uncertain significance, Pathogenic/Likely pathogenic","1, 2",96.58,-,-0.2799,0.042,-8.9541,loss_of_function,-4.92238514285954,0.9942,pathogenic,10.1101/2022.10.22.513328; 37085483
V173M,2.38189,3.85102,2.053113669263656,Uncertain,Uncertain,-0.03098,0.02721,Neutral,,,,,,0.5,,,0.892,"cBioPortal,COSMIC,germline_muts,somatic_muts,clinvar",,True,0.5,,,,neutral,neutral,neutral,UP,neutral,neutral,neutral,233951,Pathogenic,3,96.58,-,-0.289,0.042,-8.9541,loss_of_function,-4.92238514285954,0.9974,pathogenic,10.1101/2022.10.22.513328; 37085483
V173Q,3.47539,4.3102,3.106863554749073,Destabilizing,Destabilizing,-0.0054,-0.11636,Neutral,,,,,,0.5,,,,cBioPortal,,True,0.5,,,,neutral,neutral,neutral,-,uncertain,uncertain,uncertain,,,,96.58,-,-0.4816,0.042,-22.2419,loss_of_function,-8.2032647249248,0.9983,pathogenic,10.1101/2022.10.22.513328; 37085483
V173R,13.29356,6.60578,4.122330224256029,Destabilizing,Destabilizing,-0.11784,-0.05018,Neutral,,,,,,0.5,,,,cBioPortal,,True,0.5,,,,neutral,neutral,neutral,UP,neutral,neutral,neutral,,,,96.58,-,-0.531,0.042,-22.2419,loss_of_function,-8.2032647249248,0.9955,pathogenic,10.1101/2022.10.22.513328; 37085483
V173W,20.12658,10.17959,4.1745705110102165,Destabilizing,Destabilizing,-0.01732,-0.01711,Neutral,,,,,,0.5,,,,"COSMIC,somatic_muts",,True,0.5,,,,neutral,neutral,neutral,UP,neutral,neutral,neutral,,,,96.58,-,-0.4648,0.042,-22.2419,loss_of_function,-8.2032647249248,0.9999,pathogenic,10.1101/2022.10.22.513328; 37085483
R174E,0.14001,1.13844,2.349501734079716,Neutral,Uncertain,0.58976,-0.11356,Neutral,,Uncertain,,,Uncertain,21.9,,,,cBioPortal,,True,21.9,,,,neutral,neutral,neutral,DOWN,neutral,neutral,mixed_effects,,,,94.61,-,-0.3444,1.1062,-22.2419,loss_of_function,-4.63478741191056,0.9157,pathogenic,10.1101/2022.10.22.513328
R174G,0.33685,1.26973,3.1132503064603627,Neutral,Uncertain,0.32688,0.13997,Neutral,,Uncertain,,,Uncertain,21.9,,,0.724,"cBioPortal,COSMIC,germline_muts,somatic_muts,clinvar",,True,21.9,,,,neutral,neutral,neutral,DOWN,neutral,neutral,mixed_effects,219487,Uncertain significance,1,94.61,-,-0.3435,1.1062,-22.2419,loss_of_function,-6.76261649386947,0.8976,pathogenic,10.1101/2022.10.22.513328; 37085483
R174H,0.35132,0.46939,1.6230500455635155,Neutral,Neutral,-0.23238,-0.44694,Neutral,,Uncertain,,,Uncertain,21.9,,,,COSMIC,,True,21.9,,,,neutral,neutral,neutral,DOWN,neutral,neutral,mixed_effects,,,,94.61,-,-0.2778,1.1062,-22.2419,loss_of_function,-5.18977860616817,0.4461,ambiguous,10.1101/2022.10.22.513328; 37085483
R174K,-0.48056,-0.06054,1.7882797950170175,Neutral,Neutral,0.05452,-0.09235,Neutral,,Uncertain,,,Uncertain,21.9,,,0.381,"COSMIC,somatic_muts,clinvar",,True,21.9,,,,neutral,neutral,neutral,-,uncertain,uncertain,uncertain,423887,Likely benign,1,94.61,-,-0.0882,1.1062,-0.6596,loss_of_function,-0.580394831201181,0.1746,benign,10.1101/2022.10.22.513328; 37085483
R174M,-1.75247,-0.11429,1.3294340647499197,Neutral,Neutral,0.36632,0.02474,Neutral,,Uncertain,,,Uncertain,21.9,,,0.628,"COSMIC,somatic_muts",,True,21.9,,,,neutral,neutral,neutral,DOWN,neutral,neutral,mixed_effects,,,,94.61,-,-0.2764,1.1062,-22.2419,loss_of_function,-5.36599101832737,0.8398,pathogenic,10.1101/2022.10.22.513328; 37085483
R174N,-0.08562,1.10102,2.224508025788742,Neutral,Uncertain,0.38574,0.20807,Neutral,,Uncertain,,,Uncertain,21.9,,,,cBioPortal,,True,21.9,,,,neutral,neutral,neutral,DOWN,neutral,neutral,mixed_effects,,,,94.61,-,-0.323,1.1062,-22.2419,loss_of_function,-5.17496189296656,0.9769,pathogenic,10.1101/2022.10.22.513328; 37085483
R174S,-0.46654,0.0602,2.5431576736555925,Neutral,Uncertain,0.35988,0.092,Neutral,,Uncertain,,,Uncertain,21.9,,,0.639,"COSMIC,somatic_muts,clinvar",,True,21.9,,,,neutral,neutral,neutral,DOWN,neutral,neutral,mixed_effects,1058186,Uncertain significance,1,94.61,-,-0.2408,1.1062,-8.9541,loss_of_function,-3.60738461544447,0.9558,pathogenic,10.1101/2022.10.22.513328; 37085483
R174T,-0.95873,0.56837,2.0244169776662817,Neutral,Uncertain,0.30526,0.09093,Neutral,,Uncertain,,,Uncertain,21.9,,,0.633,"cBioPortal,somatic_muts",,True,21.9,,,,neutral,neutral,neutral,DOWN,neutral,neutral,mixed_effects,,,,94.61,-,-0.313,1.1062,-22.2419,loss_of_function,-4.42681812986421,0.8583,pathogenic,10.1101/2022.10.22.513328; 37085483
R174W,-0.26923,0.01803,0.6442757445739141,Neutral,Neutral,0.15562,-0.21148,Neutral,,Uncertain,,,Uncertain,21.9,,,0.634,"cBioPortal,COSMIC,somatic_muts,clinvar",,True,21.9,,,,neutral,neutral,neutral,UP,neutral,neutral,stabilizing,964680,Uncertain significance,1,94.61,-,-0.3258,1.1062,-22.2419,loss_of_function,-5.76486560057875,0.7385,pathogenic,10.1101/2022.10.22.513328; 37085483
R175C,0.92406,1.32313,2.002168179344339,Neutral,Uncertain,0.85572,0.03306,Neutral,,,0.52874,-0.38703,Neutral,2.1,3.18613394507e-05,1.59182438993e-05,0.833,"cBioPortal,COSMIC,germline_muts,somatic_muts,clinvar",,True,2.1,,,,neutral,neutral,neutral,DOWN,neutral,neutral,stabilizing,245851,Uncertain significance,3,96.38,-,-0.4093,0.1023,-22.2419,loss_of_function,-2.9230705029414,0.9186,pathogenic,10.1101/2022.10.22.513328; 37085483
R175G,1.92643,4.32721,3.0172484605233127,Uncertain,Uncertain,0.78448,-0.05355,Neutral,,,0.48234,-0.07121,Neutral,2.1,,,0.829,"cBioPortal,COSMIC,germline_muts,somatic_muts,clinvar",,True,2.1,,,,neutral,neutral,neutral,DOWN,neutral,neutral,stabilizing,376649,Pathogenic,2,96.38,-,-0.4358,0.1023,-22.2419,loss_of_function,-7.87534951410341,0.9953,pathogenic,10.1101/2022.10.22.513328; 37085483
R175H,10.02063,2.95034,1.6727790409459142,Uncertain,Uncertain,0.96748,0.1336,Neutral,,,0.83762,-0.37586,Neutral,2.1,,3.9796876741e-06,0.922,"cBioPortal,COSMIC,germline_muts,somatic_muts,clinvar",,True,2.1,,,,neutral,neutral,neutral,DOWN,neutral,neutral,stabilizing,12374,Pathogenic,2,96.38,-,-0.2906,0.1023,-6.6322,loss_of_function,-4.07240332268089,0.9857,pathogenic,10.1101/2022.10.22.513328; 37085483
R175L,0.25423,1.29354,0.2948672148060632,Neutral,Neutral,0.89986,-0.05928,Neutral,,,0.52757,0.02349,Neutral,2.1,,,0.960,"cBioPortal,COSMIC,germline_muts,somatic_muts,clinvar",,True,2.1,,,,neutral,neutral,neutral,DOWN,neutral,neutral,stabilizing,182963,Pathogenic/Likely pathogenic,2,96.38,-,-0.4029,0.1023,-22.2419,loss_of_function,-7.34706045896784,0.9907,pathogenic,10.1101/2022.10.22.513328; 37085483
R175P,-0.26498,3.07891,4.356231280182692,Uncertain,Uncertain,0.85922,-0.12737,Neutral,,,0.54287,-0.0296,Neutral,2.1,,,0.966,"COSMIC,somatic_muts",,True,2.1,,,,neutral,neutral,neutral,DOWN,neutral,neutral,stabilizing,,,,96.38,-,-0.4747,0.1023,-8.9541,loss_of_function,-7.87534951410341,0.9906,pathogenic,10.1101/2022.10.22.513328; 37085483
R175S,1.88645,2.81395,2.2527508241328453,Uncertain,Uncertain,0.8499,-0.11792,Neutral,,,0.60054,-0.31076,Neutral,2.1,,,0.831,"COSMIC,somatic_muts",,True,2.1,,,,neutral,neutral,neutral,DOWN,neutral,neutral,stabilizing,,,,96.38,-,-0.401,0.1023,-22.2419,loss_of_function,-6.55462687626449,0.9988,pathogenic,10.1101/2022.10.22.513328; 37085483
C176F,20.19174,1.81531,1.185956361530981,Uncertain,Uncertain,1.78108,-0.33416,Uncertain,,,0.94271,-0.3138,Neutral,4.8,,3.9795609748e-06,0.951,"cBioPortal,COSMIC,somatic_muts,clinvar",,False,4.8,,,,neutral,neutral,neutral,UP,neutral,neutral,stabilizing,376569,Pathogenic/Likely pathogenic,2,96.44,-,-0.4826,0.042,-22.2419,loss_of_function,-7.79483400731286,0.999,pathogenic,10.1101/2022.10.22.513328; 37085483
C176G,7.97102,1.59796,1.0910211319058056,Uncertain,Uncertain,0.37348,0.10887,Neutral,,,-0.15096,-0.29846,Neutral,4.8,,,0.946,"cBioPortal,COSMIC,germline_muts,somatic_muts,clinvar",,False,4.8,,,,neutral,neutral,neutral,DOWN,neutral,neutral,neutral,376571,Uncertain significance,1,96.44,-,-0.4811,0.042,-22.2419,loss_of_function,-8.23221353167741,0.999,pathogenic,10.1101/2022.10.22.513328; 37085483
C176L,13.09442,3.03027,0.8369922079165881,Destabilizing,Uncertain,0.32386,0.17145,Neutral,,,0.27334,0.85105,Neutral,4.8,,,,cBioPortal,,False,4.8,,,,neutral,neutral,neutral,UP,neutral,neutral,stabilizing,,,,96.44,-,-0.5456,0.042,-22.2419,loss_of_function,-8.23221353167741,0.9993,pathogenic,10.1101/2022.10.22.513328; 37085483
C176R,12.7444,3.97823,1.7607408789723578,Destabilizing,Uncertain,0.4918,-0.06601,Neutral,,,-0.14429,0.75232,Neutral,4.8,,,0.940,"cBioPortal,COSMIC,somatic_muts,clinvar",,False,4.8,,,,neutral,neutral,neutral,UP,neutral,neutral,stabilizing,"634759, 376573","Likely pathogenic, Conflicting interpretations of pathogenicity","0, 1",96.44,-,-0.5409,0.042,-22.2419,loss_of_function,-8.23221353167741,0.9999,pathogenic,10.1101/2022.10.22.513328; 37085483
C176S,5.94103,-0.63095,0.5135329078900536,Uncertain,Uncertain,0.3043,0.05049,Neutral,,,0.02911,-0.1346,Neutral,4.8,,,"0.945, 0.946","cBioPortal,COSMIC,somatic_muts,clinvar",,False,4.8,,,,neutral,neutral,neutral,DOWN,neutral,neutral,neutral,376570,Conflicting interpretations of pathogenicity,1,96.44,-,-0.4116,0.042,-8.9541,loss_of_function,-4.93975593132497,0.9997,pathogenic,10.1101/2022.10.22.513328; 37085483
C176V,13.51166,2.73197,0.2827966568710555,Uncertain,Uncertain,0.707,0.06644,Neutral,,,0.11212,0.11451,Neutral,4.8,,,,cBioPortal,,False,4.8,,,,neutral,neutral,neutral,UP,neutral,neutral,stabilizing,,,,96.44,-,-0.5106,0.042,-22.2419,loss_of_function,-8.23221353167741,0.9997,pathogenic,10.1101/2022.10.22.513328; 37085483
C176W,23.65274,3.11497,0.9995708076834714,Destabilizing,Uncertain,2.3592,-0.41636,Uncertain,,,3.32325,0.60597,Uncertain,4.8,,0.0,0.863,"cBioPortal,COSMIC,somatic_muts,clinvar",,False,4.8,,,,neutral,neutral,neutral,UP,neutral,neutral,stabilizing,376572,Conflicting interpretations of pathogenicity,1,96.44,-,-0.4858,0.042,-22.2419,loss_of_function,-7.79483400731286,0.9993,pathogenic,10.1101/2022.10.22.513328; 37085483
C176Y,24.51268,3.60374,1.328338239835393,Destabilizing,Uncertain,0.90898,-0.28762,Neutral,,,0.82008,0.66483,Neutral,4.8,,,0.949,"cBioPortal,COSMIC,germline_muts,somatic_muts,clinvar",,False,4.8,,,,neutral,neutral,neutral,UP,neutral,neutral,stabilizing,186451,Pathogenic,2,96.44,-,-0.492,0.042,-22.2419,loss_of_function,-7.79483400731286,0.9994,pathogenic,10.1101/2022.10.22.513328; 37085483
P177F,2.58504,0.8051,-0.7089925223004406,Uncertain,Uncertain,-0.70256,-0.89276,Neutral,,Uncertain,-0.06383,0.20294,Neutral,51.1,,,,"cBioPortal,COSMIC",,False,51.1,,,,neutral,neutral,neutral,UP,neutral,neutral,stabilizing,,,,95.0,H,-0.3834,0.0589,-22.2419,loss_of_function,-5.67897689218301,0.9953,pathogenic,10.1101/2022.10.22.513328; 37085483
P177H,3.04659,1.33197,-0.707150604033901,Uncertain,Uncertain,0.26942,-0.40785,Neutral,,Uncertain,-1.54188,-0.67655,Uncertain,51.1,,,0.844,"cBioPortal,COSMIC,somatic_muts,clinvar",,False,51.1,,,,neutral,neutral,neutral,UP,neutral,neutral,stabilizing,956854,Uncertain significance,2,95.0,H,-0.361,0.0589,-22.2419,loss_of_function,-5.18672710714455,0.9769,pathogenic,10.1101/2022.10.22.513328; 37085483
P177I,2.21673,1.53129,-0.3440401211810506,Uncertain,Uncertain,0.1449,-0.08063,Neutral,,Uncertain,-0.5408,0.15435,Neutral,51.1,,,,"COSMIC,somatic_muts",,False,51.1,,,,neutral,neutral,neutral,UP,neutral,neutral,stabilizing,,,,95.0,H,-0.3664,0.0589,-22.2419,loss_of_function,-5.53892850552698,0.9819,pathogenic,10.1101/2022.10.22.513328; 37085483
P177L,1.84176,1.42653,-0.7577943366660872,Neutral,Neutral,-0.41568,-0.30663,Neutral,,Uncertain,-0.39111,-0.15015,Neutral,51.1,,3.9793076005e-06,0.865,"cBioPortal,COSMIC,somatic_muts,clinvar",,False,51.1,,,,neutral,neutral,neutral,UP,neutral,neutral,stabilizing,406583,Conflicting interpretations of pathogenicity,1,95.0,H,-0.371,0.0589,-22.2419,loss_of_function,-5.21377652326031,0.9256,pathogenic,10.1101/2022.10.22.513328; 37085483
P177R,2.87763,1.38197,-0.593800984732844,Uncertain,Uncertain,-0.1306,-0.77037,Neutral,,Uncertain,-1.4307,-0.63831,Uncertain,51.1,,0.0,0.893,"cBioPortal,COSMIC,germline_muts,somatic_muts,clinvar",,False,51.1,,,,neutral,neutral,neutral,UP,neutral,neutral,stabilizing,458547,Pathogenic/Likely pathogenic,2,95.0,H,-0.3243,0.0589,-8.9541,loss_of_function,-6.44304391163323,0.9661,pathogenic,10.1101/2022.10.22.513328; 37085483
P177S,2.51011,1.36156,-0.1199991283661572,Uncertain,Uncertain,1.13286,0.24621,Uncertain,,Uncertain,-0.29782,-0.11768,Neutral,51.1,,,0.877,"cBioPortal,COSMIC,somatic_muts,clinvar",,False,51.1,,,,neutral,neutral,neutral,DOWN,neutral,neutral,stabilizing,646495,Uncertain significance,2,95.0,H,-0.2491,0.0589,-7.9541,loss_of_function,-5.86050146488935,0.9845,pathogenic,10.1101/2022.10.22.513328; 37085483
P177T,2.85708,1.55816,-0.0929531664724148,Uncertain,Uncertain,0.80204,-0.03364,Neutral,,Uncertain,-0.53625,0.16848,Neutral,51.1,,,0.878,"cBioPortal,COSMIC,somatic_muts,clinvar",,False,51.1,,,,neutral,neutral,neutral,-,uncertain,uncertain,uncertain,482220,Uncertain significance,2,95.0,H,-0.3341,0.0589,-22.2419,loss_of_function,-6.28883422013193,0.978,pathogenic,10.1101/2022.10.22.513328; 37085483
H178D,-0.55854,-0.00986,0.5271659228898268,Neutral,Neutral,1.3063,1.56866,Destabilizing,,Uncertain,6.35048,2.66491,Destabilizing,92.5,,,0.892,"cBioPortal,COSMIC,germline_muts,somatic_muts,clinvar",,False,92.5,,,,neutral,neutral,neutral,DOWN,neutral,neutral,stabilizing,482223,Likely pathogenic,3,94.74,H,-0.2488,1.0379,-22.2419,loss_of_function,-4.01982276158121,0.9988,pathogenic,10.1101/2022.10.22.513328; 37085483
H178L,-0.86919,-0.37721,-0.1803956921139854,Neutral,Neutral,-0.45606,0.09894,Neutral,,Uncertain,3.47027,2.5453,Destabilizing,92.5,,,0.843,"cBioPortal,COSMIC",,False,92.5,,,,neutral,neutral,neutral,UP,neutral,neutral,stabilizing,,,,94.74,H,-0.2514,1.0379,-22.2419,loss_of_function,-4.78633146478376,0.9223,pathogenic,10.1101/2022.10.22.513328; 37085483
H178N,0.43281,-0.04728,0.6126593628535648,Neutral,Neutral,0.32208,0.92659,Neutral,,Uncertain,2.48671,2.26222,Destabilizing,92.5,,,0.722,"cBioPortal,COSMIC,somatic_muts,clinvar",,False,92.5,,,,neutral,neutral,neutral,DOWN,neutral,neutral,stabilizing,421546,Uncertain significance,1,94.74,H,-0.0989,1.0379,-0.8147,loss_of_function,-2.16847537029545,0.9457,pathogenic,10.1101/2022.10.22.513328; 37085483
H178P,-0.6059,3.17993,2.71189185660879,Uncertain,Uncertain,-0.21728,0.33579,Neutral,,Uncertain,3.06471,2.3596,Destabilizing,92.5,,,0.918,"cBioPortal,COSMIC,somatic_muts,clinvar",,False,92.5,,,,neutral,neutral,neutral,DOWN,neutral,neutral,stabilizing,485030,Conflicting interpretations of pathogenicity,1,94.74,H,-0.3648,1.0379,-22.2419,loss_of_function,-6.94912649278667,0.9813,pathogenic,10.1101/2022.10.22.513328; 37085483
H178Q,-0.38894,-0.32959,0.5234423248305187,Neutral,Neutral,0.18376,0.03555,Neutral,,Uncertain,4.27656,2.54795,Destabilizing,92.5,,,0.814,"cBioPortal,COSMIC,germline_muts,somatic_muts,clinvar",,False,92.5,,,,neutral,neutral,neutral,DOWN,neutral,neutral,stabilizing,"947223, 575702","Conflicting interpretations of pathogenicity, Conflicting interpretations of pathogenicity","1, 1",94.74,H,-0.1698,1.0379,-22.2419,loss_of_function,-3.64554007785688,0.9953,pathogenic,10.1101/2022.10.22.513328; 37085483
H178Y,-0.88008,-0.20204,-0.1390483381883112,Neutral,Neutral,-0.8049,-0.55268,Neutral,,Uncertain,3.26626,1.73827,Destabilizing,92.5,,,0.870,"COSMIC,somatic_muts",,False,92.5,,,,neutral,neutral,neutral,UP,neutral,neutral,stabilizing,,,,94.74,H,-0.1005,1.0379,-7.9541,loss_of_function,-2.74682518781133,0.9159,pathogenic,10.1101/2022.10.22.513328; 37085483
H179D,0.39411,-5.77517,0.5145345261023218,Uncertain,Neutral,0.85616,0.40023,Neutral,,Uncertain,0.99798,0.18728,Neutral,20.1,,,0.916,"cBioPortal,COSMIC,germline_muts,somatic_muts,clinvar",,False,20.1,,,,neutral,neutral,neutral,DOWN,neutral,neutral,neutral,376610,Pathogenic/Likely pathogenic,2,94.02,H,-0.3349,0.1023,-22.2419,loss_of_function,-7.69757186110331,0.9985,pathogenic,10.1101/2022.10.22.513328; 37085483
H179L,6.96512,0.43912,-0.3464513506608674,Uncertain,Uncertain,-0.17284,0.07709,Neutral,,Uncertain,0.21109,0.13979,Neutral,20.1,,,0.882,"cBioPortal,COSMIC,somatic_muts,clinvar",,False,20.1,,,,neutral,neutral,neutral,UP,neutral,neutral,stabilizing,376608,Conflicting interpretations of pathogenicity,1,94.02,H,-0.2578,0.1023,-6.6322,loss_of_function,-4.01906621514473,0.996,pathogenic,10.1101/2022.10.22.513328; 37085483
H179N,5.84411,0.5517,0.4111029677300193,Uncertain,Uncertain,-0.00766,0.25466,Neutral,,Uncertain,0.34609,0.18977,Neutral,20.1,,3.9792442619e-06,0.902,"cBioPortal,COSMIC,somatic_muts,clinvar",,False,20.1,,,,neutral,neutral,neutral,DOWN,neutral,neutral,neutral,376609,Conflicting interpretations of pathogenicity,1,94.02,H,-0.2944,0.1023,-22.2419,loss_of_function,-7.69757186110331,0.9987,pathogenic,10.1101/2022.10.22.513328; 37085483
H179P,9.17851,9.45476,3.1706147472925448,Destabilizing,Destabilizing,0.34656,0.48202,Neutral,,Uncertain,0.54857,0.12748,Neutral,20.1,,,0.911,"cBioPortal,COSMIC,somatic_muts,clinvar",,False,20.1,,,,neutral,neutral,neutral,DOWN,neutral,neutral,neutral,376611,Conflicting interpretations of pathogenicity,1,94.02,H,-0.4509,0.1023,-22.2419,loss_of_function,-7.96459988094222,0.9947,pathogenic,10.1101/2022.10.22.513328; 37085483
H179Q,7.42658,-0.39898,0.5778389706270448,Uncertain,Uncertain,0.12236,0.35076,Neutral,,Uncertain,0.17336,0.30013,Neutral,20.1,,0.0,0.790,"cBioPortal,COSMIC,germline_muts,somatic_muts,clinvar",,False,20.1,,,,neutral,neutral,neutral,DOWN,neutral,neutral,neutral,"406578, 376607","Pathogenic, Pathogenic/Likely pathogenic","3, 2",94.02,H,-0.1881,0.1023,-8.9541,loss_of_function,-7.69757186110331,0.999,pathogenic,10.1101/2022.10.22.513328; 37085483
H179R,8.23784,2.75952,0.6757696570397032,Uncertain,Uncertain,-0.65918,-0.42482,Neutral,,Uncertain,-0.31116,0.47175,Neutral,20.1,,3.9786743057e-06,0.935,"cBioPortal,COSMIC,germline_muts,somatic_muts,clinvar",,False,20.1,,,,neutral,neutral,neutral,UP,neutral,neutral,stabilizing,376606,Conflicting interpretations of pathogenicity,1,94.02,H,-0.324,0.1023,-22.2419,loss_of_function,-7.96459988094222,0.9963,pathogenic,10.1101/2022.10.22.513328; 37085483
H179Y,9.25013,0.43571,-0.0958604387203299,Uncertain,Uncertain,-0.15454,-0.23222,Neutral,,Uncertain,-0.87798,-0.59266,Neutral,20.1,,,0.948,"cBioPortal,COSMIC,germline_muts,somatic_muts,clinvar",,False,20.1,,,,neutral,neutral,neutral,UP,neutral,neutral,stabilizing,127815,Pathogenic/Likely pathogenic,2,94.02,H,-0.2595,0.1023,-22.2419,loss_of_function,-4.77994467744306,0.9976,pathogenic,10.1101/2022.10.22.513328; 37085483
E180D,0.84174,0.69082,0.9126679885845352,Neutral,Neutral,0.27388,0.1068,Neutral,,Uncertain,0.2661,-0.15082,Neutral,42.2,,,0.798,"cBioPortal,COSMIC,somatic_muts,clinvar",,False,42.2,,,,neutral,neutral,neutral,DOWN,neutral,neutral,neutral,"1521256, 1509915","Uncertain significance, Uncertain significance","2, 1",92.98,H,-0.2399,0.5049,-22.2419,loss_of_function,-4.01310292969903,0.9843,pathogenic,10.1101/2022.10.22.513328; 37085483
E180G,1.6635,1.27211,1.2698172416218252,Neutral,Neutral,-0.39148,0.08626,Neutral,,Uncertain,-0.34875,-0.13471,Neutral,42.2,,,0.915,"COSMIC,somatic_muts",,False,42.2,,,,neutral,neutral,neutral,DOWN,neutral,neutral,neutral,,,,92.98,H,-0.3,0.5049,-22.2419,loss_of_function,-7.17653783134478,0.9391,pathogenic,10.1101/2022.10.22.513328; 37085483
E180K,0.10706,0.15952,0.4105650303174885,Neutral,Neutral,-0.62634,0.29869,Neutral,,Uncertain,-0.67995,0.09146,Neutral,42.2,,,0.823,"cBioPortal,COSMIC,germline_muts,somatic_muts,clinvar",,False,42.2,,,,neutral,neutral,neutral,UP,neutral,neutral,stabilizing,245711,Likely pathogenic,3,92.98,H,-0.2962,0.5049,-22.2419,loss_of_function,-4.89923646247751,0.9545,pathogenic,10.1101/2022.10.22.513328; 37085483
E180Q,0.06389,-0.02585,0.3072385337286565,Neutral,Neutral,-0.46598,0.12067,Neutral,,Uncertain,-0.32102,0.19077,Neutral,42.2,,,0.659,"COSMIC,somatic_muts",,False,42.2,,,,neutral,neutral,neutral,UP,neutral,neutral,stabilizing,,,,92.98,H,-0.1498,0.5049,-3.2538,loss_of_function,-1.95332187981058,0.6972,pathogenic,10.1101/2022.10.22.513328; 37085483
R181C,-0.02287,1.12483,1.0690403556477774,Neutral,Neutral,2.28606,0.22805,Uncertain,,Uncertain,1.44069,0.03521,Uncertain,87.9,,,0.891,"cBioPortal,COSMIC,germline_muts,somatic_muts,clinvar",,True,87.9,,,,neutral,neutral,neutral,DOWN,neutral,neutral,stabilizing,142624,Conflicting interpretations of pathogenicity,1,91.38,S,-0.2121,1.3753,-6.536,loss_of_function,-1.68475225689632,0.7821,pathogenic,10.1101/2022.10.22.513328; 37085483
R181G,0.48158,1.20374,1.0647430224415333,Neutral,Neutral,2.34932,0.61346,Uncertain,,Uncertain,1.87329,0.04482,Uncertain,87.9,,,0.886,COSMIC,,True,87.9,,,,neutral,neutral,neutral,DOWN,neutral,neutral,stabilizing,,,,91.38,S,-0.3182,1.3753,-22.1457,loss_of_function,-3.40908290573761,0.8319,pathogenic,10.1101/2022.10.22.513328; 37085483
R181H,0.22542,0.54082,0.1500715930485335,Neutral,Neutral,1.90044,0.3325,Uncertain,,Uncertain,1.25554,-0.22698,Uncertain,87.9,3.1843077315e-05,1.19367827983e-05,0.797,"cBioPortal,COSMIC,germline_muts,somatic_muts,clinvar",,True,87.9,,,,neutral,neutral,neutral,DOWN,neutral,neutral,stabilizing,142320,Conflicting interpretations of pathogenicity,1,91.38,S,-0.2526,1.3753,-22.1457,loss_of_function,-4.6132577539881,0.5897,pathogenic,10.1101/2022.10.22.513328; 37085483
R181L,0.00133,0.32823,-0.2596080844561366,Neutral,Neutral,2.30752,0.28083,Uncertain,,Uncertain,1.38916,0.03602,Uncertain,87.9,,,0.680,"COSMIC,germline_muts,somatic_muts,clinvar",,True,87.9,,,,neutral,neutral,neutral,DOWN,neutral,neutral,stabilizing,39420,Uncertain significance,1,91.38,S,-0.1811,1.3753,-1.7184,loss_of_function,-1.78372764631026,0.7789,pathogenic,10.1101/2022.10.22.513328; 37085483
R181P,1.44565,6.48299,4.735538118923139,Uncertain,Uncertain,2.64788,0.40048,Uncertain,,Uncertain,2.47332,0.28363,Uncertain,87.9,,,0.894,"cBioPortal,COSMIC,germline_muts,somatic_muts,clinvar",,True,87.9,,,,neutral,neutral,neutral,DOWN,neutral,neutral,stabilizing,825729,Pathogenic/Likely pathogenic,2,91.38,S,-0.4249,1.3753,-22.1457,loss_of_function,-5.89424882966398,0.9881,pathogenic,10.1101/2022.10.22.513328; 37085483
R181S,-0.24036,0.67551,0.6102525313556764,Neutral,Neutral,2.3208,0.44106,Uncertain,,Uncertain,1.95287,0.43037,Uncertain,87.9,,,0.778,"COSMIC,germline_muts,clinvar",,True,87.9,,,,neutral,neutral,neutral,DOWN,neutral,neutral,stabilizing,230764,Uncertain significance,3,91.38,S,-0.2003,1.3753,-5.858,loss_of_function,-1.95985419143055,0.9524,pathogenic,10.1101/2022.10.22.513328; 37085483
R181Y,0.19013,0.54932,0.193211545493136,Neutral,Neutral,2.32566,0.02172,Uncertain,,Uncertain,1.46944,-0.0072,Uncertain,87.9,,,,COSMIC,,True,87.9,,,,neutral,neutral,neutral,UP,neutral,neutral,neutral,,,,91.38,S,-0.3043,1.3753,-22.1457,loss_of_function,-4.7566485774957,0.9175,pathogenic,10.1101/2022.10.22.513328; 37085483
C182G,-0.18902,0.13095,0.8262304012840738,Neutral,Neutral,0.2672,0.02491,Neutral,,Uncertain,0.52986,-0.07591,Neutral,52.4,,,,clinvar,,True,52.4,,,,neutral,neutral,neutral,DOWN,neutral,neutral,stabilizing,1489700,Uncertain significance,1,83.44,S,-0.1494,2.5602,-2.6392,loss_of_function,-2.06513563086665,0.1252,benign,10.1101/2022.10.22.513328; 37085483
C182R,-0.49597,-0.94558,-0.7818698751726033,Neutral,Neutral,-0.49228,-0.26436,Neutral,,Uncertain,-0.33867,-0.42481,Neutral,52.4,,,0.644,"COSMIC,somatic_muts",,True,52.4,,,,neutral,neutral,neutral,UP,neutral,neutral,stabilizing,,,,83.44,S,-0.2328,2.5602,-7.2636,loss_of_function,-2.38440899215391,0.577,pathogenic,10.1101/2022.10.22.513328; 37085483
C182S,-0.34098,-0.73707,0.2078626982503612,Neutral,Neutral,0.00128,0.11333,Neutral,,Uncertain,0.23909,0.07263,Neutral,52.4,,,"0.438, 0.455","COSMIC,somatic_muts",,True,52.4,,,,neutral,neutral,neutral,DOWN,neutral,neutral,stabilizing,,,,83.44,S,-0.1458,2.5602,-2.2788,loss_of_function,-0.344315653188998,0.1432,benign,10.1101/2022.10.22.513328; 37085483
C182W,-0.4117,0.57177,-1.0808279829854466,Neutral,Neutral,0.12976,-0.09587,Neutral,,Uncertain,-0.23147,-0.03735,Neutral,52.4,,,0.659,"COSMIC,clinvar",,True,52.4,,,,neutral,neutral,neutral,UP,neutral,neutral,stabilizing,423137,Uncertain significance,2,83.44,S,-0.2535,2.5602,-22.1363,loss_of_function,-4.62916087876924,0.6232,pathogenic,10.1101/2022.10.22.513328; 37085483
C182Y,-0.59817,0.01156,-0.6290085915069565,Neutral,Neutral,0.15582,0.21254,Neutral,,Uncertain,-0.48653,-0.22434,Neutral,52.4,,,0.634,"COSMIC,somatic_muts",,True,52.4,,,,neutral,neutral,neutral,UP,neutral,neutral,stabilizing,,,,83.44,S,-0.1919,2.5602,-8.8485,loss_of_function,-4.62916087876924,0.4342,ambiguous,10.1101/2022.10.22.513328; 37085483
S183L,1.48097,0.0966,-0.2322410369368643,Neutral,Neutral,,,Uncertain,,Uncertain,0.0,0.07535,Neutral,109.5,,,0.556,"COSMIC,somatic_muts,clinvar",P,True,109.5,0.018,,,damaging,neutral,potentially_damaging,UP,neutral,neutral,stabilizing,480735,Conflicting interpretations of pathogenicity,1,68.18,-,-0.0529,2.5172,-7.8517,loss_of_function,-1.1839784203177,0.1353,benign,10.1101/2022.10.22.513328; 37085483
S183P,-0.91196,-0.74966,0.7907455607603439,Neutral,Neutral,,,Uncertain,,Uncertain,-0.05872,-0.06478,Neutral,109.5,,,0.457,"COSMIC,somatic_muts",P,True,109.5,0.018,,,damaging,neutral,potentially_damaging,UP,neutral,neutral,stabilizing,,,,68.18,-,-0.1123,2.5172,-4.6038,loss_of_function,-0.917250040714386,0.1431,benign,10.1101/2022.10.22.513328; 37085483
D184A,2.23817,0.38231,0.8153036376463274,Uncertain,Uncertain,,,Uncertain,,Uncertain,-0.51857,-0.17741,Neutral,78.0,,,,somatic_muts,,True,78.0,,,,neutral,neutral,neutral,DOWN,neutral,neutral,stabilizing,,,,69.78,-,-0.1843,1.7859,-22.2332,loss_of_function,-4.13100823428518,0.3377,benign,10.1101/2022.10.22.513328
D184C,1.88562,1.45816,1.281030583381927,Neutral,Neutral,,,Uncertain,,Uncertain,-0.50801,-0.40921,Neutral,78.0,,,,cBioPortal,,True,78.0,,,,neutral,neutral,neutral,-,uncertain,uncertain,uncertain,,,,69.78,-,-0.158,1.7859,-8.9453,loss_of_function,-4.35135669521169,0.702,pathogenic,10.1101/2022.10.22.513328; 37085483
D184E,0.22479,-0.12925,0.4533573079841729,Neutral,Neutral,,,Uncertain,,Uncertain,-0.32778,-0.0394,Neutral,78.0,,,0.558,"cBioPortal,COSMIC",,True,78.0,,,,neutral,neutral,neutral,UP,neutral,neutral,stabilizing,,,,69.78,-,-0.0271,1.7859,-2.2175,loss_of_function,-0.343448415506865,0.1615,benign,10.1101/2022.10.22.513328; 37085483
D184G,0.52627,1.45986,1.4537003421211607,Neutral,Neutral,,,Uncertain,,Uncertain,-0.52706,0.09026,Neutral,78.0,,,,"COSMIC,somatic_muts,clinvar",,True,78.0,,,,neutral,neutral,neutral,DOWN,neutral,neutral,stabilizing,406606,Uncertain significance,1,69.78,-,-0.1196,1.7859,-7.3604,loss_of_function,-2.86758815566188,0.2792,benign,10.1101/2022.10.22.513328; 37085483
D184H,0.54656,-0.12551,0.0154878024375509,Neutral,Neutral,,,Uncertain,,Uncertain,-0.53297,-0.24688,Neutral,78.0,,,0.700,"cBioPortal,COSMIC,somatic_muts",,True,78.0,,,,neutral,neutral,neutral,UP,neutral,neutral,stabilizing,,,,69.78,-,-0.1258,1.7859,-8.9453,loss_of_function,-3.90031923608068,0.5343,ambiguous,10.1101/2022.10.22.513328; 37085483
D184N,0.52779,-0.03878,0.1246885189872748,Neutral,Neutral,,,Uncertain,,Uncertain,-0.51092,-0.06038,Neutral,78.0,,,0.433,"cBioPortal,COSMIC,somatic_muts",,True,78.0,,,,neutral,neutral,neutral,-,uncertain,uncertain,uncertain,,,,69.78,-,-0.0449,1.7859,-1.4456,loss_of_function,-2.67346273286837,0.1931,benign,10.1101/2022.10.22.513328; 37085483
D184V,2.41904,0.25374,0.6056870824265217,Uncertain,Uncertain,,,Uncertain,,Uncertain,-0.53426,0.01794,Neutral,78.0,,,,somatic_muts,,True,78.0,,,,neutral,neutral,neutral,UP,neutral,neutral,stabilizing,,,,69.78,-,-0.2314,1.7859,-22.2332,loss_of_function,-3.10883732625192,0.3933,ambiguous,10.1101/2022.10.22.513328
D184Y,0.07421,0.28367,0.3765819980414991,Neutral,Neutral,,,Uncertain,,Uncertain,-0.4539,-0.01511,Neutral,78.0,,,0.715,"COSMIC,somatic_muts",,True,78.0,,,,neutral,neutral,neutral,UP,neutral,neutral,stabilizing,,,,69.78,-,-0.1513,1.7859,-6.9454,loss_of_function,-1.812225626061,0.451,ambiguous,10.1101/2022.10.22.513328; 37085483
S185C,-0.93577,0.93741,0.2055020699830945,Neutral,Neutral,,,Uncertain,,Uncertain,,,Uncertain,41.0,,,0.425,COSMIC,P,True,41.0,0.91,,,damaging,neutral,potentially_damaging,UP,neutral,neutral,stabilizing,,,,67.73,-,-0.111,2.3904,-22.2419,loss_of_function,-3.51485496891826,0.1144,benign,10.1101/2022.10.22.513328; 37085483
S185G,0.39616,2.18061,0.6899996191318333,Uncertain,Neutral,,,Uncertain,,Uncertain,,,Uncertain,41.0,,,0.497,COSMIC,P,True,41.0,0.91,,,damaging,neutral,potentially_damaging,DOWN,neutral,neutral,stabilizing,,,,67.73,-,0.0231,2.3904,-4.0473,gain_of_function,-0.766135825224233,0.0635,benign,10.1101/2022.10.22.513328; 37085483
S185I,-1.27395,0.15816,-0.802938912595208,Neutral,Neutral,,,Uncertain,,Uncertain,,,Uncertain,41.0,,,0.452,COSMIC,P,True,41.0,0.91,,,damaging,neutral,potentially_damaging,UP,neutral,neutral,stabilizing,,,,67.73,-,-0.1417,2.3904,-22.2419,loss_of_function,-1.77177164818091,0.2053,benign,10.1101/2022.10.22.513328; 37085483
S185N,0.26923,1.32313,-0.3547993250300874,Neutral,Neutral,,,Uncertain,,Uncertain,,,Uncertain,41.0,,3.9786743057e-06,0.325,"COSMIC,germline_muts,clinvar",P,True,41.0,0.91,,,damaging,neutral,potentially_damaging,UP,neutral,neutral,stabilizing,141359,Likely benign,3,67.73,-,0.0213,2.3904,-1.8249,gain_of_function,0.116493607243856,0.0957,benign,10.1101/2022.10.22.513328; 37085483
S185R,-0.66566,-0.08367,-0.3941096216098194,Neutral,Neutral,,,Uncertain,,Uncertain,,,Uncertain,41.0,,,0.520,"COSMIC,somatic_muts,clinvar",P,True,41.0,0.91,,,damaging,neutral,potentially_damaging,UP,neutral,neutral,stabilizing,1748280,Likely benign,1,67.73,-,-0.0785,2.3904,-7.3692,loss_of_function,-2.1883691405826,0.6104,pathogenic,10.1101/2022.10.22.513328; 37085483
S185T,-0.22047,-0.20714,0.0189128298208102,Neutral,Neutral,,,Uncertain,,Uncertain,,,Uncertain,41.0,,,,"COSMIC,somatic_muts",P,True,41.0,0.91,,,neutral,neutral,potentially_damaging,UP,neutral,neutral,stabilizing,,,,67.73,-,0.0309,2.3904,-6.1468,gain_of_function,-1.53198523946946,0.0858,benign,10.1101/2022.10.22.513328; 37085483
D186E,0.24547,2.40782,0.6763167512037196,Uncertain,Neutral,,,Uncertain,,Uncertain,,,Uncertain,92.8,,3.9784843566e-06,0.643,"COSMIC,clinvar",,True,92.8,,,,neutral,neutral,neutral,UP,neutral,neutral,stabilizing,230006,Likely benign,2,69.29,-,-0.0604,1.5659,-4.7814,loss_of_function,-0.647375049671803,0.4078,ambiguous,10.1101/2022.10.22.513328; 37085483
D186G,2.10585,3.54796,1.4270735373187142,Uncertain,Uncertain,,,Uncertain,,Uncertain,,,Uncertain,92.8,,,0.680,COSMIC,,True,92.8,,,,neutral,neutral,neutral,DOWN,neutral,neutral,mixed_effects,,,,69.29,-,-0.1116,1.5659,-1.822,loss_of_function,-5.69946724771392,0.5048,ambiguous,10.1101/2022.10.22.513328; 37085483
D186H,0.76019,2.13265,0.2236696597891574,Uncertain,Neutral,,,Uncertain,,Uncertain,,,Uncertain,92.8,,,0.692,"COSMIC,somatic_muts",,True,92.8,,,,neutral,neutral,neutral,UP,neutral,neutral,stabilizing,,,,69.29,-,-0.2139,1.5659,-22.239,loss_of_function,-3.91172505625663,0.803,pathogenic,10.1101/2022.10.22.513328; 37085483
D186N,0.51676,0.47449,0.1675870288255299,Neutral,Neutral,,,Uncertain,,Uncertain,,,Uncertain,92.8,,7.957728546e-06,0.532,"cBioPortal,COSMIC,somatic_muts,clinvar",,True,92.8,,,,neutral,neutral,neutral,-,uncertain,uncertain,uncertain,406601,Likely benign,3,69.29,-,-0.0732,1.5659,-3.0206,loss_of_function,-1.78942865852632,0.3448,ambiguous,10.1101/2022.10.22.513328; 37085483
D186V,2.1892,1.93605,1.0789154395953706,Uncertain,Uncertain,,,Uncertain,,Uncertain,,,Uncertain,92.8,,,0.800,"COSMIC,somatic_muts",,True,92.8,,,,neutral,neutral,neutral,UP,neutral,neutral,stabilizing,,,,69.29,-,-0.2517,1.5659,-22.239,loss_of_function,-5.75187386230467,0.7499,pathogenic,10.1101/2022.10.22.513328; 37085483
D186Y,2.21695,1.78503,0.4708515942979774,Uncertain,Uncertain,,,Uncertain,,Uncertain,,,Uncertain,92.8,,,,somatic_muts,,True,92.8,,,,neutral,neutral,neutral,UP,neutral,neutral,stabilizing,,,,69.29,-,-0.2496,1.5659,-22.239,loss_of_function,-5.48755082177828,0.7262,pathogenic,10.1101/2022.10.22.513328
G187A,2.0806,1.86122,0.4098616980728109,Uncertain,Uncertain,,,Uncertain,,Uncertain,,,Uncertain,110.4,,,,clinvar,,True,110.4,,,,neutral,neutral,neutral,UP,neutral,neutral,stabilizing,1479275,Uncertain significance,1,75.66,S,-0.1286,1.8092,-4.8667,loss_of_function,-1.7231937485443,0.2047,benign,10.1101/2022.10.22.513328; 37085483
G187C,2.08847,2.51463,1.122328117500309,Uncertain,Uncertain,,,Uncertain,,Uncertain,,,Uncertain,110.4,,,0.705,"cBioPortal,COSMIC,somatic_muts",,True,110.4,,,,neutral,neutral,neutral,UP,neutral,neutral,stabilizing,,,,75.66,S,-0.2011,1.8092,-7.3692,loss_of_function,-2.23517995208198,0.2974,benign,10.1101/2022.10.22.513328; 37085483
G187D,1.75642,1.38878,0.0141637292045554,Neutral,Neutral,,,Uncertain,,Uncertain,,,Uncertain,110.4,,,0.625,"cBioPortal,COSMIC,somatic_muts,clinvar",,True,110.4,,,,neutral,neutral,neutral,UP,neutral,neutral,stabilizing,422532,Uncertain significance,2,75.66,S,-0.1935,1.8092,-5.7843,loss_of_function,-2.47844934009982,0.4916,ambiguous,10.1101/2022.10.22.513328; 37085483
G187R,1.92398,1.50748,-0.0504253534906506,Neutral,Neutral,,,Uncertain,,Uncertain,,,Uncertain,110.4,,,0.700,"cBioPortal,COSMIC,clinvar",,True,110.4,,,,neutral,neutral,neutral,UP,neutral,neutral,stabilizing,635392,Conflicting interpretations of pathogenicity,1,75.66,S,-0.2938,1.8092,-22.2419,loss_of_function,-5.04099022305313,0.6489,pathogenic,10.1101/2022.10.22.513328; 37085483
G187S,1.77959,0.98776,0.4311903569354075,Neutral,Neutral,,,Uncertain,,Uncertain,,,Uncertain,110.4,,,0.649,"cBioPortal,COSMIC,somatic_muts,clinvar",,True,110.4,,,,neutral,neutral,neutral,UP,neutral,neutral,stabilizing,840399,Uncertain significance,2,75.66,S,-0.1359,1.8092,-5.1468,loss_of_function,-2.60475214338246,0.1262,benign,10.1101/2022.10.22.513328; 37085483
G187V,2.27538,5.41973,0.830133063296913,Uncertain,Uncertain,,,Uncertain,,Uncertain,,,Uncertain,110.4,,,0.666,"COSMIC,somatic_muts,clinvar",,True,110.4,,,,neutral,neutral,neutral,UP,neutral,neutral,stabilizing,2032550,Uncertain significance,1,75.66,S,-0.2281,1.8092,-7.3692,loss_of_function,-3.18355446101431,0.3175,benign,10.1101/2022.10.22.513328; 37085483
L188M,0.13688,0.71327,1.1836521223918632,Neutral,Neutral,,,Uncertain,,Uncertain,,,Uncertain,66.2,,,0.473,COSMIC,,True,66.2,,,,neutral,neutral,neutral,-,uncertain,uncertain,uncertain,,,,81.41,S,-0.004,2.5085,-6.1468,loss_of_function,-2.03246337702532,0.1544,benign,10.1101/2022.10.22.513328; 37085483
L188P,2.46639,6.37075,4.858522631279529,Uncertain,Uncertain,,,Uncertain,,Uncertain,,,Uncertain,66.2,,,,"germline_muts,somatic_muts",,True,66.2,,,,neutral,neutral,neutral,DOWN,neutral,neutral,mixed_effects,,,,81.41,S,-0.1839,2.5085,-4.9542,loss_of_function,-2.07287529396529,0.1339,benign,10.1101/2022.10.22.513328; 37085483
L188Q,0.26448,0.99218,2.158974107245543,Neutral,Uncertain,,,Uncertain,,Uncertain,,,Uncertain,66.2,,,0.581,"cBioPortal,COSMIC",,True,66.2,,,,neutral,neutral,neutral,DOWN,neutral,neutral,mixed_effects,,,,81.41,S,-0.1204,2.5085,-4.7843,loss_of_function,-4.02237159951265,0.1893,benign,10.1101/2022.10.22.513328; 37085483
L188V,1.08848,1.6551,1.1196978210969055,Neutral,Neutral,,,Uncertain,,Uncertain,,,Uncertain,66.2,,,0.572,"COSMIC,somatic_muts,clinvar",,True,66.2,,,,neutral,neutral,neutral,DOWN,neutral,neutral,mixed_effects,933702,Uncertain significance,1,81.41,S,-0.0053,2.5085,-3.8667,loss_of_function,-1.55449930492216,0.1186,benign,10.1101/2022.10.22.513328; 37085483
A189D,1.89617,4.41429,0.7521027328450266,Uncertain,Neutral,,,,,,,,,4.1,,,0.817,"cBioPortal,COSMIC,germline_muts,clinvar",,False,4.1,,,,neutral,neutral,neutral,UP,neutral,neutral,neutral,2137906,Uncertain significance,1,90.73,S,-0.2731,0.7558,-6.6322,loss_of_function,-2.40147207040067,0.9857,pathogenic,10.1101/2022.10.22.513328; 37085483
A189G,0.27103,2.21599,1.6701634148080995,Uncertain,Neutral,,,,,,,,,4.1,,,0.754,"COSMIC,somatic_muts,clinvar",,False,4.1,,,,neutral,neutral,neutral,DOWN,neutral,neutral,destabilizing,1378428,Uncertain significance,1,90.73,S,-0.2646,0.7558,-22.2419,loss_of_function,-5.8316505052007,0.6979,pathogenic,10.1101/2022.10.22.513328; 37085483
A189P,0.39829,5.85748,2.791585584146002,Uncertain,Uncertain,,,,,,,,,4.1,,,0.721,"cBioPortal,COSMIC,somatic_muts",,False,4.1,,,,neutral,neutral,neutral,UP,neutral,neutral,neutral,,,,90.73,S,-0.3925,0.7558,-22.2419,loss_of_function,-3.86587816946943,0.7205,pathogenic,10.1101/2022.10.22.513328; 37085483
A189S,0.25459,1.50238,0.6913250750013455,Neutral,Neutral,,,,,,,,,4.1,,,0.700,"COSMIC,clinvar",,False,4.1,,,,neutral,neutral,neutral,-,uncertain,uncertain,uncertain,528262,Uncertain significance,2,90.73,S,-0.1578,0.7558,-6.9542,loss_of_function,-2.63286801121178,0.3994,ambiguous,10.1101/2022.10.22.513328; 37085483
A189T,0.35151,1.6017,0.0240583833009672,Neutral,Neutral,,,,,,,,,4.1,,,0.728,"COSMIC,somatic_muts",,False,4.1,,,,neutral,neutral,neutral,UP,neutral,neutral,neutral,,,,90.73,S,-0.1596,0.7558,-6.1468,loss_of_function,-1.81167935946565,0.7003,pathogenic,10.1101/2022.10.22.513328; 37085483
A189V,-0.68612,2.17483,-0.6255001834328533,Uncertain,Neutral,,,,,,,,,4.1,,2.38617924979e-05,0.790,"cBioPortal,COSMIC,germline_muts,somatic_muts,clinvar",,False,4.1,,,,neutral,neutral,neutral,UP,neutral,neutral,neutral,12382,Conflicting interpretations of pathogenicity,1,90.73,S,-0.1591,0.7558,-6.6322,loss_of_function,-2.91132196336471,0.5887,pathogenic,10.1101/2022.10.22.513328; 37085483
P190A,2.88007,1.04694,0.0159939113791296,Uncertain,Uncertain,,,Uncertain,,Uncertain,,,Uncertain,33.2,,,0.757,"cBioPortal,COSMIC,somatic_muts,clinvar",,False,33.2,,,,neutral,neutral,neutral,DOWN,neutral,neutral,stabilizing,1021934,Uncertain significance,1,92.74,-,-0.1984,0.6122,-7.9483,loss_of_function,-2.99567003362681,0.4869,ambiguous,10.1101/2022.10.22.513328; 37085483
P190F,2.71204,0.78401,-0.3438657127429906,Uncertain,Uncertain,,,Uncertain,,Uncertain,,,Uncertain,33.2,,,,COSMIC,,False,33.2,,,,neutral,neutral,neutral,UP,neutral,neutral,stabilizing,,,,92.74,-,-0.3324,0.6122,-22.2361,loss_of_function,-4.64609065702091,0.966,pathogenic,10.1101/2022.10.22.513328; 37085483
P190H,3.20175,1.34014,-0.5202111650556296,Uncertain,Uncertain,,,Uncertain,,Uncertain,,,Uncertain,33.2,,,0.731,COSMIC,,False,33.2,,,,neutral,neutral,neutral,UP,neutral,neutral,stabilizing,,,,92.74,-,-0.2151,0.6122,-3.6264,loss_of_function,-3.24502230725534,0.7649,pathogenic,10.1101/2022.10.22.513328; 37085483
P190L,2.52032,0.38878,-0.4849872202959743,Uncertain,Uncertain,,,Uncertain,,Uncertain,,,Uncertain,33.2,,,0.824,"cBioPortal,COSMIC,germline_muts,somatic_muts,clinvar",,False,33.2,,,,neutral,neutral,neutral,UP,neutral,neutral,stabilizing,418517,Likely pathogenic,3,92.74,-,-0.2523,0.6122,-8.9482,loss_of_function,-5.71134636968457,0.7083,pathogenic,10.1101/2022.10.22.513328; 37085483
P190N,3.05318,1.57721,-0.1220252066578214,Uncertain,Uncertain,,,Uncertain,,Uncertain,,,Uncertain,33.2,,,,"COSMIC,somatic_muts",,False,33.2,,,,neutral,neutral,neutral,-,uncertain,uncertain,uncertain,,,,92.74,-,-0.2222,0.6122,-7.3634,loss_of_function,-3.83177689961355,0.9398,pathogenic,10.1101/2022.10.22.513328; 37085483
P190R,2.91379,1.04116,-0.1647432343463845,Uncertain,Uncertain,,,Uncertain,,Uncertain,,,Uncertain,33.2,,,0.846,"cBioPortal,COSMIC,germline_muts,clinvar",,False,33.2,,,,neutral,neutral,neutral,UP,neutral,neutral,stabilizing,234061,Conflicting interpretations of pathogenicity,1,92.74,-,-0.3412,0.6122,-22.2361,loss_of_function,-5.59560735149418,0.8268,pathogenic,10.1101/2022.10.22.513328; 37085483
P190S,3.36488,1.81769,0.0092582782303474,Uncertain,Uncertain,,,Uncertain,,Uncertain,,,Uncertain,33.2,,,0.788,"cBioPortal,COSMIC,somatic_muts,clinvar",,False,33.2,,,,neutral,neutral,neutral,DOWN,neutral,neutral,stabilizing,646725,Uncertain significance,2,92.74,-,-0.1981,0.6122,-7.9483,loss_of_function,-3.5530655746616,0.6927,pathogenic,10.1101/2022.10.22.513328; 37085483
P190T,4.20085,1.97721,0.1700154816349997,Uncertain,Uncertain,,,Uncertain,,Uncertain,,,Uncertain,33.2,,,0.822,"cBioPortal,COSMIC,somatic_muts,clinvar",,False,33.2,,,,neutral,neutral,neutral,-,uncertain,uncertain,uncertain,233197,Uncertain significance,2,92.74,-,-0.2832,0.6122,-22.2361,loss_of_function,-5.26746995626814,0.8083,pathogenic,10.1101/2022.10.22.513328; 37085483
P191A,1.89183,0.52959,0.2582913534108527,Neutral,Neutral,,,Uncertain,,Uncertain,,,Uncertain,48.8,,,0.598,COSMIC,,False,48.8,,,,neutral,neutral,neutral,DOWN,neutral,neutral,stabilizing,,,,93.45,T,-0.105,1.3131,-2.2759,loss_of_function,-1.57010272545414,0.1423,benign,10.1101/2022.10.22.513328; 37085483
P191H,2.72137,1.33571,0.0460709403559733,Uncertain,Uncertain,,,Uncertain,,Uncertain,,,Uncertain,48.8,,3.9765226105e-06,0.797,"cBioPortal,COSMIC,somatic_muts,clinvar",,False,48.8,,,,neutral,neutral,neutral,UP,neutral,neutral,stabilizing,853530,Uncertain significance,2,93.45,T,-0.2456,1.3131,-22.2361,loss_of_function,-5.0015821412385,0.6467,pathogenic,10.1101/2022.10.22.513328; 37085483
P191L,1.70207,0.69558,-0.3659297230593639,Neutral,Neutral,,,Uncertain,,Uncertain,,,Uncertain,48.8,,3.9765226105e-06,0.748,"cBioPortal,COSMIC,somatic_muts",,False,48.8,,,,neutral,neutral,neutral,UP,neutral,neutral,stabilizing,,,,93.45,T,-0.2556,1.3131,-22.2361,loss_of_function,-4.30289476148818,0.5851,pathogenic,10.1101/2022.10.22.513328; 37085483
P191R,1.12218,0.95306,-0.2464633651499947,Neutral,Neutral,,,Uncertain,,Uncertain,,,Uncertain,48.8,,1.19295678315e-05,0.617,"COSMIC,somatic_muts,clinvar",,False,48.8,,,,neutral,neutral,neutral,UP,neutral,neutral,stabilizing,127816,Likely benign,3,93.45,T,-0.1802,1.3131,-3.3337,loss_of_function,-2.35161070148448,0.5246,ambiguous,10.1101/2022.10.22.513328; 37085483
P191S,2.58372,0.64354,0.3974235425301653,Uncertain,Uncertain,,,Uncertain,,Uncertain,,,Uncertain,48.8,,,0.722,"cBioPortal,COSMIC,somatic_muts,clinvar",,False,48.8,,,,neutral,neutral,neutral,DOWN,neutral,neutral,stabilizing,1024017,Uncertain significance,1,93.45,T,-0.1285,1.3131,-6.9483,loss_of_function,-1.80852078612712,0.3445,ambiguous,10.1101/2022.10.22.513328; 37085483
P191T,2.96192,0.63605,0.206460697551763,Uncertain,Uncertain,,,Uncertain,,Uncertain,,,Uncertain,48.8,,,0.727,"COSMIC,somatic_muts",,False,48.8,,,,neutral,neutral,neutral,-,uncertain,uncertain,uncertain,,,,93.45,T,-0.2187,1.3131,-22.2361,loss_of_function,-3.21332629010937,0.5102,ambiguous,10.1101/2022.10.22.513328; 37085483
Q192H,1.49267,0.13231,-0.2754659137054649,Neutral,Neutral,0.0104,0.2522,Neutral,,Uncertain,,,Uncertain,30.3,,,"0.534, 0.537","cBioPortal,COSMIC,somatic_muts,clinvar",,False,30.3,,,,neutral,neutral,neutral,UP,neutral,neutral,stabilizing,"988617, 922531","Likely benign, Uncertain significance","1, 2",93.42,T,-0.0899,1.4461,-6.9483,loss_of_function,-1.73335343456233,0.3598,ambiguous,10.1101/2022.10.22.513328; 37085483
Q192K,0.41574,-0.01837,0.0850744580864015,Neutral,Neutral,-0.08762,-0.14474,Neutral,,Uncertain,,,Uncertain,30.3,,,0.640,"COSMIC,somatic_muts",,False,30.3,,,,neutral,neutral,neutral,UP,neutral,neutral,stabilizing,,,,93.42,T,-0.2,1.4461,-22.2361,loss_of_function,-3.90293857336837,0.2843,benign,10.1101/2022.10.22.513328; 37085483
Q192L,0.93186,0.14286,-0.594824596434082,Neutral,Neutral,0.00496,0.34324,Neutral,,Uncertain,,,Uncertain,30.3,,,0.718,"cBioPortal,COSMIC,somatic_muts",,False,30.3,,,,neutral,neutral,neutral,UP,neutral,neutral,stabilizing,,,,93.42,T,-0.1857,1.4461,-22.2361,loss_of_function,-4.30901436282833,0.3186,benign,10.1101/2022.10.22.513328; 37085483
Q192P,-0.43128,3.35374,2.768601698737986,Uncertain,Uncertain,-0.02324,0.08481,Neutral,,Uncertain,,,Uncertain,30.3,,,,clinvar,,False,30.3,,,,neutral,neutral,neutral,DOWN,neutral,neutral,neutral,1036209,Uncertain significance,1,93.42,T,-0.3404,1.4461,-22.2361,loss_of_function,-5.41081355098746,0.3204,benign,10.1101/2022.10.22.513328; 37085483
Q192R,0.97226,0.65068,-0.4198727624727399,Neutral,Neutral,-0.17558,0.07085,Neutral,,Uncertain,,,Uncertain,30.3,,,0.677,"cBioPortal,COSMIC,somatic_muts,clinvar",,False,30.3,,,,neutral,neutral,neutral,UP,neutral,neutral,stabilizing,182931,Uncertain significance,2,93.42,T,-0.1188,1.4461,-6.6264,loss_of_function,-2.49721471871481,0.2727,benign,10.1101/2022.10.22.513328; 37085483
H193D,1.34909,2.27789,2.337752259809405,Uncertain,Uncertain,,,,,,,,,1.7,,,0.922,"cBioPortal,COSMIC,germline_muts,somatic_muts,clinvar",,False,1.7,,,,neutral,neutral,neutral,DOWN,neutral,neutral,stabilizing,376613,Likely pathogenic,0,95.71,-,-0.3443,0.0001,-22.2419,loss_of_function,-7.14475957649214,0.998,pathogenic,10.1101/2022.10.22.513328; 37085483
H193L,-1.1384,0.09252,-0.0726198477659756,Neutral,Neutral,,,,,,,,,1.7,,,0.864,"cBioPortal,COSMIC,somatic_muts,clinvar",,False,1.7,,,,neutral,neutral,neutral,UP,neutral,neutral,stabilizing,185822,Conflicting interpretations of pathogenicity,1,95.71,-,-0.3469,0.0001,-22.2419,loss_of_function,-8.25135518731248,0.9942,pathogenic,10.1101/2022.10.22.513328; 37085483
H193N,0.82174,1.81701,1.197550449497209,Neutral,Neutral,,,,,,,,,1.7,,,0.875,"cBioPortal,COSMIC,somatic_muts,clinvar",,False,1.7,,,,neutral,neutral,neutral,DOWN,neutral,neutral,stabilizing,376614,Likely pathogenic,0,95.71,-,-0.3038,0.0001,-22.2419,loss_of_function,-7.14475957649214,0.9845,pathogenic,10.1101/2022.10.22.513328; 37085483
H193P,2.5858,7.4068,5.774857279537604,Uncertain,Uncertain,,,,,,,,,1.7,,,0.870,"cBioPortal,COSMIC,germline_muts,somatic_muts,clinvar",,False,1.7,,,,neutral,neutral,neutral,DOWN,neutral,neutral,stabilizing,376612,Pathogenic,3,95.71,-,-0.4603,0.0001,-22.2419,loss_of_function,-8.25135518731248,0.9975,pathogenic,10.1101/2022.10.22.513328; 37085483
H193Q,1.19117,0.74116,1.3773031027367555,Neutral,Neutral,,,,,,,,,1.7,,,0.807,"cBioPortal,COSMIC,somatic_muts,clinvar",,False,1.7,,,,neutral,neutral,neutral,DOWN,neutral,neutral,stabilizing,825975,Likely pathogenic,1,95.71,-,-0.2653,0.0001,-22.2419,loss_of_function,-6.22965436600818,0.9979,pathogenic,10.1101/2022.10.22.513328; 37085483
H193R,3.85949,2.56395,1.1688875590596062,Uncertain,Uncertain,,,,,,,,,1.7,,,0.884,"cBioPortal,COSMIC,germline_muts,somatic_muts,clinvar",,False,1.7,,,,neutral,neutral,neutral,UP,neutral,neutral,stabilizing,184979,Pathogenic/Likely pathogenic,2,95.71,-,-0.3334,0.0001,-22.2419,loss_of_function,-5.99226010418964,0.9982,pathogenic,10.1101/2022.10.22.513328; 37085483
H193Y,0.28682,-0.74184,-0.6032064985606739,Neutral,Neutral,,,,,,,,,1.7,,,0.887,"cBioPortal,COSMIC,germline_muts,somatic_muts,clinvar",,False,1.7,,,,neutral,neutral,neutral,UP,neutral,neutral,stabilizing,230256,Pathogenic/Likely pathogenic,2,95.71,-,-0.2689,0.0001,-22.2419,loss_of_function,-4.01303053158416,0.9627,pathogenic,10.1101/2022.10.22.513328; 37085483
L194F,2.88237,0.52075,0.7423177552664456,Uncertain,Uncertain,,,,,,,,,1.9,,,0.851,"cBioPortal,COSMIC,germline_muts,somatic_muts,clinvar",,False,1.9,,,,neutral,neutral,neutral,UP,neutral,neutral,neutral,127817,Pathogenic/Likely pathogenic,2,97.01,S,-0.2832,0.021,-8.9541,loss_of_function,-5.28126106416149,0.9428,pathogenic,10.1101/2022.10.22.513328; 37085483
L194H,3.13918,2.01871,2.300440058553925,Uncertain,Uncertain,,,,,,,,,1.9,,,0.918,"cBioPortal,COSMIC,somatic_muts,clinvar",,False,1.9,,,,neutral,neutral,neutral,DOWN,neutral,neutral,neutral,376634,Conflicting interpretations of pathogenicity,1,97.01,S,-0.46,0.021,-22.2419,loss_of_function,-6.32813408679831,0.9974,pathogenic,10.1101/2022.10.22.513328; 37085483
L194I,0.28381,1.49082,0.991568681936036,Neutral,Neutral,,,,,,,,,1.9,,,0.791,"cBioPortal,COSMIC,somatic_muts",,False,1.9,,,,neutral,neutral,neutral,-,uncertain,uncertain,uncertain,,,,97.01,S,-0.2917,0.021,-22.2419,loss_of_function,-3.75098857645665,0.5835,pathogenic,10.1101/2022.10.22.513328; 37085483
L194P,1.68505,2.51259,5.5249730638769785,Uncertain,Uncertain,,,,,,,,,1.9,,,0.937,"cBioPortal,COSMIC,somatic_muts,clinvar",,False,1.9,,,,neutral,neutral,neutral,DOWN,neutral,neutral,neutral,376635,Uncertain significance,1,97.01,S,-0.501,0.021,-22.2419,loss_of_function,-8.07358961589327,0.9989,pathogenic,10.1101/2022.10.22.513328; 37085483
L194R,9.90144,5.28401,3.5122086444320804,Destabilizing,Destabilizing,,,,,,,,,1.9,,3.9763644895e-06,0.933,"cBioPortal,COSMIC,somatic_muts,clinvar",,False,1.9,,,,neutral,neutral,neutral,UP,neutral,neutral,neutral,376633,Conflicting interpretations of pathogenicity,1,97.01,S,-0.4978,0.021,-22.2419,loss_of_function,-8.07358961589327,0.9952,pathogenic,10.1101/2022.10.22.513328; 37085483
L194V,1.65588,0.94014,1.13131557142301,Neutral,Neutral,,,,,,,,,1.9,,,0.833,"cBioPortal,COSMIC,somatic_muts",,False,1.9,,,,neutral,neutral,neutral,DOWN,neutral,neutral,neutral,,,,97.01,S,-0.328,0.021,-22.2419,loss_of_function,-4.06512820151916,0.7109,pathogenic,10.1101/2022.10.22.513328; 37085483
I195F,6.32976,3.03878,1.478604949599462,Destabilizing,Uncertain,,,,,,,,,4.9,,,0.904,"cBioPortal,COSMIC,somatic_muts,clinvar",,False,4.9,,,,neutral,neutral,neutral,UP,neutral,neutral,stabilizing,376617,Conflicting interpretations of pathogenicity,1,97.65,E,-0.3622,0.2723,-22.2419,loss_of_function,-6.96272216613622,0.9288,pathogenic,10.1101/2022.10.22.513328; 37085483
I195K,4.66906,5.06633,4.527148244155692,Destabilizing,Destabilizing,,,,,,,,,4.9,,,,"cBioPortal,COSMIC",,False,4.9,,,,neutral,neutral,neutral,-,uncertain,uncertain,uncertain,,,,97.65,E,-0.4987,0.2723,-22.2419,loss_of_function,-7.4631744305005,0.9982,pathogenic,10.1101/2022.10.22.513328; 37085483
I195L,0.35754,0.72381,0.6074098734520478,Neutral,Neutral,,,,,,,,,4.9,,,0.724,"COSMIC,somatic_muts",,False,4.9,,,,neutral,neutral,neutral,-,uncertain,uncertain,uncertain,,,,97.65,E,-0.2025,0.2723,-5.7843,loss_of_function,-2.06454558168875,0.2338,benign,10.1101/2022.10.22.513328; 37085483
I195M,0.40799,1.06803,1.523163526437013,Neutral,Neutral,,,,,,,,,4.9,,,0.755,"cBioPortal,COSMIC,clinvar",,False,4.9,,,,neutral,neutral,neutral,-,uncertain,uncertain,uncertain,376620,Uncertain significance,2,97.65,E,-0.2141,0.2723,-6.9542,loss_of_function,-2.07380098452234,0.4112,ambiguous,10.1101/2022.10.22.513328; 37085483
I195N,3.18616,3.70714,3.0353622371921896,Destabilizing,Destabilizing,,,,,,,,,4.9,,,0.840,"cBioPortal,COSMIC,germline_muts,somatic_muts,clinvar",,False,4.9,,,,neutral,neutral,neutral,DOWN,neutral,neutral,neutral,376618,Conflicting interpretations of pathogenicity,1,97.65,E,-0.4384,0.2723,-22.2419,loss_of_function,-7.4631744305005,0.998,pathogenic,10.1101/2022.10.22.513328; 37085483
I195S,5.15419,4.23197,4.024229938813565,Destabilizing,Destabilizing,,,,,,,,,4.9,,,0.865,"cBioPortal,COSMIC,somatic_muts,clinvar",,False,4.9,,,,neutral,neutral,neutral,DOWN,neutral,neutral,neutral,376619,Uncertain significance,1,97.65,E,-0.4418,0.2723,-22.2419,loss_of_function,-6.41975022589998,0.9967,pathogenic,10.1101/2022.10.22.513328; 37085483
I195T,3.12645,2.53129,2.7104682283870667,Uncertain,Uncertain,,,,,,,,,4.9,,0.0,0.851,"cBioPortal,COSMIC,germline_muts,somatic_muts,clinvar",,False,4.9,,,,neutral,neutral,neutral,DOWN,neutral,neutral,neutral,216077,Conflicting interpretations of pathogenicity,1,97.65,E,-0.2908,0.2723,-8.9541,loss_of_function,-6.41975022589998,0.9962,pathogenic,10.1101/2022.10.22.513328; 37085483
I195V,0.91577,0.91633,0.9307103896010468,Neutral,Neutral,,,,,,,,,4.9,,,0.725,"cBioPortal,somatic_muts",,False,4.9,,,,neutral,neutral,neutral,DOWN,neutral,neutral,neutral,,,,97.65,E,-0.1707,0.2723,-7.3692,loss_of_function,-2.02257112956522,0.4167,ambiguous,10.1101/2022.10.22.513328; 37085483
R196G,2.07079,3.32347,2.986272717792682,Uncertain,Uncertain,,,,,,,,,6.1,,,0.897,"cBioPortal,COSMIC,somatic_muts,clinvar",,False,6.1,,,,neutral,neutral,neutral,DOWN,neutral,neutral,mixed_effects,232344,Uncertain significance,2,96.53,E,-0.4371,0.0888,-22.239,loss_of_function,-7.80629060075436,0.9907,pathogenic,10.1101/2022.10.22.513328; 37085483
R196L,-1.09856,0.4551,0.5784142951774351,Neutral,Neutral,,,,,,,,,6.1,,,0.933,"cBioPortal,COSMIC,somatic_muts,clinvar",,False,6.1,,,,neutral,neutral,neutral,DOWN,neutral,neutral,mixed_effects,100814,Conflicting interpretations of pathogenicity,1,96.53,E,-0.4041,0.0888,-22.239,loss_of_function,-5.82925530448756,0.9763,pathogenic,10.1101/2022.10.22.513328; 37085483
R196P,3.30531,4.09592,4.576769529697911,Destabilizing,Destabilizing,,,,,,,,,6.1,,,0.941,"cBioPortal,COSMIC,germline_muts,somatic_muts,clinvar",,False,6.1,,,,neutral,neutral,neutral,DOWN,neutral,neutral,mixed_effects,231165,Conflicting interpretations of pathogenicity,1,96.53,E,-0.5438,0.0888,-22.239,loss_of_function,-7.80629060075436,0.9985,pathogenic,10.1101/2022.10.22.513328; 37085483
R196Q,0.57181,0.5949,1.9101299863029204,Neutral,Neutral,,,,,,,,,6.1,,3.9763961127e-06,0.888,"cBioPortal,COSMIC,germline_muts,somatic_muts,clinvar",,False,6.1,,,,neutral,neutral,neutral,DOWN,neutral,neutral,mixed_effects,216467,Uncertain significance,2,96.53,E,-0.2984,0.0888,-6.9513,loss_of_function,-4.08074164295966,0.8076,pathogenic,10.1101/2022.10.22.513328; 37085483
V197A,3.41203,2.8983,2.8754398701635644,Uncertain,Uncertain,,,,,,,,,2.4,,,0.823,"COSMIC,somatic_muts",,False,2.4,,,,neutral,neutral,neutral,DOWN,neutral,neutral,destabilizing,,,,96.51,E,-0.3211,0.325,-22.2419,loss_of_function,-3.5206512021933,0.7733,pathogenic,10.1101/2022.10.22.513328; 37085483
V197E,4.62419,4.05476,4.647460498145247,Destabilizing,Destabilizing,,,,,,,,,2.4,,,0.897,"cBioPortal,COSMIC,germline_muts,somatic_muts,clinvar",,False,2.4,,,,neutral,neutral,neutral,-,uncertain,uncertain,uncertain,634757,Uncertain significance,2,96.51,E,-0.445,0.325,-22.2419,loss_of_function,-6.8456697360114,0.9891,pathogenic,10.1101/2022.10.22.513328; 37085483
V197G,5.22898,5.62823,5.198298834312561,Destabilizing,Destabilizing,,,,,,,,,2.4,,,0.914,"cBioPortal,COSMIC,somatic_muts,clinvar",,False,2.4,,,,neutral,neutral,neutral,DOWN,neutral,neutral,destabilizing,826051,Uncertain significance,2,96.51,E,-0.4469,0.325,-22.2419,loss_of_function,-6.75265058190232,0.9,pathogenic,10.1101/2022.10.22.513328; 37085483
V197L,0.67365,2.92109,1.22416444888438,Uncertain,Neutral,,,,,,,,,2.4,,,0.730,"cBioPortal,COSMIC,germline_muts,somatic_muts,clinvar",,False,2.4,,,,neutral,neutral,neutral,UP,neutral,neutral,stabilizing,"480766, 216468","Uncertain significance, Uncertain significance","1, 2",96.51,E,-0.2488,0.325,-7.9541,loss_of_function,-2.53947494754032,0.9179,pathogenic,10.1101/2022.10.22.513328; 37085483
V197M,0.70599,2.88163,2.214214163593786,Uncertain,Uncertain,,,,,,,,,2.4,,0.0,0.758,"cBioPortal,COSMIC,germline_muts,somatic_muts,clinvar",,False,2.4,,,,neutral,neutral,neutral,UP,neutral,neutral,stabilizing,188060,Uncertain significance,2,96.51,E,-0.2468,0.325,-5.7843,loss_of_function,-2.05747489701612,0.8149,pathogenic,10.1101/2022.10.22.513328; 37085483
V197R,3.13142,4.50612,4.1472646469798,Destabilizing,Destabilizing,,,,,,,,,2.4,,,,COSMIC,,False,2.4,,,,neutral,neutral,neutral,UP,neutral,neutral,stabilizing,,,,96.51,E,-0.5049,0.325,-22.2419,loss_of_function,-7.33996685341231,0.9904,pathogenic,10.1101/2022.10.22.513328; 37085483
E198D,1.34383,1.00034,0.2145749890127424,Neutral,Neutral,,,Uncertain,,Uncertain,,,Uncertain,57.0,,,0.824,"cBioPortal,somatic_muts",,False,57.0,,,,neutral,neutral,neutral,DOWN,neutral,neutral,mixed_effects,,,,92.67,S,-0.2801,0.0678,-22.2419,loss_of_function,-2.9993919025193,0.9126,pathogenic,10.1101/2022.10.22.513328; 37085483
E198G,2.28281,1.41667,0.6652351144526893,Uncertain,Uncertain,,,Uncertain,,Uncertain,,,Uncertain,57.0,,,0.915,"cBioPortal,COSMIC,somatic_muts,clinvar",,False,57.0,,,,neutral,neutral,neutral,DOWN,neutral,neutral,mixed_effects,1750606,Uncertain significance,2,92.67,S,-0.2622,0.0678,-6.9542,loss_of_function,-3.91981923473022,0.8918,pathogenic,10.1101/2022.10.22.513328; 37085483
E198K,0.76396,0.65442,0.1842407557244285,Neutral,Neutral,,,Uncertain,,Uncertain,,,Uncertain,57.0,,,0.910,"cBioPortal,COSMIC,somatic_muts",,False,57.0,,,,neutral,neutral,neutral,UP,neutral,neutral,neutral,,,,92.67,S,-0.3364,0.0678,-22.2419,loss_of_function,-6.67699439893473,0.9619,pathogenic,10.1101/2022.10.22.513328; 37085483
E198Q,0.97646,-0.32143,0.0973604023435564,Neutral,Neutral,,,Uncertain,,Uncertain,,,Uncertain,57.0,,,0.889,"COSMIC,somatic_muts",,False,57.0,,,,neutral,neutral,neutral,UP,neutral,neutral,neutral,,,,92.67,S,-0.2869,0.0678,-22.2419,loss_of_function,-3.67879250789538,0.8704,pathogenic,10.1101/2022.10.22.513328; 37085483
E198V,2.29634,1.05714,0.0037461339022415,Uncertain,Uncertain,,,Uncertain,,Uncertain,,,Uncertain,57.0,,,0.926,COSMIC,,False,57.0,,,,neutral,neutral,neutral,-,uncertain,uncertain,uncertain,,,,92.67,S,-0.3277,0.0678,-22.2419,loss_of_function,-6.1303990407713,0.9698,pathogenic,10.1101/2022.10.22.513328; 37085483
G199A,2.13038,1.03469,1.4358746664215607,Uncertain,Uncertain,,,Uncertain,,Uncertain,,,Uncertain,121.9,,,0.888,"COSMIC,somatic_muts",,False,121.9,,,,neutral,neutral,neutral,UP,neutral,neutral,stabilizing,,,,89.17,S,-0.2948,0.1416,-7.3721,loss_of_function,-4.80334672416214,0.7779,pathogenic,10.1101/2022.10.22.513328; 37085483
G199E,1.97517,1.32925,1.3479098065400266,Neutral,Neutral,,,Uncertain,,Uncertain,,,Uncertain,121.9,,,0.880,"cBioPortal,COSMIC,somatic_muts,clinvar",,False,121.9,,,,neutral,neutral,neutral,UP,neutral,neutral,stabilizing,582257,Uncertain significance,2,89.17,S,-0.3522,0.1416,-6.9571,loss_of_function,-3.96135340166989,0.9647,pathogenic,10.1101/2022.10.22.513328; 37085483
G199I,3.97367,4.78605,2.83241156125027,Destabilizing,Uncertain,,,Uncertain,,Uncertain,,,Uncertain,121.9,,,,cBioPortal,,False,121.9,,,,neutral,neutral,neutral,UP,neutral,neutral,stabilizing,,,,89.17,S,-0.5142,0.1416,-22.2448,loss_of_function,-7.38569882570294,0.9905,pathogenic,10.1101/2022.10.22.513328; 37085483
G199K,1.17888,0.81259,0.8868088451465289,Neutral,Neutral,,,Uncertain,,Uncertain,,,Uncertain,121.9,,,,somatic_muts,,False,121.9,,,,neutral,neutral,neutral,UP,neutral,neutral,stabilizing,,,,89.17,S,-0.4632,0.1416,-22.2448,loss_of_function,-7.64307823678845,0.9923,pathogenic,10.1101/2022.10.22.513328
G199R,1.22529,1.27857,0.8690616983305949,Neutral,Neutral,,,Uncertain,,Uncertain,,,Uncertain,121.9,,,0.883,"COSMIC,somatic_muts,clinvar",,False,121.9,,,,neutral,neutral,neutral,UP,neutral,neutral,stabilizing,1015039,Uncertain significance,1,89.17,S,-0.3794,0.1416,-8.957,loss_of_function,-7.64307823678845,0.9824,pathogenic,10.1101/2022.10.22.513328; 37085483
G199T,2.57007,1.15272,2.3542543035184087,Uncertain,Uncertain,,,Uncertain,,Uncertain,,,Uncertain,121.9,,,,COSMIC,,False,121.9,,,,neutral,neutral,neutral,UP,neutral,neutral,stabilizing,,,,89.17,S,-0.4535,0.1416,-22.2448,loss_of_function,-6.8709400035319,0.9385,pathogenic,10.1101/2022.10.22.513328; 37085483
G199V,4.37332,5.03741,2.492362866288133,Destabilizing,Uncertain,,,Uncertain,,Uncertain,,,Uncertain,121.9,,,0.899,"cBioPortal,COSMIC,germline_muts,somatic_muts,clinvar",,False,121.9,,,,neutral,neutral,neutral,UP,neutral,neutral,stabilizing,451799,Likely pathogenic,1,89.17,S,-0.4574,0.1416,-22.2448,loss_of_function,-7.38569882570294,0.9687,pathogenic,10.1101/2022.10.22.513328; 37085483
N200D,0.27163,0.10748,1.268792599226094,Neutral,Neutral,,,Uncertain,,Uncertain,,,Uncertain,24.8,,,0.840,"COSMIC,somatic_muts,clinvar",,False,24.8,,,,neutral,neutral,neutral,-,uncertain,uncertain,uncertain,1061739,Uncertain significance,1,89.46,-,-0.275,0.6214,-22.2448,loss_of_function,-3.29350549214925,0.7248,pathogenic,10.1101/2022.10.22.513328; 37085483
N200H,-0.03603,0.9449,0.167348261681246,Neutral,Neutral,,,Uncertain,,Uncertain,,,Uncertain,24.8,,,,clinvar,,False,24.8,,,,neutral,neutral,neutral,UP,neutral,neutral,mixed_effects,2006345,Uncertain significance,1,89.46,-,-0.2767,0.6214,-22.2448,loss_of_function,-4.73925841340621,0.5591,ambiguous,10.1101/2022.10.22.513328
N200I,-1.56755,-0.05408,-0.1322421350551067,Neutral,Neutral,,,Uncertain,,Uncertain,,,Uncertain,24.8,,,0.792,COSMIC,,False,24.8,,,,neutral,neutral,neutral,UP,neutral,neutral,mixed_effects,,,,89.46,-,-0.2461,0.6214,-7.3721,loss_of_function,-3.88280033074422,0.8104,pathogenic,10.1101/2022.10.22.513328; 37085483
N200K,-0.57017,1.3119,1.4578274465522607,Neutral,Neutral,,,Uncertain,,Uncertain,,,Uncertain,24.8,,,,somatic_muts,,False,24.8,,,,neutral,neutral,neutral,UP,neutral,neutral,mixed_effects,,,,89.46,-,-0.275,0.6214,-22.2448,loss_of_function,-4.36009452915514,0.9759,pathogenic,10.1101/2022.10.22.513328
N200S,1.20395,1.42823,1.6884394534165292,Neutral,Neutral,,,Uncertain,,Uncertain,,,Uncertain,24.8,,,0.678,"COSMIC,somatic_muts,clinvar",,False,24.8,,,,neutral,neutral,neutral,DOWN,neutral,neutral,stabilizing,924379,Uncertain significance,1,89.46,-,-0.1458,0.6214,-3.4653,loss_of_function,-2.69652319272738,0.2322,benign,10.1101/2022.10.22.513328; 37085483
N200T,0.2007,0.74694,1.1292204100114835,Neutral,Neutral,,,Uncertain,,Uncertain,,,Uncertain,24.8,,,0.768,"COSMIC,somatic_muts",,False,24.8,,,,neutral,neutral,neutral,-,uncertain,uncertain,uncertain,,,,89.46,-,-0.2153,0.6214,-7.3721,loss_of_function,-2.68225003822747,0.6728,pathogenic,10.1101/2022.10.22.513328; 37085483
N200Y,-0.7438,-0.02517,0.0499660480011859,Neutral,Neutral,,,Uncertain,,Uncertain,,,Uncertain,24.8,,,0.900,"cBioPortal,COSMIC,clinvar",,False,24.8,,,,neutral,neutral,neutral,UP,neutral,neutral,mixed_effects,2450739,Uncertain significance,1,89.46,-,-0.3125,0.6214,-22.2448,loss_of_function,-5.66554857065075,0.7838,pathogenic,10.1101/2022.10.22.513328; 37085483
L201F,0.01504,-0.0949,0.3050379998887692,Neutral,Neutral,,,Uncertain,,Uncertain,,,Uncertain,90.9,,,0.446,"COSMIC,somatic_muts",,False,90.9,,,,neutral,neutral,neutral,UP,neutral,neutral,mixed_effects,,,,90.95,T,-0.0704,2.2788,-7.957,loss_of_function,-3.07549202194472,0.1485,benign,10.1101/2022.10.22.513328; 37085483
L201M,-0.03214,-0.04184,0.4434082088220031,Neutral,Neutral,,,Uncertain,,Uncertain,,,Uncertain,90.9,,,,clinvar,,False,90.9,,,,neutral,neutral,neutral,-,uncertain,uncertain,uncertain,1751128,Uncertain significance,1,90.95,T,-0.0314,2.2788,-7.3721,loss_of_function,-0.566286831019014,0.0943,benign,10.1101/2022.10.22.513328
L201P,-0.53182,-0.29932,1.0913705822743591,Neutral,Neutral,,,Uncertain,,Uncertain,,,Uncertain,90.9,,,,COSMIC,,False,90.9,,,,neutral,neutral,neutral,DOWN,neutral,neutral,stabilizing,,,,90.95,T,-0.2038,2.2788,-4.7092,loss_of_function,-0.722144173015352,0.0876,benign,10.1101/2022.10.22.513328; 37085483
L201S,0.17245,0.20918,0.5349620912671679,Neutral,Neutral,,,Uncertain,,Uncertain,,,Uncertain,90.9,,,0.505,COSMIC,,False,90.9,,,,neutral,neutral,neutral,DOWN,neutral,neutral,stabilizing,,,,90.95,T,-0.1331,2.2788,-1.2567,loss_of_function,-0.196241491882778,0.1323,benign,10.1101/2022.10.22.513328; 37085483
L201V,0.5867,0.59932,0.5327940251284996,Neutral,Neutral,,,Uncertain,,Uncertain,,,Uncertain,90.9,,,0.447,COSMIC,,False,90.9,,,,neutral,neutral,neutral,DOWN,neutral,neutral,stabilizing,,,,90.95,T,-0.0524,2.2788,-8.957,loss_of_function,-2.17201643401262,0.0939,benign,10.1101/2022.10.22.513328; 37085483
R202C,0.90922,0.93673,1.1810794930342807,Neutral,Neutral,,,Uncertain,,Uncertain,,,Uncertain,63.7,3.18654005481e-05,2.78352155241e-05,0.498,"cBioPortal,COSMIC,germline_muts,somatic_muts,clinvar",,False,63.7,,,,neutral,neutral,neutral,DOWN,neutral,neutral,neutral,127818,Conflicting interpretations of pathogenicity,1,94.56,T,-0.1532,2.0378,-6.9571,loss_of_function,-2.09111881832108,0.116,benign,10.1101/2022.10.22.513328; 37085483
R202G,0.78311,1.12313,1.0103632571979455,Neutral,Neutral,,,Uncertain,,Uncertain,,,Uncertain,63.7,,,0.483,"COSMIC,somatic_muts,clinvar",,False,63.7,,,,neutral,neutral,neutral,DOWN,neutral,neutral,neutral,231661,Conflicting interpretations of pathogenicity,1,94.56,T,-0.19,2.0378,-8.957,loss_of_function,-1.3870717050981,0.1515,benign,10.1101/2022.10.22.513328; 37085483
R202H,0.70134,-0.1568,0.2950134268321136,Neutral,Neutral,,,Uncertain,,Uncertain,,,Uncertain,63.7,,,0.528,"COSMIC,somatic_muts,clinvar",,False,63.7,,,,neutral,neutral,neutral,DOWN,neutral,neutral,neutral,135358,Conflicting interpretations of pathogenicity,1,94.56,T,-0.0842,2.0378,-1.0929,loss_of_function,0.19866576258103,0.0714,benign,10.1101/2022.10.22.513328; 37085483
R202L,0.31957,0.10782,0.2548670105745904,Neutral,Neutral,,,Uncertain,,Uncertain,,,Uncertain,63.7,,,0.530,"COSMIC,somatic_muts,clinvar",,False,63.7,,,,neutral,neutral,neutral,DOWN,neutral,neutral,neutral,182932,Uncertain significance,2,94.56,T,-0.124,2.0378,-2.4814,loss_of_function,-1.16836799688307,0.1554,benign,10.1101/2022.10.22.513328; 37085483
R202P,0.67882,2.38673,4.9403229976482725,Uncertain,Uncertain,,,Uncertain,,Uncertain,,,Uncertain,63.7,,,0.528,"cBioPortal,COSMIC,somatic_muts,clinvar",,False,63.7,,,,neutral,neutral,neutral,DOWN,neutral,neutral,neutral,826165,Uncertain significance,1,94.56,T,-0.3645,2.0378,-22.2448,loss_of_function,-3.66857640737189,0.5449,ambiguous,10.1101/2022.10.22.513328; 37085483
R202S,0.71542,0.24354,0.9390295416828922,Neutral,Neutral,,,Uncertain,,Uncertain,,,Uncertain,63.7,,,0.486,"COSMIC,somatic_muts",,False,63.7,,,,neutral,neutral,neutral,DOWN,neutral,neutral,neutral,,,,94.56,T,-0.2229,2.0378,-22.2448,loss_of_function,-2.81419087979135,0.28,benign,10.1101/2022.10.22.513328; 37085483
V203A,1.35015,1.4949,1.1848307808031926,Neutral,Neutral,,,,,,,,,5.1,,,0.526,"COSMIC,somatic_muts",,False,5.1,,,,neutral,neutral,neutral,DOWN,neutral,neutral,neutral,,,,95.63,-,-0.1354,1.1312,-0.3873,loss_of_function,0.605143927663759,0.1,benign,10.1101/2022.10.22.513328; 37085483
V203E,3.32941,5.10578,1.44500994756265,Destabilizing,Uncertain,,,,,,,,,5.1,,,0.630,"cBioPortal,COSMIC,somatic_muts,clinvar",,False,5.1,,,,neutral,neutral,neutral,-,uncertain,uncertain,uncertain,644883,Uncertain significance,1,95.63,-,-0.3708,1.1312,-22.2448,loss_of_function,-4.648604673011,0.8955,pathogenic,10.1101/2022.10.22.513328; 37085483
V203L,1.41819,2.5449,0.0412614566851504,Uncertain,Neutral,,,,,,,,,5.1,,,0.506,"cBioPortal,COSMIC,somatic_muts,clinvar",,False,5.1,,,,neutral,neutral,neutral,UP,neutral,neutral,stabilizing,"482235, 482218","Uncertain significance, Uncertain significance","2, 2",95.63,-,-0.1746,1.1312,-7.957,loss_of_function,-1.57779146542502,0.7401,pathogenic,10.1101/2022.10.22.513328; 37085483
V203M,1.97819,2.2017,0.5523595368654535,Uncertain,Neutral,,,,,,,,,5.1,,,0.519,"cBioPortal,COSMIC,somatic_muts,clinvar",,False,5.1,,,,neutral,neutral,neutral,UP,neutral,neutral,stabilizing,182933,Uncertain significance,3,95.63,-,-0.2566,1.1312,-22.2448,loss_of_function,-3.60071629476165,0.5787,pathogenic,10.1101/2022.10.22.513328; 37085483
E204A,0.35414,0.9381,0.3331212613023365,Neutral,Neutral,,,Uncertain,,Uncertain,,,Uncertain,62.3,,,0.600,"COSMIC,somatic_muts",,False,62.3,,,,neutral,neutral,neutral,DOWN,neutral,neutral,mixed_effects,,,,96.0,E,-0.1018,1.6413,-8.9541,loss_of_function,-4.38455113914571,0.2159,benign,10.1101/2022.10.22.513328; 37085483
E204D,0.10316,0.36667,0.4653764064309917,Neutral,Neutral,,,Uncertain,,Uncertain,,,Uncertain,62.3,,,0.494,"cBioPortal,COSMIC",,False,62.3,,,,neutral,neutral,neutral,DOWN,neutral,neutral,mixed_effects,,,,96.0,E,-0.0544,1.6413,-6.3692,loss_of_function,-1.70479957730539,0.1919,benign,10.1101/2022.10.22.513328; 37085483
E204G,1.0355,2.03231,1.2326599515353536,Uncertain,Neutral,,,Uncertain,,Uncertain,,,Uncertain,62.3,3.18796225453e-05,,0.604,"cBioPortal,COSMIC,somatic_muts,clinvar",,False,62.3,,,,neutral,neutral,neutral,DOWN,neutral,neutral,mixed_effects,949463,Uncertain significance,1,96.0,E,-0.1954,1.6413,-22.2419,loss_of_function,-5.25170119144998,0.394,ambiguous,10.1101/2022.10.22.513328; 37085483
E204K,-0.30302,0.72755,0.2758346152862828,Neutral,Neutral,,,Uncertain,,Uncertain,,,Uncertain,62.3,,,0.624,"COSMIC,somatic_muts",,False,62.3,,,,neutral,neutral,neutral,UP,neutral,neutral,stabilizing,,,,96.0,E,-0.1062,1.6413,-5.4948,loss_of_function,-1.35436664368131,0.2764,benign,10.1101/2022.10.22.513328; 37085483
E204Q,-0.12603,-0.31565,0.2291066792308121,Neutral,Neutral,,,Uncertain,,Uncertain,,,Uncertain,62.3,,,0.458,"cBioPortal,COSMIC",,False,62.3,,,,neutral,neutral,neutral,UP,neutral,neutral,stabilizing,,,,96.0,E,-0.0314,1.6413,-0.5363,loss_of_function,-0.625135789158261,0.1258,benign,10.1101/2022.10.22.513328; 37085483
E204V,-0.30921,-0.1949,0.0820513187441063,Neutral,Neutral,,,Uncertain,,Uncertain,,,Uncertain,62.3,,,0.588,"COSMIC,somatic_muts,clinvar",,False,62.3,,,,neutral,neutral,neutral,-,uncertain,uncertain,uncertain,1751713,Uncertain significance,1,96.0,E,-0.1007,1.6413,-6.1468,loss_of_function,-2.67756988432955,0.3037,benign,10.1101/2022.10.22.513328; 37085483
Y205C,3.92213,5.14048,4.468398983016883,Destabilizing,Destabilizing,,,,,,,,,4.8,,,0.873,"cBioPortal,COSMIC,germline_muts,somatic_muts,clinvar",,True,4.8,,,,uncertain,,,DOWN,neutral,neutral,mixed_effects,376681,Pathogenic,2,96.57,E,-0.4159,0.0744,-22.239,loss_of_function,-7.97634045107894,0.9974,pathogenic,10.1101/2022.10.22.513328; 37085483
Y205D,6.21798,6.51735,5.229169617292245,Destabilizing,Destabilizing,,,,,,,,,4.8,,,0.925,"cBioPortal,COSMIC,germline_muts,somatic_muts,clinvar",,True,4.8,,,,uncertain,,,DOWN,neutral,neutral,mixed_effects,376686,Conflicting interpretations of pathogenicity,1,96.57,E,-0.4594,0.0744,-22.239,loss_of_function,-7.97634045107894,0.9971,pathogenic,10.1101/2022.10.22.513328; 37085483
Y205F,-0.05106,0.44048,0.2262405864013683,Neutral,Neutral,,,,,,,,,4.8,,,0.823,"cBioPortal,COSMIC,somatic_muts,clinvar",,True,4.8,,,,uncertain,,,-,uncertain,uncertain,uncertain,376682,Likely pathogenic,0,96.57,E,-0.2827,0.0744,-22.239,loss_of_function,-3.70658794075006,0.787,pathogenic,10.1101/2022.10.22.513328; 37085483
Y205H,2.27793,3.49626,2.824309496852501,Uncertain,Uncertain,,,,,,,,,4.8,,0.0,0.900,"cBioPortal,COSMIC,somatic_muts,clinvar",,True,4.8,,,,uncertain,,,DOWN,neutral,neutral,mixed_effects,376685,Conflicting interpretations of pathogenicity,1,96.57,E,-0.2851,0.0744,-8.9511,loss_of_function,-2.98739685309101,0.9986,pathogenic,10.1101/2022.10.22.513328; 37085483
Y205N,3.51587,5.05136,4.095761973563877,Destabilizing,Destabilizing,,,,,,,,,4.8,,,0.897,"cBioPortal,COSMIC,somatic_muts,clinvar",,True,4.8,,,,uncertain,,,DOWN,neutral,neutral,mixed_effects,376684,Uncertain significance,2,96.57,E,-0.4384,0.0744,-22.239,loss_of_function,-7.97634045107894,0.9856,pathogenic,10.1101/2022.10.22.513328; 37085483
Y205S,5.64124,6.33435,5.1047791234517215,Destabilizing,Destabilizing,,,,,,,,,4.8,,,0.852,"cBioPortal,COSMIC,somatic_muts,clinvar",,True,4.8,,,,uncertain,,,DOWN,neutral,neutral,mixed_effects,376683,Likely pathogenic,0,96.57,E,-0.4499,0.0744,-22.239,loss_of_function,-7.97634045107894,0.9955,pathogenic,10.1101/2022.10.22.513328; 37085483
L206F,0.69564,0.40442,0.1074170666580481,Neutral,Neutral,,,Uncertain,,Uncertain,,,Uncertain,47.0,,,0.421,"COSMIC,somatic_muts",,True,47.0,,,,neutral,neutral,neutral,UP,neutral,neutral,stabilizing,,,,95.27,E,-0.0544,2.226,-3.8667,loss_of_function,-0.991137868643407,0.1276,benign,10.1101/2022.10.22.513328; 37085483
L206S,1.63601,0.83027,1.5013760046860594,Neutral,Neutral,,,Uncertain,,Uncertain,,,Uncertain,47.0,,,,clinvar,,True,47.0,,,,neutral,neutral,neutral,DOWN,neutral,neutral,stabilizing,439319,Conflicting interpretations of pathogenicity,1,95.27,E,-0.162,2.226,-5.9542,loss_of_function,-0.883449963984159,0.1231,benign,10.1101/2022.10.22.513328; 37085483
D207A,2.1202,1.74558,1.297859223437964,Uncertain,Uncertain,,,Uncertain,,Uncertain,,,Uncertain,45.1,,,0.518,"COSMIC,somatic_muts",,True,45.1,,,,neutral,neutral,neutral,DOWN,neutral,neutral,stabilizing,,,,94.47,E,-0.159,1.3244,-8.9541,loss_of_function,-4.79992424352891,0.4022,ambiguous,10.1101/2022.10.22.513328; 37085483
D207E,1.10719,1.13469,1.1145849204775078,Neutral,Neutral,,,Uncertain,,Uncertain,,,Uncertain,45.1,,,0.435,"COSMIC,somatic_muts",,True,45.1,,,,neutral,neutral,neutral,UP,neutral,neutral,mixed_effects,,,,94.47,E,-0.0618,1.3244,-0.7015,loss_of_function,-0.414044459748668,0.2799,benign,10.1101/2022.10.22.513328; 37085483
D207G,2.21069,3.23673,2.426734287504392,Uncertain,Uncertain,,,Uncertain,,Uncertain,,,Uncertain,45.1,,,0.616,"COSMIC,germline_muts,somatic_muts",,True,45.1,,,,neutral,neutral,neutral,DOWN,neutral,neutral,stabilizing,,,,94.47,E,-0.238,1.3244,-22.2419,loss_of_function,-4.83904568381669,0.5033,ambiguous,10.1101/2022.10.22.513328; 37085483
D207H,2.1333,0.70884,0.6783214624413247,Uncertain,Uncertain,,,Uncertain,,Uncertain,,,Uncertain,45.1,,,,clinvar,,True,45.1,,,,neutral,neutral,neutral,UP,neutral,neutral,mixed_effects,919639,Uncertain significance,1,94.47,E,-0.1684,1.3244,-8.9541,loss_of_function,-3.10747195468716,0.6425,pathogenic,10.1101/2022.10.22.513328; 37085483
D207N,1.41493,0.70102,1.0704832246862956,Neutral,Neutral,,,Uncertain,,Uncertain,,,Uncertain,45.1,,,0.406,cBioPortal,,True,45.1,,,,neutral,neutral,neutral,-,uncertain,uncertain,uncertain,,,,94.47,E,-0.1206,1.3244,-7.9541,loss_of_function,-0.904858873091193,0.267,benign,10.1101/2022.10.22.513328; 37085483
D207Y,1.43731,0.21054,0.6141910882376724,Neutral,Neutral,,,Uncertain,,Uncertain,,,Uncertain,45.1,,,0.606,"COSMIC,somatic_muts",,True,45.1,,,,neutral,neutral,neutral,UP,neutral,neutral,mixed_effects,,,,94.47,E,-0.2718,1.3244,-22.2419,loss_of_function,-4.88084400394254,0.5888,pathogenic,10.1101/2022.10.22.513328; 37085483
D208E,-0.06504,2.00272,0.6054238781577628,Uncertain,Neutral,,,Uncertain,,Uncertain,,,Uncertain,55.3,,,0.767,"cBioPortal,COSMIC,somatic_muts",,True,55.3,,,,neutral,neutral,neutral,UP,neutral,neutral,stabilizing,,,,93.19,-,-0.2752,0.2005,-22.2419,loss_of_function,-3.87557754153043,0.9192,pathogenic,10.1101/2022.10.22.513328; 37085483
D208G,2.24517,3.92823,1.7881313342855132,Uncertain,Uncertain,,,Uncertain,,Uncertain,,,Uncertain,55.3,,,0.944,"cBioPortal,COSMIC,somatic_muts,clinvar",,True,55.3,,,,neutral,neutral,neutral,DOWN,neutral,neutral,neutral,584922,Uncertain significance,2,93.19,-,-0.2736,0.2005,-8.9541,loss_of_function,-6.23147236261918,0.9278,pathogenic,10.1101/2022.10.22.513328; 37085483
D208H,1.00997,0.55034,0.1001905851863055,Neutral,Neutral,,,Uncertain,,Uncertain,,,Uncertain,55.3,,,0.930,"COSMIC,clinvar",,True,55.3,,,,neutral,neutral,neutral,UP,neutral,neutral,stabilizing,826261,Uncertain significance,2,93.19,-,-0.2667,0.2005,-7.9541,loss_of_function,-5.09335841444029,0.9284,pathogenic,10.1101/2022.10.22.513328; 37085483
D208I,-0.19547,1.63197,-0.2330799490003737,Neutral,Neutral,,,Uncertain,,Uncertain,,,Uncertain,55.3,,,,"COSMIC,somatic_muts",,True,55.3,,,,neutral,neutral,neutral,UP,neutral,neutral,stabilizing,,,,93.19,-,-0.4226,0.2005,-22.2419,loss_of_function,-7.03768940174965,0.9852,pathogenic,10.1101/2022.10.22.513328; 37085483
D208N,0.8419,1.0,0.1035982807827801,Neutral,Neutral,,,Uncertain,,Uncertain,,,Uncertain,55.3,,,0.760,"cBioPortal,COSMIC,somatic_muts,clinvar",,True,55.3,,,,neutral,neutral,neutral,-,uncertain,uncertain,uncertain,1752332,Likely benign,1,93.19,-,-0.2189,0.2005,-6.9542,loss_of_function,-2.30040921412221,0.5927,pathogenic,10.1101/2022.10.22.513328; 37085483
D208V,0.66885,1.67075,0.0361530287743394,Neutral,Neutral,,,Uncertain,,Uncertain,,,Uncertain,55.3,,,0.950,"cBioPortal,COSMIC,somatic_muts,clinvar",,True,55.3,,,,neutral,neutral,neutral,UP,neutral,neutral,stabilizing,1036023,Uncertain significance,2,93.19,-,-0.3773,0.2005,-22.2419,loss_of_function,-6.045583408159,0.9529,pathogenic,10.1101/2022.10.22.513328; 37085483
D208Y,0.5405,2.23061,-0.0399538086819828,Uncertain,Neutral,,,Uncertain,,Uncertain,,,Uncertain,55.3,,,0.943,"COSMIC,somatic_muts,clinvar",,True,55.3,,,,neutral,neutral,neutral,UP,neutral,neutral,stabilizing,1350980,Conflicting interpretations of pathogenicity,1,93.19,-,-0.3752,0.2005,-22.2419,loss_of_function,-7.0826306968347,0.948,pathogenic,10.1101/2022.10.22.513328; 37085483
R209G,0.3379,0.28061,0.7548485883775824,Neutral,Neutral,,,Uncertain,,Uncertain,,,Uncertain,100.7,,,0.635,"COSMIC,clinvar",,True,100.7,,,,neutral,neutral,neutral,DOWN,neutral,neutral,stabilizing,627819,Conflicting interpretations of pathogenicity,1,90.89,T,-0.1169,2.6472,-5.6323,loss_of_function,-1.39133951331861,0.1043,benign,10.1101/2022.10.22.513328; 37085483
R209I,0.4601,0.10442,0.1563910028605158,Neutral,Neutral,,,Uncertain,,Uncertain,,,Uncertain,100.7,,,0.532,"cBioPortal,COSMIC,somatic_muts",,True,100.7,,,,neutral,neutral,neutral,DOWN,neutral,neutral,stabilizing,,,,90.89,T,-0.1198,2.6472,-7.3692,loss_of_function,-0.664010578646347,0.1491,benign,10.1101/2022.10.22.513328; 37085483
R209K,0.08447,-0.41088,0.0105856231248874,Neutral,Neutral,,,Uncertain,,Uncertain,,,Uncertain,100.7,,,0.453,"cBioPortal,COSMIC,somatic_muts,clinvar",,True,100.7,,,,neutral,neutral,neutral,-,uncertain,uncertain,uncertain,962629,Conflicting interpretations of pathogenicity,1,90.89,T,0.034,2.6472,-4.4948,gain_of_function,-0.10428217322617,0.0655,benign,10.1101/2022.10.22.513328; 37085483
R209S,0.25016,-0.48707,0.2670157610099899,Neutral,Neutral,,,Uncertain,,Uncertain,,,Uncertain,100.7,,,0.588,"cBioPortal,COSMIC,somatic_muts,clinvar",,True,100.7,,,,neutral,neutral,neutral,DOWN,neutral,neutral,stabilizing,2450746,Likely benign,1,90.89,T,-0.069,2.6472,-3.0716,loss_of_function,-0.306108475250913,0.1899,benign,10.1101/2022.10.22.513328; 37085483
R209T,0.49965,-0.06803,0.2370217278384678,Neutral,Neutral,,,Uncertain,,Uncertain,,,Uncertain,100.7,,,0.503,"cBioPortal,COSMIC,somatic_muts",,True,100.7,,,,neutral,neutral,neutral,DOWN,neutral,neutral,stabilizing,,,,90.89,T,-0.0817,2.6472,-4.7063,loss_of_function,-0.216224260209177,0.1071,benign,10.1101/2022.10.22.513328; 37085483
N210D,-0.20692,-0.05782,0.0070026814039803,Neutral,Neutral,,,Uncertain,,Uncertain,,,Uncertain,105.8,,,0.300,"COSMIC,somatic_muts",,True,105.8,,,,neutral,neutral,neutral,-,uncertain,uncertain,uncertain,,,,90.66,T,-0.048,2.3513,-8.957,loss_of_function,-2.49788020409364,0.1612,benign,10.1101/2022.10.22.513328; 37085483
N210H,-0.04207,-0.33401,-0.2501706636950906,Neutral,Neutral,,,Uncertain,,Uncertain,,,Uncertain,105.8,,,0.340,"COSMIC,somatic_muts",,True,105.8,,,,neutral,neutral,neutral,UP,neutral,neutral,stabilizing,,,,90.66,T,-0.0245,2.3513,-4.0029,loss_of_function,-0.502012353773146,0.0826,benign,10.1101/2022.10.22.513328; 37085483
N210I,-0.27996,0.28027,-0.0957640056948788,Neutral,Neutral,,,Uncertain,,Uncertain,,,Uncertain,105.8,,,,somatic_muts,,True,105.8,,,,neutral,neutral,neutral,UP,neutral,neutral,stabilizing,,,,90.66,T,-0.0555,2.3513,-1.2022,loss_of_function,-0.131622522302542,0.1668,benign,10.1101/2022.10.22.513328
N210K,-0.49276,-0.15952,-0.0532872420263658,Neutral,Neutral,,,Uncertain,,Uncertain,,,Uncertain,105.8,,,0.369,COSMIC,,True,105.8,,,,neutral,neutral,neutral,UP,neutral,neutral,stabilizing,,,,90.66,T,-0.0429,2.3513,-7.957,loss_of_function,-2.0116031568231,0.2679,benign,10.1101/2022.10.22.513328; 37085483
N210S,-0.79221,-0.22993,0.2916920717769639,Neutral,Neutral,,,Uncertain,,Uncertain,,,Uncertain,105.8,,,0.262,"COSMIC,somatic_muts",,True,105.8,,,,neutral,neutral,neutral,DOWN,neutral,neutral,stabilizing,,,,90.66,T,-0.0028,2.3513,-6.6352,loss_of_function,-1.6835745248611,0.0892,benign,10.1101/2022.10.22.513328; 37085483
N210T,-0.56535,-0.62279,0.1787382409055632,Neutral,Neutral,,,Uncertain,,Uncertain,,,Uncertain,105.8,,,0.380,"COSMIC,somatic_muts",,True,105.8,,,,neutral,neutral,neutral,-,uncertain,uncertain,uncertain,,,,90.66,T,-0.0434,2.3513,-4.8696,loss_of_function,-0.692090300639771,0.0949,benign,10.1101/2022.10.22.513328; 37085483
N210Y,-0.05921,-0.59014,-0.1212501882375038,Neutral,Neutral,,,Uncertain,,Uncertain,,,Uncertain,105.8,,,,"germline_muts,clinvar",,True,105.8,,,,neutral,neutral,neutral,UP,neutral,neutral,stabilizing,406588,Uncertain significance,1,90.66,T,-0.0855,2.3513,-8.957,loss_of_function,-2.09316774390548,0.1341,benign,10.1101/2022.10.22.513328; 37085483
T211A,0.10625,1.43095,0.4262109320383639,Neutral,Neutral,,,Uncertain,,Uncertain,,,Uncertain,29.3,,,0.881,"cBioPortal,COSMIC,somatic_muts,clinvar",P,True,29.3,4.923,,,damaging,damaging,potentially_damaging,DOWN,neutral,neutral,stabilizing,406581,Uncertain significance,1,92.07,T,-0.2295,0.2778,-8.957,loss_of_function,-3.63665144001085,0.7434,pathogenic,10.1101/2022.10.22.513328; 37085483
T211I,1.40399,1.75408,0.092943519814051,Neutral,Neutral,,,Uncertain,,Uncertain,,,Uncertain,29.3,,,0.944,"cBioPortal,COSMIC,somatic_muts,clinvar",P,True,29.3,4.923,,,damaging,damaging,potentially_damaging,UP,neutral,neutral,mixed_effects,1503185,Uncertain significance,1,92.07,T,-0.2502,0.2778,-7.957,loss_of_function,-4.64531106592155,0.974,pathogenic,10.1101/2022.10.22.513328; 37085483
T211N,-0.28259,1.91224,0.2056009702974925,Neutral,Neutral,,,Uncertain,,Uncertain,,,Uncertain,29.3,,,0.756,"cBioPortal,COSMIC,somatic_muts",P,True,29.3,4.923,,,damaging,damaging,potentially_damaging,-,uncertain,uncertain,uncertain,,,,92.07,T,-0.28,0.2778,-7.957,loss_of_function,-3.54541722447446,0.4866,ambiguous,10.1101/2022.10.22.513328; 37085483
T211P,1.42776,8.15306,3.5033699292048746,Uncertain,Uncertain,,,Uncertain,,Uncertain,,,Uncertain,29.3,,,0.911,"cBioPortal,COSMIC,somatic_muts,clinvar",P,True,29.3,4.923,,,damaging,damaging,potentially_damaging,-,uncertain,uncertain,uncertain,528235,Uncertain significance,2,92.07,T,-0.4616,0.2778,-22.2448,loss_of_function,-7.44728783945904,0.8468,pathogenic,10.1101/2022.10.22.513328; 37085483
T211S,0.06414,1.06429,0.5722593418668215,Neutral,Neutral,,,Uncertain,,Uncertain,,,Uncertain,29.3,,,0.753,"cBioPortal,COSMIC,somatic_muts,clinvar",P,True,29.3,4.923,,,neutral,damaging,potentially_damaging,DOWN,neutral,neutral,stabilizing,1019369,Uncertain significance,1,92.07,T,-0.1813,0.2778,-6.6352,loss_of_function,-2.18720541797429,0.295,benign,10.1101/2022.10.22.513328; 37085483
F212C,1.02526,2.38333,2.128604337315799,Uncertain,Uncertain,,,Uncertain,,Uncertain,,,Uncertain,53.8,,,0.647,cBioPortal,,True,53.8,,,,neutral,neutral,neutral,DOWN,neutral,neutral,neutral,,,,93.48,-,-0.2412,1.9157,-22.2361,loss_of_function,-2.86385680802714,0.2408,benign,10.1101/2022.10.22.513328; 37085483
F212I,2.60653,6.53095,1.4476465939483858,Uncertain,Uncertain,,,Uncertain,,Uncertain,,,Uncertain,53.8,,,0.478,"cBioPortal,COSMIC,somatic_muts,clinvar",,True,53.8,,,,neutral,neutral,neutral,DOWN,neutral,neutral,neutral,422414,Uncertain significance,2,93.48,-,-0.2169,1.9157,-22.2361,loss_of_function,-4.32079728589621,0.5688,pathogenic,10.1101/2022.10.22.513328; 37085483
F212L,0.04352,0.87619,0.620277121227808,Neutral,Neutral,,,Uncertain,,Uncertain,,,Uncertain,53.8,,,"0.481, 0.489","COSMIC,somatic_muts",,True,53.8,,,,neutral,neutral,neutral,DOWN,neutral,neutral,neutral,,,,93.48,-,-0.0885,1.9157,-4.4889,loss_of_function,-1.03107939841147,0.7743,pathogenic,10.1101/2022.10.22.513328; 37085483
F212S,0.50577,2.50646,1.9147483483384653,Uncertain,Neutral,,,Uncertain,,Uncertain,,,Uncertain,53.8,,,0.554,"COSMIC,somatic_muts",,True,53.8,,,,neutral,neutral,neutral,DOWN,neutral,neutral,neutral,,,,93.48,-,-0.1761,1.9157,-7.3634,loss_of_function,-2.08927993166533,0.3508,ambiguous,10.1101/2022.10.22.513328; 37085483
F212V,2.90545,6.13163,1.417301327562765,Uncertain,Uncertain,,,Uncertain,,Uncertain,,,Uncertain,53.8,,,0.471,"cBioPortal,COSMIC",,True,53.8,,,,neutral,neutral,neutral,DOWN,neutral,neutral,neutral,,,,93.48,-,-0.2113,1.9157,-22.2361,loss_of_function,-4.32079728589621,0.4369,ambiguous,10.1101/2022.10.22.513328; 37085483
F212Y,0.1421,0.18912,0.3778994505737981,Neutral,Neutral,,,Uncertain,,Uncertain,,,Uncertain,53.8,,,0.395,COSMIC,,True,53.8,,,,neutral,neutral,neutral,-,uncertain,uncertain,uncertain,,,,93.48,-,-0.0852,1.9157,-6.6264,loss_of_function,-1.08294441578119,0.135,benign,10.1101/2022.10.22.513328; 37085483
R213G,3.33688,3.08776,3.858495750413727,Destabilizing,Destabilizing,,,,,,,,,2.8,,,0.915,"cBioPortal,COSMIC,somatic_muts,clinvar",,True,2.8,,,,neutral,neutral,neutral,DOWN,neutral,neutral,stabilizing,376651,Conflicting interpretations of pathogenicity,1,95.39,-,-0.4413,0.0421,-22.2361,loss_of_function,-8.03821593623277,0.9955,pathogenic,10.1101/2022.10.22.513328; 37085483
R213L,0.17316,-1.13027,-0.173640326373195,Neutral,Neutral,,,,,,,,,2.8,,,0.929,"cBioPortal,COSMIC,germline_muts,somatic_muts,clinvar",,True,2.8,,,,neutral,neutral,neutral,DOWN,neutral,neutral,stabilizing,376650,Uncertain significance,1,95.39,-,-0.4084,0.0421,-22.2361,loss_of_function,-8.03821593623277,0.9906,pathogenic,10.1101/2022.10.22.513328; 37085483
R213P,7.97378,7.33469,7.292964263135091,Destabilizing,Destabilizing,,,,,,,,,2.8,,,0.951,"cBioPortal,COSMIC,germline_muts,somatic_muts,clinvar",,True,2.8,,,,neutral,neutral,neutral,DOWN,neutral,neutral,stabilizing,231214,Pathogenic/Likely pathogenic,2,95.39,-,-0.5481,0.0421,-22.2361,loss_of_function,-8.03821593623277,0.9986,pathogenic,10.1101/2022.10.22.513328; 37085483
R213Q,1.6724,1.25918,2.0824437936953144,Neutral,Uncertain,,,,,,,,,2.8,,3.9767440011e-06,0.920,"cBioPortal,COSMIC,germline_muts,somatic_muts,clinvar",,True,2.8,,,,neutral,neutral,neutral,DOWN,neutral,neutral,stabilizing,135359,Pathogenic,2,95.39,-,-0.3129,0.0421,-8.9482,loss_of_function,-5.48929031422363,0.9561,pathogenic,10.1101/2022.10.22.513328; 37085483
R213W,5.17438,0.02313,0.1053055199887526,Uncertain,Uncertain,,,,,,,,,2.8,,,,"cBioPortal,COSMIC",,True,2.8,,,,neutral,neutral,neutral,UP,neutral,neutral,stabilizing,,,,95.39,-,-0.4237,0.0421,-22.2361,loss_of_function,-6.5936364022848,0.9479,pathogenic,10.1101/2022.10.22.513328; 37085483
H214A,0.15337,1.22007,1.5208877623717043,Neutral,Neutral,,,,,,,,,8.9,,,,COSMIC,,True,8.9,,,,neutral,neutral,neutral,DOWN,neutral,neutral,neutral,,,,96.54,E,-0.2125,0.9192,-22.2419,loss_of_function,-5.55656608914318,0.9728,pathogenic,10.1101/2022.10.22.513328; 37085483
H214D,1.22183,2.69082,2.196845966331499,Uncertain,Uncertain,,,,,,,,,8.9,,,0.844,"cBioPortal,COSMIC,somatic_muts",,True,8.9,,,,neutral,neutral,neutral,DOWN,neutral,neutral,neutral,,,,96.54,E,-0.2597,0.9192,-22.2419,loss_of_function,-3.52139071132981,0.9861,pathogenic,10.1101/2022.10.22.513328; 37085483
H214L,-0.71677,-1.3119,0.4084042479088151,Neutral,Neutral,,,,,,,,,8.9,,,0.869,"cBioPortal,COSMIC,clinvar",,True,8.9,,,,neutral,neutral,neutral,UP,neutral,neutral,stabilizing,376616,Uncertain significance,1,96.54,E,-0.2623,0.9192,-22.2419,loss_of_function,-3.80100244388362,0.8,pathogenic,10.1101/2022.10.22.513328; 37085483
H214N,-0.29766,1.10578,1.5103733702272522,Neutral,Neutral,,,,,,,,,8.9,,,,clinvar,,True,8.9,,,,neutral,neutral,neutral,DOWN,neutral,neutral,neutral,230254,Uncertain significance,2,96.54,E,-0.2192,0.9192,-22.2419,loss_of_function,-3.29554812010733,0.8346,pathogenic,10.1101/2022.10.22.513328; 37085483
H214P,-1.24617,2.4568,3.757977250794109,Uncertain,Uncertain,,,,,,,,,8.9,,0.0,0.932,"cBioPortal,COSMIC,somatic_muts,clinvar",,True,8.9,,,,neutral,neutral,neutral,DOWN,neutral,neutral,neutral,643078,Uncertain significance,2,96.54,E,-0.3757,0.9192,-22.2419,loss_of_function,-6.13903125739984,0.9774,pathogenic,10.1101/2022.10.22.513328; 37085483
H214Q,-0.69375,0.7568,1.3358918007771114,Neutral,Neutral,,,,,,,,,8.9,,3.18134459529e-05,0.550,"cBioPortal,COSMIC,germline_muts,somatic_muts,clinvar",,True,8.9,,,,neutral,neutral,neutral,DOWN,neutral,neutral,neutral,140943,Conflicting interpretations of pathogenicity,1,96.54,E,-0.0699,0.9192,-0.5196,loss_of_function,-0.0842496993920413,0.7704,pathogenic,10.1101/2022.10.22.513328; 37085483
H214R,2.79783,1.54116,1.0866441068955994,Uncertain,Uncertain,,,,,,,,,8.9,,,0.885,"cBioPortal,COSMIC,germline_muts,somatic_muts,clinvar",,True,8.9,,,,neutral,neutral,neutral,UP,neutral,neutral,stabilizing,376615,Likely pathogenic,3,96.54,E,-0.2488,0.9192,-22.2419,loss_of_function,-4.8374880537707,0.9451,pathogenic,10.1101/2022.10.22.513328; 37085483
H214Y,-0.67225,-0.71122,0.7146637758277155,Neutral,Neutral,,,,,,,,,8.9,,,0.736,"cBioPortal,COSMIC,somatic_muts,clinvar",,True,8.9,,,,neutral,neutral,neutral,UP,neutral,neutral,stabilizing,1053808,Uncertain significance,2,96.54,E,-0.1843,0.9192,-22.2419,loss_of_function,-3.64208286680964,0.8018,pathogenic,10.1101/2022.10.22.513328; 37085483
S215C,0.08776,-0.1932,0.3876023224369745,Neutral,Neutral,,,,,,,,,6.5,,,0.902,"cBioPortal,COSMIC,somatic_muts,clinvar",P,True,6.5,4.516,,,uncertain,damaging,uncertain,UP,neutral,neutral,neutral,1753522,Conflicting interpretations of pathogenicity,1,97.45,E,-0.2558,0.0798,-8.9541,loss_of_function,-2.10381058388002,0.4744,ambiguous,10.1101/2022.10.22.513328; 37085483
S215G,1.99865,1.82517,1.1157933094093793,Neutral,Neutral,,,,,,,,,6.5,,,0.896,"cBioPortal,COSMIC,germline_muts,somatic_muts,clinvar",P,True,6.5,4.516,,,uncertain,damaging,uncertain,DOWN,neutral,neutral,neutral,265337,Conflicting interpretations of pathogenicity,1,97.45,E,-0.2823,0.0798,-22.2419,loss_of_function,-7.88480027678971,0.8417,pathogenic,10.1101/2022.10.22.513328; 37085483
S215I,0.88411,0.37109,-0.2380375426093273,Neutral,Neutral,,,,,,,,,6.5,,,0.913,"cBioPortal,COSMIC,somatic_muts,clinvar",P,True,6.5,4.516,,,uncertain,damaging,uncertain,UP,neutral,neutral,neutral,376660,Pathogenic,1,97.45,E,-0.3543,0.0798,-22.2419,loss_of_function,-7.35595670390969,0.984,pathogenic,10.1101/2022.10.22.513328; 37085483
S215K,1.24792,1.03503,0.5152147653222552,Neutral,Neutral,,,,,,,,,6.5,,,,somatic_muts,P,True,6.5,4.516,,,uncertain,damaging,uncertain,UP,neutral,neutral,neutral,,,,97.45,E,-0.3618,0.0798,-22.2419,loss_of_function,-7.88480027678971,0.9993,pathogenic,10.1101/2022.10.22.513328
S215N,2.24829,0.1534,0.0992574928354489,Uncertain,Uncertain,,,,,,,,,6.5,,,0.785,"cBioPortal,COSMIC,somatic_muts,clinvar",P,True,6.5,4.516,,,uncertain,uncertain,uncertain,UP,neutral,neutral,neutral,376662,Conflicting interpretations of pathogenicity,1,97.45,E,-0.2955,0.0798,-22.2419,loss_of_function,-5.85983530296452,0.9616,pathogenic,10.1101/2022.10.22.513328; 37085483
S215R,2.3231,1.75136,-0.0361531188305486,Uncertain,Uncertain,,,,,,,,,6.5,,,"0.812, 0.917","cBioPortal,COSMIC,germline_muts,somatic_muts,clinvar",P,True,6.5,4.516,,,uncertain,uncertain,uncertain,UP,neutral,neutral,neutral,"2020649, 428895, 376661","Uncertain significance, Conflicting interpretations of pathogenicity, Conflicting interpretations of pathogenicity","1, 1, 1",97.45,E,-0.367,0.0798,-22.2419,loss_of_function,-7.88480027678971,0.998,pathogenic,10.1101/2022.10.22.513328; 37085483
S215T,0.43477,0.3017,0.1489756160787647,Neutral,Neutral,,,,,,,,,6.5,,,0.852,"cBioPortal,COSMIC,somatic_muts,clinvar",P,True,6.5,4.516,,,neutral,damaging,uncertain,UP,neutral,neutral,neutral,142012,Uncertain significance,2,97.45,E,-0.2638,0.0798,-22.2419,loss_of_function,-4.73329170270735,0.7415,pathogenic,10.1101/2022.10.22.513328; 37085483
V216A,3.0873,2.41429,2.7728183438849068,Uncertain,Uncertain,,,,,,,,,0.5,,,0.961,"COSMIC,somatic_muts",,True,0.5,,,,neutral,neutral,neutral,DOWN,neutral,neutral,destabilizing,,,,97.61,E,-0.3456,0.0589,-22.2419,loss_of_function,-4.6325659282855,0.7484,pathogenic,10.1101/2022.10.22.513328; 37085483
V216E,6.87138,4.80374,4.005748034871798,Destabilizing,Destabilizing,,,,,,,,,0.5,,,0.982,"cBioPortal,COSMIC,somatic_muts,clinvar",,True,0.5,,,,neutral,neutral,neutral,-,uncertain,uncertain,uncertain,376672,Uncertain significance,1,97.61,E,-0.4695,0.0589,-22.2419,loss_of_function,-7.86367800860004,0.9979,pathogenic,10.1101/2022.10.22.513328; 37085483
V216G,4.92566,4.93061,4.838704170753297,Destabilizing,Destabilizing,,,,,,,,,0.5,,,0.980,"cBioPortal,COSMIC,somatic_muts,clinvar",,True,0.5,,,,neutral,neutral,neutral,DOWN,neutral,neutral,destabilizing,376671,Uncertain significance,1,97.61,E,-0.4714,0.0589,-22.2419,loss_of_function,-7.86367800860004,0.9564,pathogenic,10.1101/2022.10.22.513328; 37085483
V216L,2.21855,0.79184,1.0382978850018656,Uncertain,Uncertain,,,,,,,,,0.5,,,0.948,"cBioPortal,COSMIC,somatic_muts,clinvar",,True,0.5,,,,neutral,neutral,neutral,UP,neutral,neutral,neutral,"406596, 376670","Conflicting interpretations of pathogenicity, Conflicting interpretations of pathogenicity","1, 1",97.61,E,-0.3462,0.0589,-22.2419,loss_of_function,-3.74686827650794,0.9153,pathogenic,10.1101/2022.10.22.513328; 37085483
V216M,2.26358,2.29422,1.933752098640337,Uncertain,Uncertain,,,,,,,,,0.5,,,0.956,"cBioPortal,COSMIC,germline_muts,somatic_muts,clinvar",,True,0.5,,,,neutral,neutral,neutral,UP,neutral,neutral,neutral,182965,Conflicting interpretations of pathogenicity,1,97.61,E,-0.3553,0.0589,-22.2419,loss_of_function,-4.72138030490248,0.9421,pathogenic,10.1101/2022.10.22.513328; 37085483
V216W,18.03766,4.93435,3.6319152070344938,Destabilizing,Destabilizing,,,,,,,,,0.5,,,,somatic_muts,,True,0.5,,,,neutral,neutral,neutral,UP,neutral,neutral,neutral,,,,97.61,E,-0.4633,0.0589,-22.2419,loss_of_function,-7.86367800860004,0.9998,pathogenic,10.1101/2022.10.22.513328
V217A,2.51092,2.35034,1.0315350190438235,Uncertain,Uncertain,,,,,,,,,0.1,,,0.647,"cBioPortal,COSMIC,somatic_muts",,True,0.1,,,,neutral,neutral,neutral,DOWN,neutral,neutral,destabilizing,,,,97.79,E,-0.0771,2.1286,-6.9571,loss_of_function,-2.14745108374035,0.3266,benign,10.1101/2022.10.22.513328; 37085483
V217E,3.03404,2.63197,1.1673375035453966,Uncertain,Uncertain,,,,,,,,,0.1,,,0.723,"cBioPortal,COSMIC",,True,0.1,,,,neutral,neutral,neutral,-,uncertain,uncertain,uncertain,,,,97.79,E,-0.279,2.1286,-22.2448,loss_of_function,-4.97791765137677,0.8706,pathogenic,10.1101/2022.10.22.513328; 37085483
V217G,3.88703,4.68741,2.757147076667019,Destabilizing,Uncertain,,,,,,,,,0.1,,,0.731,"cBioPortal,COSMIC,somatic_muts",,True,0.1,,,,neutral,neutral,neutral,DOWN,neutral,neutral,destabilizing,,,,97.79,E,-0.208,2.1286,-7.957,loss_of_function,-3.08625379543033,0.7,pathogenic,10.1101/2022.10.22.513328; 37085483
V217I,2.06496,0.13503,-0.162364454641391,Uncertain,Uncertain,,,,,,,,,0.1,,,,somatic_muts,,True,0.1,,,,neutral,neutral,neutral,UP,neutral,neutral,stabilizing,,,,97.79,E,-0.0097,2.1286,-6.3721,loss_of_function,-1.43408541530922,0.1097,benign,10.1101/2022.10.22.513328
V217L,0.72535,0.60408,-0.0639353504825057,Neutral,Neutral,,,,,,,,,0.1,,,0.544,"cBioPortal,COSMIC,somatic_muts,clinvar",,True,0.1,,,,neutral,neutral,neutral,UP,neutral,neutral,stabilizing,1386154,Conflicting interpretations of pathogenicity,1,97.79,E,-0.0482,2.1286,-1.1627,loss_of_function,-0.539631388372405,0.3919,ambiguous,10.1101/2022.10.22.513328; 37085483
V217M,0.87297,1.42653,0.3813696902687752,Neutral,Neutral,,,,,,,,,0.1,,3.9769970491e-06,0.451,"COSMIC,somatic_muts,clinvar",,True,0.1,,,,neutral,neutral,neutral,UP,neutral,neutral,stabilizing,183071,Conflicting interpretations of pathogenicity,1,97.79,E,-0.0682,2.1286,-3.3132,loss_of_function,-1.40428730991163,0.3012,benign,10.1101/2022.10.22.513328; 37085483
V218A,2.93758,2.6415,2.2030059068827743,Uncertain,Uncertain,,,,,,,,,2.7,,,0.974,"COSMIC,somatic_muts",,False,2.7,,,,neutral,neutral,neutral,DOWN,neutral,neutral,destabilizing,,,,97.71,E,-0.3301,0.227,-22.2448,loss_of_function,-4.07629893885742,0.8565,pathogenic,10.1101/2022.10.22.513328; 37085483
V218E,2.96931,3.68299,2.98382681927843,Uncertain,Uncertain,,,,,,,,,2.7,,,0.977,"cBioPortal,COSMIC,somatic_muts,clinvar",,False,2.7,,,,neutral,neutral,neutral,-,uncertain,uncertain,uncertain,1754112,Likely pathogenic,1,97.71,E,-0.454,0.227,-22.2448,loss_of_function,-6.84820493328757,0.99,pathogenic,10.1101/2022.10.22.513328; 37085483
V218G,4.2396,4.92415,4.20242251704917,Destabilizing,Destabilizing,,,,,,,,,2.7,,,0.972,"cBioPortal,COSMIC,somatic_muts,clinvar",,False,2.7,,,,neutral,neutral,neutral,DOWN,neutral,neutral,destabilizing,528249,Uncertain significance,2,97.71,E,-0.4559,0.227,-22.2448,loss_of_function,-6.84820493328757,0.9144,pathogenic,10.1101/2022.10.22.513328; 37085483
V218L,-0.09031,0.78571,0.2015209383844701,Neutral,Neutral,,,,,,,,,2.7,,,0.864,"cBioPortal,COSMIC,somatic_muts",,False,2.7,,,,neutral,neutral,neutral,UP,neutral,neutral,neutral,,,,97.71,E,-0.2468,0.227,-5.7872,loss_of_function,-2.07009444312409,0.7135,pathogenic,10.1101/2022.10.22.513328; 37085483
V218M,0.28419,1.5381,1.0985333189345736,Neutral,Neutral,,,,,,,,,2.7,,,0.873,"cBioPortal,COSMIC,germline_muts,somatic_muts,clinvar",,False,2.7,,,,neutral,neutral,neutral,UP,neutral,neutral,neutral,237952,Conflicting interpretations of pathogenicity,1,97.71,E,-0.3398,0.227,-22.2448,loss_of_function,-3.15165734968342,0.7748,pathogenic,10.1101/2022.10.22.513328; 37085483
P219C,1.91171,1.67109,1.308490737969576,Neutral,Neutral,,,Uncertain,,Uncertain,,,Uncertain,29.6,,,,COSMIC,,False,29.6,,,,neutral,neutral,neutral,-,uncertain,uncertain,uncertain,,,,97.66,E,-0.3501,0.1119,-22.2448,loss_of_function,-6.95438318069062,0.8789,pathogenic,10.1101/2022.10.22.513328; 37085483
P219H,2.22423,1.41939,0.1124649968660301,Uncertain,Uncertain,,,Uncertain,,Uncertain,,,Uncertain,29.6,,,0.957,"cBioPortal,COSMIC,somatic_muts",,False,29.6,,,,neutral,neutral,neutral,UP,neutral,neutral,neutral,,,,97.66,E,-0.3561,0.1119,-22.2448,loss_of_function,-7.82669451732048,0.7211,pathogenic,10.1101/2022.10.22.513328; 37085483
P219L,1.5995,1.00782,-0.446662029637655,Neutral,Neutral,,,Uncertain,,Uncertain,,,Uncertain,29.6,,3.9777563863e-06,0.947,"cBioPortal,COSMIC,somatic_muts,clinvar",,False,29.6,,,,neutral,neutral,neutral,UP,neutral,neutral,neutral,826488,Uncertain significance,2,97.66,E,-0.2903,0.1119,-7.3721,loss_of_function,-4.32516605469899,0.4909,ambiguous,10.1101/2022.10.22.513328; 37085483
P219R,2.07698,1.38469,0.3715953789973319,Uncertain,Uncertain,,,Uncertain,,Uncertain,,,Uncertain,29.6,,,0.966,"cBioPortal,COSMIC,clinvar",,False,29.6,,,,neutral,neutral,neutral,UP,neutral,neutral,neutral,953426,Uncertain significance,1,97.66,E,-0.3872,0.1119,-22.2448,loss_of_function,-7.82669451732048,0.6961,pathogenic,10.1101/2022.10.22.513328; 37085483
P219S,2.22735,1.82925,0.8506144582287006,Uncertain,Uncertain,,,Uncertain,,Uncertain,,,Uncertain,29.6,,3.9775665248e-06,0.960,"COSMIC,germline_muts,somatic_muts,clinvar",,False,29.6,,,,neutral,neutral,neutral,DOWN,neutral,neutral,destabilizing,245673,Conflicting interpretations of pathogenicity,1,97.66,E,-0.2442,0.1119,-7.957,loss_of_function,-4.97570162335351,0.5148,ambiguous,10.1101/2022.10.22.513328; 37085483
P219T,2.05162,1.41429,0.5854695090193232,Uncertain,Uncertain,,,Uncertain,,Uncertain,,,Uncertain,29.6,,,0.962,"cBioPortal,COSMIC,somatic_muts",,False,29.6,,,,neutral,neutral,neutral,-,uncertain,uncertain,uncertain,,,,97.66,E,-0.3293,0.1119,-22.2448,loss_of_function,-6.95438318069062,0.5899,pathogenic,10.1101/2022.10.22.513328; 37085483
Y220C,3.6908,3.19762,4.007217441423339,Destabilizing,Destabilizing,,,,,,,,,5.5,,7.9551963342e-06,0.936,"cBioPortal,COSMIC,germline_muts,somatic_muts,clinvar",P,True,5.5,7.31,,,uncertain,neutral,uncertain,DOWN,neutral,neutral,stabilizing,127819,Pathogenic,3,97.45,-,-0.4154,0.0798,-22.2419,loss_of_function,-6.98521212435209,0.8515,pathogenic,10.1101/2022.10.22.513328; 37085483
Y220D,5.16426,4.20272,4.448131013246004,Destabilizing,Destabilizing,,,,,,,,,5.5,,,0.934,"cBioPortal,COSMIC,somatic_muts,clinvar",P,True,5.5,7.31,,,uncertain,neutral,uncertain,DOWN,neutral,neutral,stabilizing,376689,Uncertain significance,1,97.45,-,-0.4589,0.0798,-22.2419,loss_of_function,-6.87859714830146,0.9974,pathogenic,10.1101/2022.10.22.513328; 37085483
Y220H,2.35482,2.2415,1.591361504888985,Uncertain,Uncertain,,,,,,,,,5.5,,3.9777247414e-06,0.909,"cBioPortal,COSMIC,somatic_muts,clinvar",P,True,5.5,7.31,,,uncertain,uncertain,uncertain,DOWN,neutral,neutral,stabilizing,376687,Pathogenic,2,97.45,-,-0.3524,0.0798,-22.2419,loss_of_function,-3.40666941627912,0.9633,pathogenic,10.1101/2022.10.22.513328; 37085483
Y220L,0.8523,2.33435,1.3184262024535056,Uncertain,Neutral,,,,,,,,,5.5,,,,COSMIC,P,True,5.5,7.31,,,uncertain,damaging,uncertain,DOWN,neutral,neutral,stabilizing,,,,97.45,-,-0.4339,0.0798,-22.2419,loss_of_function,-3.10007605983779,0.8841,pathogenic,10.1101/2022.10.22.513328; 37085483
Y220N,4.24461,3.38469,3.44789284461105,Destabilizing,Destabilizing,,,,,,,,,5.5,,,0.910,"cBioPortal,COSMIC,somatic_muts,clinvar",P,True,5.5,7.31,,,uncertain,neutral,uncertain,DOWN,neutral,neutral,stabilizing,376688,Conflicting interpretations of pathogenicity,1,97.45,-,-0.4379,0.0798,-22.2419,loss_of_function,-6.87859714830146,0.9869,pathogenic,10.1101/2022.10.22.513328; 37085483
Y220S,4.61154,4.21565,4.478796791453627,Destabilizing,Destabilizing,,,,,,,,,5.5,,,0.918,"cBioPortal,COSMIC,germline_muts,somatic_muts,clinvar",P,True,5.5,7.31,,,uncertain,neutral,uncertain,DOWN,neutral,neutral,stabilizing,12383,Pathogenic,2,97.45,-,-0.4494,0.0798,-22.2419,loss_of_function,-4.64453510359499,0.9754,pathogenic,10.1101/2022.10.22.513328; 37085483
E221A,0.54486,0.89898,0.6296235842092596,Neutral,Neutral,,,Uncertain,,Uncertain,,,Uncertain,54.0,,,,clinvar,,True,54.0,,,,neutral,neutral,neutral,DOWN,neutral,neutral,stabilizing,573679,Uncertain significance,1,96.01,-,-0.2355,0.1886,-8.9599,loss_of_function,-5.59593430062344,0.6479,pathogenic,10.1101/2022.10.22.513328; 37085483
E221D,0.41871,0.92517,0.6390692100545389,Neutral,Neutral,,,Uncertain,,Uncertain,,,Uncertain,54.0,,,0.669,"COSMIC,somatic_muts",,True,54.0,,,,neutral,neutral,neutral,DOWN,neutral,neutral,stabilizing,,,,96.01,-,-0.2012,0.1886,-8.9599,loss_of_function,-0.510158117387993,0.4842,ambiguous,10.1101/2022.10.22.513328; 37085483
E221G,1.15092,2.00476,2.0116937204602867,Uncertain,Uncertain,,,Uncertain,,Uncertain,,,Uncertain,54.0,,,0.826,"COSMIC,somatic_muts",,True,54.0,,,,neutral,neutral,neutral,DOWN,neutral,neutral,stabilizing,,,,96.01,-,-0.3291,0.1886,-22.2477,loss_of_function,-5.94248562830314,0.7281,pathogenic,10.1101/2022.10.22.513328; 37085483
E221K,-0.50011,-0.36054,0.5713501163494378,Neutral,Neutral,,,Uncertain,,Uncertain,,,Uncertain,54.0,,3.9780095631e-06,0.897,"cBioPortal,COSMIC,somatic_muts,clinvar",,True,54.0,,,,neutral,neutral,neutral,UP,neutral,neutral,neutral,184647,Uncertain significance,2,96.01,-,-0.2575,0.1886,-8.9599,loss_of_function,-2.48019949466779,0.7104,pathogenic,10.1101/2022.10.22.513328; 37085483
E221V,-0.15039,-0.19796,-0.2032923528888597,Neutral,Neutral,,,Uncertain,,Uncertain,,,Uncertain,54.0,,,0.901,COSMIC,,True,54.0,,,,neutral,neutral,neutral,-,uncertain,uncertain,uncertain,,,,96.01,-,-0.3166,0.1886,-22.2477,loss_of_function,-6.92433865170428,0.6334,pathogenic,10.1101/2022.10.22.513328; 37085483
P222A,1.52795,1.29184,0.0503818584189824,Neutral,Neutral,,,Uncertain,,Uncertain,,,Uncertain,58.2,,,0.395,"COSMIC,somatic_muts",,True,58.2,,,,neutral,neutral,neutral,DOWN,neutral,neutral,stabilizing,,,,95.46,-,-0.1255,1.2061,-4.375,loss_of_function,-1.99439351178775,0.0808,benign,10.1101/2022.10.22.513328; 37085483
P222L,0.91611,0.51939,-0.6145296577966591,Neutral,Neutral,,,Uncertain,,Uncertain,,,Uncertain,58.2,6.37226789014e-05,1.59154570919e-05,0.585,"cBioPortal,COSMIC,germline_muts,somatic_muts,clinvar",,True,58.2,,,,neutral,neutral,neutral,UP,neutral,neutral,neutral,161397,Conflicting interpretations of pathogenicity,1,95.46,-,-0.1845,1.2061,-6.375,loss_of_function,-1.39143923387326,0.0964,benign,10.1101/2022.10.22.513328; 37085483
P222Q,1.27729,0.6983,-0.0073831292122,Neutral,Neutral,,,Uncertain,,Uncertain,,,Uncertain,58.2,,,0.626,"COSMIC,somatic_muts,clinvar",,True,58.2,,,,neutral,neutral,neutral,UP,neutral,neutral,neutral,1461784,Uncertain significance,1,95.46,-,-0.1723,1.2061,-7.9599,loss_of_function,-2.72420196645075,0.1551,benign,10.1101/2022.10.22.513328; 37085483
P222S,1.87344,0.93401,0.0873355691586452,Neutral,Neutral,,,Uncertain,,Uncertain,,,Uncertain,58.2,,,0.344,"COSMIC,germline_muts,somatic_muts,clinvar",,True,58.2,,,,neutral,neutral,neutral,DOWN,neutral,neutral,stabilizing,406592,Conflicting interpretations of pathogenicity,1,95.46,-,-0.1298,1.2061,-5.2596,loss_of_function,-0.961746201173931,0.1373,benign,10.1101/2022.10.22.513328; 37085483
P222T,1.6781,0.76497,-0.047705522690214,Neutral,Neutral,,,Uncertain,,Uncertain,,,Uncertain,58.2,,,0.533,COSMIC,,True,58.2,,,,neutral,neutral,neutral,-,uncertain,uncertain,uncertain,,,,95.46,-,-0.1438,1.2061,-5.6381,loss_of_function,-1.0716492687091,0.1178,benign,10.1101/2022.10.22.513328; 37085483
P223A,1.58782,1.00272,0.1005909533177856,Neutral,Neutral,,,,,,,,,19.7,,,0.759,"COSMIC,somatic_muts",,True,19.7,,,,neutral,neutral,neutral,DOWN,neutral,neutral,neutral,,,,95.62,-,-0.322,0.0627,-22.2477,loss_of_function,-6.17373289280236,0.495,ambiguous,10.1101/2022.10.22.513328; 37085483
P223H,2.87678,1.93741,-0.0828521326789849,Uncertain,Uncertain,,,,,,,,,19.7,,3.9792442619e-06,0.728,"COSMIC,somatic_muts",,True,19.7,,,,neutral,neutral,neutral,UP,neutral,neutral,neutral,,,,95.62,-,-0.2929,0.0627,-8.9599,loss_of_function,-7.32700846970999,0.9636,pathogenic,10.1101/2022.10.22.513328; 37085483
P223L,2.96525,1.58469,-0.271416292899389,Uncertain,Uncertain,,,,,,,,,19.7,,,0.634,"cBioPortal,COSMIC,somatic_muts,clinvar",,True,19.7,,,,neutral,neutral,neutral,UP,neutral,neutral,neutral,234214,Uncertain significance,2,95.62,-,-0.3029,0.0627,-8.9599,loss_of_function,-4.36242532907302,0.838,pathogenic,10.1101/2022.10.22.513328; 37085483
P223R,2.09,0.09218,0.0100057920252943,Uncertain,Uncertain,,,,,,,,,19.7,,,0.740,"COSMIC,somatic_muts",,True,19.7,,,,neutral,neutral,neutral,UP,neutral,neutral,neutral,,,,95.62,-,-0.3918,0.0627,-22.2477,loss_of_function,-8.13005495551572,0.9182,pathogenic,10.1101/2022.10.22.513328; 37085483
P223S,2.73132,1.57755,0.4741470446530171,Uncertain,Uncertain,,,,,,,,,19.7,,,0.765,"cBioPortal,COSMIC,somatic_muts",,True,19.7,,,,neutral,neutral,neutral,DOWN,neutral,neutral,neutral,,,,95.62,-,-0.3217,0.0627,-22.2477,loss_of_function,-5.11965140933339,0.8509,pathogenic,10.1101/2022.10.22.513328; 37085483
P223T,3.76161,1.58571,0.4395736577239373,Uncertain,Uncertain,,,,,,,,,19.7,,,0.786,"cBioPortal,somatic_muts",,True,19.7,,,,neutral,neutral,neutral,-,uncertain,uncertain,uncertain,,,,95.62,-,-0.3338,0.0627,-22.2477,loss_of_function,-6.53497147428304,0.8645,pathogenic,10.1101/2022.10.22.513328; 37085483
E224A,-0.09194,-0.01667,0.229093302251167,Neutral,Neutral,,,Uncertain,,Uncertain,,,Uncertain,105.1,,,0.825,"cBioPortal,clinvar",,True,105.1,,,,neutral,neutral,neutral,DOWN,neutral,neutral,stabilizing,428892,Uncertain significance,2,94.54,-,-0.2464,0.8075,-22.2477,loss_of_function,-5.87663873434466,0.6237,pathogenic,10.1101/2022.10.22.513328; 37085483
E224D,0.18907,0.10714,0.1793947551478897,Neutral,Neutral,,,Uncertain,,Uncertain,,,Uncertain,105.1,,3.9807649438e-06,0.697,"cBioPortal,COSMIC,somatic_muts,clinvar",,True,105.1,,,,neutral,neutral,neutral,DOWN,neutral,neutral,stabilizing,"1493447, 635390","Uncertain significance, Uncertain significance","1, 1",94.54,-,-0.1443,0.8075,-8.9599,loss_of_function,-3.60034930259215,0.8106,pathogenic,10.1101/2022.10.22.513328; 37085483
E224G,0.13555,0.51735,0.8689337124124347,Neutral,Neutral,,,Uncertain,,Uncertain,,,Uncertain,105.1,,,0.890,"COSMIC,somatic_muts,clinvar",,True,105.1,,,,neutral,neutral,neutral,DOWN,neutral,neutral,stabilizing,826574,Uncertain significance,1,94.54,-,-0.2721,0.8075,-22.2477,loss_of_function,-7.55560463861685,0.8099,pathogenic,10.1101/2022.10.22.513328; 37085483
E224K,0.04524,-0.51531,0.1244604790542625,Neutral,Neutral,,,Uncertain,,Uncertain,,,Uncertain,105.1,,,0.701,"cBioPortal,COSMIC,somatic_muts,clinvar",,True,105.1,,,,neutral,neutral,neutral,UP,neutral,neutral,neutral,480767,Uncertain significance,2,94.54,-,-0.2684,0.8075,-22.2477,loss_of_function,-7.15390804138825,0.9057,pathogenic,10.1101/2022.10.22.513328; 37085483
E224Q,-0.00016,0.01939,0.2782230576332206,Neutral,Neutral,,,Uncertain,,Uncertain,,,Uncertain,105.1,,,0.533,"cBioPortal,COSMIC",,True,105.1,,,,neutral,neutral,neutral,UP,neutral,neutral,neutral,,,,94.54,-,-0.1072,0.8075,-0.3564,loss_of_function,-1.91513849442025,0.4287,ambiguous,10.1101/2022.10.22.513328; 37085483
E224V,0.35145,0.29422,0.0359504215062306,Neutral,Neutral,,,Uncertain,,Uncertain,,,Uncertain,105.1,,,0.868,"cBioPortal,COSMIC,somatic_muts",,True,105.1,,,,neutral,neutral,neutral,-,uncertain,uncertain,uncertain,,,,94.54,-,-0.2596,0.8075,-22.2477,loss_of_function,-6.31570379136526,0.82,pathogenic,10.1101/2022.10.22.513328; 37085483
V225A,0.09455,-0.21463,0.1133724185914508,Neutral,Neutral,,,Uncertain,,Uncertain,,,Uncertain,118.6,,,0.449,"cBioPortal,COSMIC",,True,118.6,,,,neutral,neutral,neutral,DOWN,neutral,neutral,stabilizing,,,,94.69,T,-0.1915,0.8678,-6.6352,loss_of_function,-1.53192676045706,0.2646,benign,10.1101/2022.10.22.513328; 37085483
V225D,0.01805,-0.48639,-0.1361808922929552,Neutral,Neutral,,,Uncertain,,Uncertain,,,Uncertain,118.6,,,0.645,"COSMIC,somatic_muts,clinvar",,True,118.6,,,,neutral,neutral,neutral,DOWN,neutral,neutral,stabilizing,850916,Uncertain significance,2,94.69,T,-0.4378,0.8678,-22.2448,loss_of_function,-5.34716918537026,0.6692,pathogenic,10.1101/2022.10.22.513328; 37085483
V225F,0.01022,0.25034,0.1201703775173201,Neutral,Neutral,,,Uncertain,,Uncertain,,,Uncertain,118.6,,,0.704,"COSMIC,clinvar",,True,118.6,,,,neutral,neutral,neutral,UP,neutral,neutral,stabilizing,2122381,Uncertain significance,1,94.69,T,-0.3483,0.8678,-22.2448,loss_of_function,-5.70657313311416,0.4754,ambiguous,10.1101/2022.10.22.513328; 37085483
V225G,0.30683,0.43707,0.5602246167219712,Neutral,Neutral,,,Uncertain,,Uncertain,,,Uncertain,118.6,,,0.644,"COSMIC,somatic_muts",,True,118.6,,,,neutral,neutral,neutral,DOWN,neutral,neutral,stabilizing,,,,94.69,T,-0.397,0.8678,-22.2448,loss_of_function,-5.42787583996965,0.4103,ambiguous,10.1101/2022.10.22.513328; 37085483
V225I,0.08646,0.09218,0.0350239274490621,Neutral,Neutral,,,Uncertain,,Uncertain,,,Uncertain,118.6,,,0.388,"cBioPortal,COSMIC,somatic_muts,clinvar",,True,118.6,,,,neutral,neutral,neutral,UP,neutral,neutral,stabilizing,480736,Conflicting interpretations of pathogenicity,1,94.69,T,-0.1257,0.8678,-6.3721,loss_of_function,-0.536556513058598,0.1204,benign,10.1101/2022.10.22.513328; 37085483
V225L,-0.00176,-0.08571,-0.0911615495049289,Neutral,Neutral,,,Uncertain,,Uncertain,,,Uncertain,118.6,,,,somatic_muts,,True,118.6,,,,neutral,neutral,neutral,UP,neutral,neutral,stabilizing,,,,94.69,T,-0.1731,0.8678,-2.9127,loss_of_function,-1.65744017387142,0.4183,ambiguous,10.1101/2022.10.22.513328
G226A,3.80056,1.63197,2.252065778618673,Uncertain,Uncertain,,,Uncertain,,Uncertain,,,Uncertain,118.9,,,0.767,"COSMIC,clinvar",,True,118.9,,,,neutral,neutral,neutral,UP,neutral,neutral,stabilizing,951459,Uncertain significance,2,93.84,T,-0.3023,0.1477,-8.9511,loss_of_function,-2.4820308572667,0.7389,pathogenic,10.1101/2022.10.22.513328; 37085483
G226D,3.97422,0.7068,1.468867357287374,Uncertain,Uncertain,,,Uncertain,,Uncertain,,,Uncertain,118.9,,,0.698,"cBioPortal,COSMIC,somatic_muts",,True,118.9,,,,neutral,neutral,neutral,UP,neutral,neutral,stabilizing,,,,93.84,T,-0.3523,0.1477,-6.9513,loss_of_function,-2.41477542882087,0.8313,pathogenic,10.1101/2022.10.22.513328; 37085483
G226S,3.93968,1.27721,1.931393852781332,Uncertain,Uncertain,,,Uncertain,,Uncertain,,,Uncertain,118.9,,,0.866,"COSMIC,somatic_muts,clinvar",,True,118.9,,,,neutral,neutral,neutral,UP,neutral,neutral,stabilizing,648028,Uncertain significance,2,93.84,T,-0.3031,0.1477,-7.9512,loss_of_function,-3.82207883968178,0.6868,pathogenic,10.1101/2022.10.22.513328; 37085483
G226V,5.00566,5.49388,2.9324367054827487,Destabilizing,Uncertain,,,Uncertain,,Uncertain,,,Uncertain,118.9,,,0.838,"COSMIC,clinvar",,True,118.9,,,,neutral,neutral,neutral,UP,neutral,neutral,stabilizing,458556,Conflicting interpretations of pathogenicity,1,93.84,T,-0.4569,0.1477,-22.239,loss_of_function,-7.59947433762722,0.9277,pathogenic,10.1101/2022.10.22.513328; 37085483
S227C,1.27238,1.13163,0.5824380349839292,Neutral,Neutral,,,Uncertain,,Uncertain,,,Uncertain,44.2,,,,somatic_muts,,True,44.2,,,,uncertain,,,UP,neutral,neutral,neutral,,,,94.06,-,-0.1292,1.345,-6.9513,loss_of_function,-1.01244842519811,0.1364,benign,10.1101/2022.10.22.513328
S227F,0.93416,0.24558,-0.8862780905681822,Neutral,Neutral,,,Uncertain,,Uncertain,,,Uncertain,44.2,,,0.727,"cBioPortal,COSMIC,somatic_muts",,True,44.2,,,,uncertain,,,UP,neutral,neutral,neutral,,,,94.06,-,-0.2348,1.345,-22.239,loss_of_function,-6.80108941624029,0.548,ambiguous,10.1101/2022.10.22.513328; 37085483
S227P,3.06059,5.2119,2.2419520065020726,Destabilizing,Uncertain,,,Uncertain,,Uncertain,,,Uncertain,44.2,,,0.681,"cBioPortal,COSMIC",,True,44.2,,,,uncertain,,,UP,neutral,neutral,neutral,,,,94.06,-,-0.2424,1.345,-8.9511,loss_of_function,-6.22351859774356,0.9492,pathogenic,10.1101/2022.10.22.513328; 37085483
S227T,1.60859,0.59966,0.1342355010590246,Neutral,Neutral,,,Uncertain,,Uncertain,,,Uncertain,44.2,,,,"germline_muts,somatic_muts",,True,44.2,,,,neutral,,,UP,neutral,neutral,neutral,,,,94.06,-,-0.0379,1.345,-0.7714,loss_of_function,-1.99749882559897,0.1425,benign,10.1101/2022.10.22.513328; 37085483
S227Y,0.9228,0.1085,-0.7360570091620228,Neutral,Neutral,,,Uncertain,,Uncertain,,,Uncertain,44.2,,,0.772,COSMIC,,True,44.2,,,,uncertain,,,UP,neutral,neutral,neutral,,,,94.06,-,-0.2396,1.345,-22.239,loss_of_function,-6.80108941624029,0.5655,pathogenic,10.1101/2022.10.22.513328; 37085483
D228A,0.28332,0.29388,0.4269785441787038,Neutral,Neutral,,,Uncertain,,Uncertain,,,Uncertain,78.7,,,0.758,"COSMIC,somatic_muts",,True,78.7,,,,neutral,neutral,neutral,DOWN,neutral,neutral,stabilizing,,,,93.35,S,-0.176,1.011,-6.6293,loss_of_function,-3.7265271431836,0.1645,benign,10.1101/2022.10.22.513328; 37085483
D228E,-0.00559,-0.07245,0.0967224005998002,Neutral,Neutral,,,Uncertain,,Uncertain,,,Uncertain,78.7,,,"0.370, 0.371","cBioPortal,COSMIC,somatic_muts,clinvar",,True,78.7,,,,neutral,neutral,neutral,UP,neutral,neutral,neutral,"954848, 926556","Uncertain significance, Conflicting interpretations of pathogenicity","1, 1",93.35,S,-0.0891,1.011,-0.3967,loss_of_function,-0.386789767388704,0.1188,benign,10.1101/2022.10.22.513328; 37085483
D228G,0.5742,0.76327,0.8105606337246574,Neutral,Neutral,,,Uncertain,,Uncertain,,,Uncertain,78.7,,,0.704,"COSMIC,somatic_muts",,True,78.7,,,,neutral,neutral,neutral,DOWN,neutral,neutral,stabilizing,,,,93.35,S,-0.1872,1.011,-6.6293,loss_of_function,-3.623202403396,0.1774,benign,10.1101/2022.10.22.513328; 37085483
D228H,0.44857,0.13878,-0.0923606540384158,Neutral,Neutral,,,Uncertain,,Uncertain,,,Uncertain,78.7,,,0.777,"cBioPortal,COSMIC,somatic_muts",,True,78.7,,,,neutral,neutral,neutral,UP,neutral,neutral,neutral,,,,93.35,S,-0.265,1.011,-22.239,loss_of_function,-6.0681896198295,0.2979,benign,10.1101/2022.10.22.513328; 37085483
D228N,0.11809,-0.17959,0.0943138430162332,Neutral,Neutral,,,Uncertain,,Uncertain,,,Uncertain,78.7,,,0.546,"cBioPortal,COSMIC,somatic_muts,clinvar",,True,78.7,,,,neutral,neutral,neutral,-,uncertain,uncertain,uncertain,1395667,Uncertain significance,1,93.35,S,-0.2224,1.011,-22.239,loss_of_function,-3.63637678595156,0.1058,benign,10.1101/2022.10.22.513328; 37085483
D228V,0.4127,-0.32381,0.3865083851389073,Neutral,Neutral,,,Uncertain,,Uncertain,,,Uncertain,78.7,,,0.829,COSMIC,,True,78.7,,,,neutral,neutral,neutral,UP,neutral,neutral,neutral,,,,93.35,S,-0.2349,1.011,-8.9511,loss_of_function,-4.70414434620379,0.238,benign,10.1101/2022.10.22.513328; 37085483
D228Y,0.40465,0.10408,0.1251217243272956,Neutral,Neutral,,,Uncertain,,Uncertain,,,Uncertain,78.7,,,0.849,"cBioPortal,COSMIC,clinvar",,True,78.7,,,,neutral,neutral,neutral,UP,neutral,neutral,neutral,2450759,Likely benign,1,93.35,S,-0.3007,1.011,-22.239,loss_of_function,-6.32011535407786,0.3148,benign,10.1101/2022.10.22.513328; 37085483
C229F,-1.45862,-1.46156,-0.9452681664556556,Neutral,Neutral,,,,,,,,,9.4,,,0.401,"cBioPortal,COSMIC",,False,9.4,,,,neutral,neutral,neutral,UP,neutral,neutral,neutral,,,,95.04,S,-0.1987,1.9363,-0.7606,loss_of_function,-0.9953252826484,0.1155,benign,10.1101/2022.10.22.513328; 37085483
C229G,0.39895,1.70442,2.06959961245452,Neutral,Uncertain,,,,,,,,,9.4,,,0.738,"COSMIC,germline_muts,somatic_muts,clinvar",,False,9.4,,,,neutral,neutral,neutral,DOWN,neutral,neutral,stabilizing,1026715,Uncertain significance,2,95.04,S,-0.2246,1.9363,-6.1381,loss_of_function,-2.85968821708073,0.2485,benign,10.1101/2022.10.22.513328; 37085483
C229R,0.45855,0.90782,1.3133802639929275,Neutral,Neutral,,,,,,,,,9.4,,7.9529819706e-06,0.754,"COSMIC,germline_muts,somatic_muts,clinvar",,False,9.4,,,,neutral,neutral,neutral,UP,neutral,neutral,neutral,420137,Conflicting interpretations of pathogenicity,1,95.04,S,-0.2937,1.9363,-7.9454,loss_of_function,-3.21722478031866,0.5548,ambiguous,10.1101/2022.10.22.513328; 37085483
C229S,0.88696,0.85646,1.465064849360837,Neutral,Neutral,,,,,,,,,9.4,,,"0.535, 0.600","cBioPortal,COSMIC,somatic_muts,clinvar",,False,9.4,,,,neutral,neutral,neutral,DOWN,neutral,neutral,stabilizing,582302,Uncertain significance,1,95.04,S,-0.2196,1.9363,-5.486,loss_of_function,-1.48349505430365,0.2846,benign,10.1101/2022.10.22.513328; 37085483
C229W,-0.91845,-1.02347,-0.4769108787448239,Neutral,Neutral,,,,,,,,,9.4,,,0.594,cBioPortal,,False,9.4,,,,neutral,neutral,neutral,UP,neutral,neutral,neutral,,,,95.04,S,-0.2304,1.9363,-6.3605,loss_of_function,-1.05331855646119,0.3728,ambiguous,10.1101/2022.10.22.513328; 37085483
C229Y,-1.05452,-1.43673,-0.5701797823290683,Neutral,Neutral,,,,,,,,,9.4,,,0.389,"cBioPortal,COSMIC,somatic_muts,clinvar",,False,9.4,,,,neutral,neutral,neutral,UP,neutral,neutral,neutral,419040,Uncertain significance,2,95.04,S,-0.2267,1.9363,-4.4219,loss_of_function,0.0338896257398098,0.1447,benign,10.1101/2022.10.22.513328; 37085483
T230A,1.05322,0.76973,0.6411671727429771,Neutral,Neutral,,,,,,,,,19.0,,,0.856,"cBioPortal,COSMIC,somatic_muts,clinvar",,False,19.0,,,,uncertain,,,DOWN,neutral,neutral,destabilizing,953956,Uncertain significance,2,96.63,E,-0.2241,0.2248,-6.9513,loss_of_function,-0.771978531034543,0.1821,benign,10.1101/2022.10.22.513328; 37085483
T230I,-0.08963,0.38844,-0.0820923082143332,Neutral,Neutral,,,,,,,,,19.0,,,0.936,"COSMIC,somatic_muts,clinvar",,False,19.0,,,,uncertain,,,UP,neutral,neutral,neutral,1366616,Uncertain significance,1,96.63,E,-0.2551,0.2248,-7.9512,loss_of_function,-2.85517953282881,0.669,pathogenic,10.1101/2022.10.22.513328; 37085483
T230N,1.46969,1.2949,0.7873305470370897,Neutral,Neutral,,,,,,,,,19.0,,,0.875,"COSMIC,somatic_muts",,False,19.0,,,,uncertain,,,-,uncertain,uncertain,uncertain,,,,96.63,E,-0.3577,0.2248,-22.239,loss_of_function,-5.17123924654819,0.6742,pathogenic,10.1101/2022.10.22.513328; 37085483
T230P,1.44769,1.94762,5.168358074021626,Neutral,Uncertain,,,,,,,,,19.0,,,0.920,"cBioPortal,COSMIC",,False,19.0,,,,uncertain,,,-,uncertain,uncertain,uncertain,,,,96.63,E,-0.4664,0.2248,-22.239,loss_of_function,-7.26080279635167,0.8389,pathogenic,10.1101/2022.10.22.513328; 37085483
T230S,1.39546,1.02857,1.334684229245086,Neutral,Neutral,,,,,,,,,19.0,,,0.863,COSMIC,,False,19.0,,,,neutral,,,DOWN,neutral,neutral,destabilizing,,,,96.63,E,-0.1827,0.2248,-5.9513,loss_of_function,-1.94343831854702,0.2275,benign,10.1101/2022.10.22.513328; 37085483
T231A,0.03851,0.83605,0.8315997200765604,Neutral,Neutral,,,Uncertain,,Uncertain,,,Uncertain,30.4,,,0.905,"cBioPortal,COSMIC,somatic_muts,clinvar",,False,30.4,,,,uncertain,,,DOWN,neutral,neutral,destabilizing,863153,Uncertain significance,1,96.93,E,-0.3092,0.1477,-22.239,loss_of_function,-0.750209573914153,0.4094,ambiguous,10.1101/2022.10.22.513328; 37085483
T231I,-1.35682,-1.13844,-1.0236333156865862,Neutral,Neutral,,,Uncertain,,Uncertain,,,Uncertain,30.4,,,0.942,"COSMIC,somatic_muts,clinvar",,False,30.4,,,,uncertain,,,UP,neutral,neutral,neutral,458557,Uncertain significance,1,96.93,E,-0.2571,0.1477,-6.9513,loss_of_function,-4.06529226224259,0.629,pathogenic,10.1101/2022.10.22.513328; 37085483
T231N,0.26284,0.81599,0.7868747530815523,Neutral,Neutral,,,Uncertain,,Uncertain,,,Uncertain,30.4,,,0.885,"cBioPortal,COSMIC",,False,30.4,,,,uncertain,,,-,uncertain,uncertain,uncertain,,,,96.93,E,-0.3648,0.1477,-22.239,loss_of_function,-4.86983639876597,0.7626,pathogenic,10.1101/2022.10.22.513328; 37085483
T231P,-0.44653,0.36054,2.4216006994158734,Neutral,Uncertain,,,Uncertain,,Uncertain,,,Uncertain,30.4,,,0.959,"cBioPortal,COSMIC",,False,30.4,,,,uncertain,,,-,uncertain,uncertain,uncertain,,,,96.93,E,-0.4006,0.1477,-7.9512,loss_of_function,-5.90431671926836,0.8364,pathogenic,10.1101/2022.10.22.513328; 37085483
T231S,0.52475,1.24456,1.276457439935799,Neutral,Neutral,,,Uncertain,,Uncertain,,,Uncertain,30.4,,,0.922,"COSMIC,somatic_muts,clinvar",,False,30.4,,,,neutral,,,DOWN,neutral,neutral,destabilizing,921142,Uncertain significance,2,96.93,E,-0.2051,0.1477,-8.9511,loss_of_function,-4.12712806788995,0.5804,pathogenic,10.1101/2022.10.22.513328; 37085483
I232F,0.40592,1.26327,0.8722736378294418,Neutral,Neutral,,,,,,,,,10.8,,,0.840,"cBioPortal,COSMIC,somatic_muts",,False,10.8,,,,neutral,neutral,neutral,UP,neutral,neutral,neutral,,,,97.67,E,-0.2162,1.0667,-7.9512,loss_of_function,-3.25419754051757,0.7616,pathogenic,10.1101/2022.10.22.513328; 37085483
I232L,0.30632,0.79762,0.7497664141562562,Neutral,Neutral,,,,,,,,,10.8,,,0.688,"COSMIC,clinvar",,False,10.8,,,,neutral,neutral,neutral,-,uncertain,uncertain,uncertain,482214,Uncertain significance,2,97.67,E,-0.1404,1.0667,-7.9512,loss_of_function,-1.93940326671129,0.396,ambiguous,10.1101/2022.10.22.513328; 37085483
I232M,0.25975,1.71735,1.6421824656709938,Neutral,Neutral,,,,,,,,,10.8,,,,COSMIC,,False,10.8,,,,neutral,neutral,neutral,-,uncertain,uncertain,uncertain,,,,97.67,E,-0.219,1.0667,-22.239,loss_of_function,-3.21988801821096,0.5496,ambiguous,10.1101/2022.10.22.513328; 37085483
I232N,2.81966,2.83333,2.8394038583405568,Uncertain,Uncertain,,,,,,,,,10.8,,,0.916,"cBioPortal,COSMIC,somatic_muts,clinvar",,False,10.8,,,,neutral,neutral,neutral,DOWN,neutral,neutral,stabilizing,850008,Pathogenic/Likely pathogenic,2,97.67,E,-0.3653,1.0667,-22.239,loss_of_function,-3.0625427012979,0.9876,pathogenic,10.1101/2022.10.22.513328; 37085483
I232S,3.46097,4.37687,3.4127626635355592,Destabilizing,Destabilizing,,,,,,,,,10.8,,,0.935,"cBioPortal,COSMIC,somatic_muts,clinvar",,False,10.8,,,,neutral,neutral,neutral,DOWN,neutral,neutral,stabilizing,634756,Pathogenic,1,97.67,E,-0.3687,1.0667,-22.239,loss_of_function,-5.13906058371721,0.9826,pathogenic,10.1101/2022.10.22.513328; 37085483
I232T,3.07647,2.56837,2.1972272684387035,Uncertain,Uncertain,,,,,,,,,10.8,,,0.920,"cBioPortal,COSMIC,germline_muts,somatic_muts,clinvar",,False,10.8,,,,neutral,neutral,neutral,DOWN,neutral,neutral,stabilizing,141224,Pathogenic/Likely pathogenic,2,97.67,E,-0.2177,1.0667,-8.9511,loss_of_function,-3.44402482831382,0.9462,pathogenic,10.1101/2022.10.22.513328; 37085483
I232V,1.2914,0.8381,0.7249550253150185,Neutral,Neutral,,,,,,,,,10.8,,,0.419,"COSMIC,somatic_muts",,False,10.8,,,,neutral,neutral,neutral,DOWN,neutral,neutral,stabilizing,,,,97.67,E,-0.0665,1.0667,-1.2789,loss_of_function,-0.453565725717669,0.1023,benign,10.1101/2022.10.22.513328; 37085483
H233D,1.17747,0.5915,1.2790591923541328,Neutral,Neutral,,,Uncertain,,Uncertain,,,Uncertain,49.4,,,0.876,"COSMIC,germline_muts",,False,49.4,,,,neutral,neutral,neutral,DOWN,neutral,neutral,neutral,,,,97.32,E,-0.2749,0.7543,-22.239,loss_of_function,-5.26877135992122,0.9787,pathogenic,10.1101/2022.10.22.513328; 37085483
H233L,-1.21061,-1.04932,-0.4258992746742546,Neutral,Neutral,,,Uncertain,,Uncertain,,,Uncertain,49.4,,,0.579,COSMIC,,False,49.4,,,,neutral,neutral,neutral,UP,neutral,neutral,stabilizing,,,,97.32,E,-0.1657,0.7543,-0.3366,loss_of_function,-1.13391902925994,0.3678,ambiguous,10.1101/2022.10.22.513328; 37085483
H233P,-0.30861,-0.83027,2.535766331454983,Neutral,Uncertain,,,Uncertain,,Uncertain,,,Uncertain,49.4,,,0.844,COSMIC,,False,49.4,,,,neutral,neutral,neutral,DOWN,neutral,neutral,neutral,,,,97.32,E,-0.3909,0.7543,-22.239,loss_of_function,-6.70333838902764,0.8782,pathogenic,10.1101/2022.10.22.513328; 37085483
H233Q,0.34141,0.14558,0.8193412441042192,Neutral,Neutral,,,Uncertain,,Uncertain,,,Uncertain,49.4,,,0.669,COSMIC,,False,49.4,,,,neutral,neutral,neutral,DOWN,neutral,neutral,neutral,,,,97.32,E,-0.1959,0.7543,-22.239,loss_of_function,-5.6517055286347,0.9481,pathogenic,10.1101/2022.10.22.513328; 37085483
H233R,-0.58576,-0.14354,0.4282968247212282,Neutral,Neutral,,,Uncertain,,Uncertain,,,Uncertain,49.4,,,0.717,"COSMIC,clinvar",,False,49.4,,,,neutral,neutral,neutral,UP,neutral,neutral,stabilizing,246388,Conflicting interpretations of pathogenicity,1,97.32,E,-0.264,0.7543,-22.239,loss_of_function,-5.39308725596142,0.9072,pathogenic,10.1101/2022.10.22.513328; 37085483
H233Y,-1.05244,-0.86735,-0.5865810598508125,Neutral,Neutral,,,Uncertain,,Uncertain,,,Uncertain,49.4,,,0.690,"cBioPortal,COSMIC,somatic_muts",,False,49.4,,,,neutral,neutral,neutral,UP,neutral,neutral,stabilizing,,,,97.32,E,-0.1995,0.7543,-22.239,loss_of_function,-1.78984626143471,0.4592,ambiguous,10.1101/2022.10.22.513328; 37085483
Y234C,3.82286,4.16905,4.320663441580765,Destabilizing,Destabilizing,,,,,,,,,1.1,,3.9764593606e-06,0.945,"cBioPortal,COSMIC,germline_muts,somatic_muts,clinvar",,False,1.1,,,,uncertain,,,DOWN,neutral,neutral,destabilizing,127820,Pathogenic/Likely pathogenic,2,97.96,E,-0.3652,0.6244,-22.2332,loss_of_function,-6.44662477801322,0.8,pathogenic,10.1101/2022.10.22.513328; 37085483
Y234D,5.75745,4.9085,4.860266026925788,Destabilizing,Destabilizing,,,,,,,,,1.1,,,0.876,"cBioPortal,COSMIC,somatic_muts,clinvar",,False,1.1,,,,uncertain,,,DOWN,neutral,neutral,destabilizing,219759,Conflicting interpretations of pathogenicity,1,97.96,E,-0.4088,0.6244,-22.2332,loss_of_function,-6.80960627818916,0.9975,pathogenic,10.1101/2022.10.22.513328; 37085483
Y234F,-0.58076,-0.15544,0.357075834388697,Neutral,Neutral,,,,,,,,,1.1,,,0.686,"COSMIC,somatic_muts",,False,1.1,,,,uncertain,,,-,uncertain,uncertain,uncertain,,,,97.96,E,-0.15,0.6244,-6.1381,loss_of_function,-1.56308951962019,0.0991,benign,10.1101/2022.10.22.513328; 37085483
Y234H,3.02118,2.77211,2.4665585581773373,Uncertain,Uncertain,,,,,,,,,1.1,,,0.890,"cBioPortal,COSMIC,germline_muts,somatic_muts,clinvar",,False,1.1,,,,uncertain,,,DOWN,neutral,neutral,destabilizing,376691,Pathogenic,2,97.96,E,-0.3023,0.6244,-22.2332,loss_of_function,-4.09950607784027,0.9891,pathogenic,10.1101/2022.10.22.513328; 37085483
Y234N,3.39002,4.0881,3.82935510718748,Destabilizing,Destabilizing,,,,,,,,,1.1,,,0.941,"cBioPortal,COSMIC,somatic_muts,clinvar",,False,1.1,,,,uncertain,,,DOWN,neutral,neutral,destabilizing,376692,Pathogenic,2,97.96,E,-0.3878,0.6244,-22.2332,loss_of_function,-6.80960627818916,0.9909,pathogenic,10.1101/2022.10.22.513328; 37085483
Y234Q,3.08214,3.39184,3.844593772022955,Destabilizing,Destabilizing,,,,,,,,,1.1,,,,somatic_muts,,False,1.1,,,,uncertain,,,DOWN,neutral,neutral,destabilizing,,,,97.96,E,-0.4123,0.6244,-22.2332,loss_of_function,-6.80960627818916,0.9986,pathogenic,10.1101/2022.10.22.513328
Y234R,4.30556,3.35408,3.838503321477877,Destabilizing,Destabilizing,,,,,,,,,1.1,,,,COSMIC,,False,1.1,,,,uncertain,,,DOWN,neutral,neutral,destabilizing,,,,97.96,E,-0.4581,0.6244,-22.2332,loss_of_function,-6.80960627818916,0.997,pathogenic,10.1101/2022.10.22.513328; 37085483
Y234S,5.28072,4.97279,4.891947242576787,Destabilizing,Destabilizing,,,,,,,,,1.1,,,0.936,"cBioPortal,COSMIC,somatic_muts,clinvar",,False,1.1,,,,uncertain,,,DOWN,neutral,neutral,destabilizing,376690,Conflicting interpretations of pathogenicity,1,97.96,E,-0.3993,0.6244,-22.2332,loss_of_function,-6.44662477801322,0.9852,pathogenic,10.1101/2022.10.22.513328; 37085483
N235D,3.81263,1.74694,1.3906255889428734,Uncertain,Uncertain,,,,,,,,,14.1,,,0.912,"cBioPortal,COSMIC,germline_muts,somatic_muts,clinvar",,False,14.1,,,,neutral,neutral,neutral,-,uncertain,uncertain,uncertain,919580,Conflicting interpretations of pathogenicity,1,96.97,E,-0.2817,0.5476,-22.239,loss_of_function,-4.00222966243389,0.8126,pathogenic,10.1101/2022.10.22.513328; 37085483
N235H,2.23125,0.98367,0.1103937233379792,Uncertain,Uncertain,,,,,,,,,14.1,,,0.902,COSMIC,,False,14.1,,,,neutral,neutral,neutral,UP,neutral,neutral,stabilizing,,,,96.97,E,-0.2835,0.5476,-22.239,loss_of_function,-4.59891063784102,0.3915,ambiguous,10.1101/2022.10.22.513328; 37085483
N235I,0.31656,-0.63061,-0.5968959119703804,Neutral,Neutral,,,,,,,,,14.1,,3.9763961127e-06,0.886,"COSMIC,somatic_muts",,False,14.1,,,,neutral,neutral,neutral,UP,neutral,neutral,stabilizing,,,,96.97,E,-0.3288,0.5476,-22.239,loss_of_function,-5.06640171466846,0.8491,pathogenic,10.1101/2022.10.22.513328; 37085483
N235K,-0.33609,-0.63741,0.4263123646674421,Neutral,Neutral,,,,,,,,,14.1,,,0.565,cBioPortal,,False,14.1,,,,neutral,neutral,neutral,UP,neutral,neutral,stabilizing,,,,96.97,E,-0.1977,0.5476,-5.7813,loss_of_function,-1.52572489034109,0.8166,pathogenic,10.1101/2022.10.22.513328; 37085483
N235M,-0.67399,-1.34966,-0.276517825289822,Neutral,Neutral,,,,,,,,,14.1,,,,"COSMIC,somatic_muts",,False,14.1,,,,neutral,neutral,neutral,UP,neutral,neutral,stabilizing,,,,96.97,E,-0.2894,0.5476,-22.239,loss_of_function,-5.96096504736547,0.8714,pathogenic,10.1101/2022.10.22.513328; 37085483
N235S,1.51453,0.12143,1.0743763401236013,Neutral,Neutral,,,,,,,,,14.1,0.0003198362438432,0.0001789378250704,0.593,"cBioPortal,COSMIC,germline_muts,somatic_muts,clinvar",,False,14.1,,,,neutral,neutral,neutral,DOWN,neutral,neutral,destabilizing,127821,Benign,3,96.97,E,-0.1536,0.5476,-3.6659,loss_of_function,-2.64118094815742,0.1402,benign,10.1101/2022.10.22.513328; 37085483
N235T,1.04293,-0.48299,0.367827982685347,Neutral,Neutral,,,,,,,,,14.1,,,0.872,"cBioPortal,COSMIC,somatic_muts",,False,14.1,,,,neutral,neutral,neutral,-,uncertain,uncertain,uncertain,,,,96.97,E,-0.298,0.5476,-22.239,loss_of_function,-3.17005902451428,0.5234,ambiguous,10.1101/2022.10.22.513328; 37085483
N235Y,4.91751,3.09966,-0.2632872621002596,Destabilizing,Uncertain,,,,,,,,,14.1,,,0.932,"COSMIC,somatic_muts,clinvar",,False,14.1,,,,neutral,neutral,neutral,UP,neutral,neutral,stabilizing,188206,Uncertain significance,1,96.97,E,-0.3192,0.5476,-22.239,loss_of_function,-5.15056092513449,0.7572,pathogenic,10.1101/2022.10.22.513328; 37085483
Y236C,5.33301,4.65136,5.036121265358198,Destabilizing,Destabilizing,0.0,0.0709,Neutral,,,0.0,0.07997,Neutral,0.0,,,0.811,"cBioPortal,COSMIC,germline_muts,somatic_muts,clinvar",,False,0.0,,,,uncertain,,,DOWN,neutral,neutral,destabilizing,376693,Conflicting interpretations of pathogenicity,1,97.83,E,-0.3521,0.7671,-22.2419,loss_of_function,-6.69585764268672,0.9599,pathogenic,10.1101/2022.10.22.513328; 37085483
Y236D,6.34272,5.4068,5.930738084971694,Destabilizing,Destabilizing,0.1121,-0.06182,Neutral,,,0.00685,-0.08582,Neutral,0.0,,,0.845,"cBioPortal,COSMIC,somatic_muts,clinvar",,False,0.0,,,,uncertain,,,DOWN,neutral,neutral,destabilizing,142183,Conflicting interpretations of pathogenicity,1,97.83,E,-0.3957,0.7671,-22.2419,loss_of_function,-6.69585764268672,0.9936,pathogenic,10.1101/2022.10.22.513328; 37085483
Y236F,0.73863,0.43741,1.0216106289903029,Neutral,Neutral,0.0,0.22169,Neutral,,,0.0,-0.04874,Neutral,0.0,,,0.468,"cBioPortal,COSMIC",,False,0.0,,,,uncertain,,,-,uncertain,uncertain,uncertain,,,,97.83,E,-0.1074,0.7671,-0.3655,loss_of_function,-0.344773940656653,0.0654,benign,10.1101/2022.10.22.513328; 37085483
Y236H,4.32553,3.45646,3.12448438497262,Destabilizing,Destabilizing,0.0,-0.12037,Neutral,,,0.0,0.03454,Neutral,0.0,,,0.772,"cBioPortal,COSMIC,somatic_muts,clinvar",,False,0.0,,,,uncertain,,,DOWN,neutral,neutral,destabilizing,216469,Pathogenic,2,97.83,E,-0.2892,0.7671,-22.2419,loss_of_function,-4.01811152617371,0.982,pathogenic,10.1101/2022.10.22.513328; 37085483
Y236L,2.52588,2.63946,2.329162270581008,Uncertain,Uncertain,0.0,-0.0337,Neutral,,,0.0,0.08314,Neutral,0.0,,,,COSMIC,,False,0.0,,,,uncertain,,,DOWN,neutral,neutral,destabilizing,,,,97.83,E,-0.3706,0.7671,-22.2419,loss_of_function,-4.44282781099961,0.9639,pathogenic,10.1101/2022.10.22.513328; 37085483
Y236N,5.40286,4.5034,4.59017789046325,Destabilizing,Destabilizing,0.0,0.01325,Neutral,,,0.0,0.02432,Neutral,0.0,,,0.837,"cBioPortal,COSMIC,somatic_muts,clinvar",,False,0.0,,,,uncertain,,,DOWN,neutral,neutral,destabilizing,376694,Uncertain significance,2,97.83,E,-0.3747,0.7671,-22.2419,loss_of_function,-6.69585764268672,0.9869,pathogenic,10.1101/2022.10.22.513328; 37085483
Y236S,7.06097,5.12381,5.972549082254838,Destabilizing,Destabilizing,0.0,-0.01215,Neutral,,,0.0,0.00343,Neutral,0.0,,,0.780,"cBioPortal,COSMIC,somatic_muts,clinvar",,False,0.0,,,,uncertain,,,DOWN,neutral,neutral,destabilizing,182966,Conflicting interpretations of pathogenicity,1,97.83,E,-0.3862,0.7671,-22.2419,loss_of_function,-6.69585764268672,0.9891,pathogenic,10.1101/2022.10.22.513328; 37085483
M237I,1.23103,1.71803,0.033195342574383,Neutral,Neutral,-0.00058,-0.11851,Neutral,,,-0.00407,-0.01821,Neutral,10.5,,3.9763961127e-06,0.923,"cBioPortal,COSMIC,germline_muts,somatic_muts,clinvar",,False,10.5,,,,neutral,neutral,neutral,-,uncertain,uncertain,uncertain,"1757269, 634770, 142714","Pathogenic, Likely pathogenic, Pathogenic","1, 1, 3",96.66,-,-0.2473,0.042,-8.9541,loss_of_function,-4.13950426525933,0.9957,pathogenic,10.1101/2022.10.22.513328; 37085483
M237K,1.71393,1.49388,1.820829659335104,Neutral,Neutral,-0.13258,0.04051,Neutral,,,-0.09667,0.14549,Neutral,10.5,,0.0,0.957,"cBioPortal,COSMIC,somatic_muts,clinvar",,False,10.5,,,,neutral,neutral,neutral,UP,neutral,neutral,stabilizing,376636,Uncertain significance,1,96.66,-,-0.4604,0.042,-22.2419,loss_of_function,-5.85174250580103,0.9612,pathogenic,10.1101/2022.10.22.513328; 37085483
M237L,-0.26039,0.07347,-0.401445809538104,Neutral,Neutral,0.0024,0.0371,Neutral,,,-0.00269,0.09095,Neutral,10.5,,,0.941,"cBioPortal,COSMIC,somatic_muts,clinvar",,False,10.5,,,,neutral,neutral,neutral,-,uncertain,uncertain,uncertain,1757126,Uncertain significance,1,96.66,-,-0.2821,0.042,-22.2419,loss_of_function,-3.47470546913856,0.8667,pathogenic,10.1101/2022.10.22.513328; 37085483
M237R,1.64734,1.73673,1.04617368118562,Neutral,Neutral,-0.2798,-0.05779,Neutral,,,-0.17862,0.16748,Neutral,10.5,,,0.948,"cBioPortal,COSMIC,somatic_muts,clinvar",,False,10.5,,,,neutral,neutral,neutral,UP,neutral,neutral,stabilizing,419524,Uncertain significance,2,96.66,-,-0.4877,0.042,-22.2419,loss_of_function,-6.92978894269953,0.9494,pathogenic,10.1101/2022.10.22.513328; 37085483
M237T,2.16194,1.51701,1.5999177221645329,Uncertain,Uncertain,0.0433,-0.06945,Neutral,,,-0.005,-0.22506,Neutral,10.5,,,0.948,"COSMIC,clinvar",,False,10.5,,,,neutral,neutral,neutral,DOWN,neutral,neutral,destabilizing,481069,Uncertain significance,2,96.66,-,-0.3012,0.042,-8.9541,loss_of_function,-5.97821824318758,0.9638,pathogenic,10.1101/2022.10.22.513328; 37085483
M237V,3.71454,0.17245,0.4097599479638641,Uncertain,Uncertain,0.00836,0.07276,Neutral,,,-0.00564,0.20896,Neutral,10.5,,,0.937,"cBioPortal,COSMIC,germline_muts,somatic_muts,clinvar",,False,10.5,,,,neutral,neutral,neutral,DOWN,neutral,neutral,destabilizing,182934,Conflicting interpretations of pathogenicity,1,96.66,-,-0.3472,0.042,-22.2419,loss_of_function,-4.22725305565164,0.8096,pathogenic,10.1101/2022.10.22.513328; 37085483
C238F,29.83388,3.56224,-0.9586469712024348,Destabilizing,Uncertain,0.66792,-0.16543,Neutral,0.00599,Neutral,0.16179,0.26439,Neutral,0.0,,,0.958,"cBioPortal,COSMIC,somatic_muts,clinvar",,False,0.0,,,,neutral,neutral,neutral,UP,neutral,neutral,stabilizing,376574,Pathogenic/Likely pathogenic,2,97.08,S,-0.4865,0.0001,-22.239,loss_of_function,-8.21030175526727,0.9996,pathogenic,10.1101/2022.10.22.513328; 37085483
C238G,8.67428,3.69082,1.2041098633585503,Destabilizing,Uncertain,0.08868,-0.03107,Neutral,0.0,Neutral,0.00703,-0.02689,Neutral,0.0,,,0.938,"cBioPortal,COSMIC,germline_muts,somatic_muts,clinvar",,False,0.0,,,,neutral,neutral,neutral,DOWN,neutral,neutral,stabilizing,376577,Pathogenic,2,97.08,S,-0.4849,0.0001,-22.239,loss_of_function,-8.21030175526727,0.9956,pathogenic,10.1101/2022.10.22.513328; 37085483
C238R,21.1409,7.41667,0.3502613659903125,Destabilizing,Uncertain,-0.51418,0.1952,Neutral,0.02056,Neutral,-0.14543,-0.05671,Neutral,0.0,,,0.954,"cBioPortal,COSMIC,somatic_muts,clinvar",,False,0.0,,,,neutral,neutral,neutral,UP,neutral,neutral,stabilizing,376576,Pathogenic,2,97.08,S,-0.5448,0.0001,-22.239,loss_of_function,-8.21030175526727,0.9997,pathogenic,10.1101/2022.10.22.513328; 37085483
C238S,5.38406,0.28231,0.4000920112620798,Uncertain,Uncertain,0.06134,-0.02132,Neutral,1e-05,Neutral,0.00324,-0.03466,Neutral,0.0,,,"0.946, 0.956","cBioPortal,COSMIC,germline_muts,somatic_muts,clinvar",,False,0.0,,,,neutral,neutral,neutral,DOWN,neutral,neutral,stabilizing,"485039, 376575","Pathogenic, Pathogenic/Likely pathogenic","1, 2",97.08,S,-0.4833,0.0001,-22.239,loss_of_function,-4.92685191703637,0.9996,pathogenic,10.1101/2022.10.22.513328; 37085483
C238W,47.44158,8.82415,-0.5957453709422789,Destabilizing,Uncertain,1.04108,0.24233,Uncertain,0.02348,Neutral,0.21504,0.82918,Neutral,0.0,,,0.896,"cBioPortal,COSMIC,somatic_muts,clinvar",,False,0.0,,,,neutral,neutral,neutral,UP,neutral,neutral,stabilizing,161515,Pathogenic/Likely pathogenic,2,97.08,S,-0.4896,0.0001,-22.239,loss_of_function,-8.21030175526727,0.9996,pathogenic,10.1101/2022.10.22.513328; 37085483
C238Y,37.29616,3.97925,-0.6141595617053303,Destabilizing,Uncertain,0.3378,0.20851,Neutral,0.00477,Neutral,0.14692,0.10564,Neutral,0.0,,7.9531084724e-06,0.957,"cBioPortal,COSMIC,germline_muts,somatic_muts,clinvar",,False,0.0,,,,neutral,neutral,neutral,UP,neutral,neutral,stabilizing,182935,Pathogenic/Likely pathogenic,2,97.08,S,-0.4958,0.0001,-22.239,loss_of_function,-8.21030175526727,0.9996,pathogenic,10.1101/2022.10.22.513328; 37085483
N239D,0.31902,0.26905,0.4319622353978014,Neutral,Neutral,2.4085,0.13347,Uncertain,0.00612,Neutral,0.17231,0.65783,Neutral,36.3,,,0.948,"cBioPortal,COSMIC,somatic_muts,clinvar",,False,36.3,,,,neutral,neutral,neutral,-,uncertain,uncertain,uncertain,234036,Conflicting interpretations of pathogenicity,1,98.03,-,-0.3282,0.0421,-22.239,loss_of_function,-4.51839023397795,0.9944,pathogenic,10.1101/2022.10.22.513328; 37085483
N239H,-0.55736,-0.19354,-0.3183789662407843,Neutral,Neutral,-1.89904,-0.11733,Uncertain,-0.18548,Neutral,0.47527,0.09701,Neutral,36.3,,,0.927,"cBioPortal,COSMIC,somatic_muts",,False,36.3,,,,neutral,neutral,neutral,UP,neutral,neutral,stabilizing,,,,98.03,-,-0.2622,0.0421,-8.9511,loss_of_function,-5.44224221544363,0.8636,pathogenic,10.1101/2022.10.22.513328; 37085483
N239I,-0.61431,-0.62347,-0.2509341975362034,Neutral,Neutral,1.45714,-0.27296,Uncertain,0.29137,Neutral,0.2482,0.27253,Neutral,36.3,,,0.943,"cBioPortal,COSMIC,somatic_muts",,False,36.3,,,,neutral,neutral,neutral,UP,neutral,neutral,stabilizing,,,,98.03,-,-0.3753,0.0421,-22.239,loss_of_function,-5.7415489894666,0.9897,pathogenic,10.1101/2022.10.22.513328; 37085483
N239K,-0.49724,0.0483,0.6256142925698612,Neutral,Neutral,-1.4748,0.01736,Uncertain,-0.15386,Neutral,0.31751,0.05951,Neutral,36.3,,,0.811,"cBioPortal,COSMIC,somatic_muts,clinvar",,False,36.3,,,,neutral,neutral,neutral,UP,neutral,neutral,stabilizing,385614,Conflicting interpretations of pathogenicity,1,98.03,-,-0.3282,0.0421,-22.239,loss_of_function,-5.33968560339234,0.9959,pathogenic,10.1101/2022.10.22.513328; 37085483
N239S,0.13313,-0.22653,0.8932872313661161,Neutral,Neutral,-0.21924,-0.16892,Neutral,-0.45759,Neutral,0.07333,0.36818,Neutral,36.3,,,0.897,"cBioPortal,COSMIC,somatic_muts,clinvar",,False,36.3,,,,neutral,neutral,neutral,DOWN,neutral,neutral,neutral,376637,Likely pathogenic,2,98.03,-,-0.2271,0.0421,-8.9511,loss_of_function,-4.23527283879432,0.7939,pathogenic,10.1101/2022.10.22.513328; 37085483
N239T,0.7619,0.41224,0.6005408357385122,Neutral,Neutral,-0.04156,0.12219,Neutral,-0.5524,Neutral,0.41273,0.26071,Neutral,36.3,,,0.935,"cBioPortal,COSMIC,somatic_muts,clinvar",,False,36.3,,,,neutral,neutral,neutral,-,uncertain,uncertain,uncertain,376638,Conflicting interpretations of pathogenicity,1,98.03,-,-0.3445,0.0421,-22.239,loss_of_function,-5.72677100872193,0.9759,pathogenic,10.1101/2022.10.22.513328; 37085483
N239Y,-1.30756,-2.04558,-0.9162088020761366,Uncertain,Neutral,-1.25778,-1.0152,Stabilizing,-0.49738,Neutral,0.08558,0.0227,Neutral,36.3,,,0.905,"COSMIC,somatic_muts",,False,36.3,,,,neutral,neutral,neutral,UP,neutral,neutral,stabilizing,,,,98.03,-,-0.3657,0.0421,-22.239,loss_of_function,-2.55273457862813,0.8137,pathogenic,10.1101/2022.10.22.513328; 37085483
S240C,-0.49666,-0.55238,0.5562758505788892,Neutral,Neutral,-0.03748,-0.04317,Neutral,0.00673,Neutral,-0.00684,-0.04048,Neutral,10.9,,,0.923,"cBioPortal,COSMIC,germline_muts,somatic_muts",,False,10.9,,,,uncertain,,,UP,neutral,neutral,neutral,,,,98.05,T,-0.331,0.0001,-22.239,loss_of_function,-4.74966987468903,0.965,pathogenic,10.1101/2022.10.22.513328; 37085483
S240F,1.21335,0.07381,-1.1576106788877287,Neutral,Neutral,0.03414,0.37848,Neutral,1.58562,Destabilizing,0.03268,0.00782,Neutral,10.9,,,,"cBioPortal,COSMIC",,False,10.9,,,,uncertain,,,UP,neutral,neutral,neutral,,,,98.05,T,-0.3585,0.0001,-22.239,loss_of_function,-7.47258067390211,0.998,pathogenic,10.1101/2022.10.22.513328; 37085483
S240G,0.78731,1.59864,1.1509336515524415,Neutral,Neutral,0.70604,0.10241,Neutral,0.1888,Neutral,0.01292,0.06117,Neutral,10.9,,,0.872,"cBioPortal,COSMIC,germline_muts,somatic_muts,clinvar",,False,10.9,,,,uncertain,,,DOWN,neutral,neutral,neutral,584921,Pathogenic/Likely pathogenic,2,98.05,T,-0.2896,0.0001,-22.239,loss_of_function,-4.8180146382902,0.8955,pathogenic,10.1101/2022.10.22.513328; 37085483
S240I,-2.0881,-1.24014,-0.9909791314701982,Uncertain,Uncertain,-0.29914,0.15944,Neutral,0.10018,Neutral,-0.06195,-0.0122,Neutral,10.9,,,0.883,"COSMIC,somatic_muts,clinvar",,False,10.9,,,,uncertain,,,UP,neutral,neutral,neutral,1036853,Uncertain significance,2,98.05,T,-0.3617,0.0001,-22.239,loss_of_function,-4.94063288282226,0.9894,pathogenic,10.1101/2022.10.22.513328; 37085483
S240N,-0.50351,0.05136,-0.0293972698038497,Neutral,Neutral,0.01018,-0.12607,Neutral,-0.01535,Neutral,-0.01366,0.179,Neutral,10.9,,,,clinvar,,False,10.9,,,,uncertain,,,UP,neutral,neutral,neutral,2502882,Pathogenic,0,98.05,T,-0.3028,0.0001,-22.239,loss_of_function,-5.00618289110594,0.9618,pathogenic,10.1101/2022.10.22.513328
S240P,3.12872,4.99694,4.87586190678961,Destabilizing,Destabilizing,0.04126,-0.11227,Neutral,0.23447,Neutral,0.26352,-0.06759,Neutral,10.9,,,,COSMIC,,False,10.9,,,,uncertain,,,UP,neutral,neutral,neutral,,,,98.05,T,-0.4339,0.0001,-22.239,loss_of_function,-7.89312945800426,0.9978,pathogenic,10.1101/2022.10.22.513328; 37085483
S240R,1.41349,2.6619,-0.3714463091065967,Uncertain,Neutral,-1.00398,-0.10705,Uncertain,0.78855,Neutral,-0.04963,0.02718,Neutral,10.9,,,"0.908, 0.939","cBioPortal,COSMIC,somatic_muts,clinvar",,False,10.9,,,,uncertain,,,UP,neutral,neutral,neutral,"1504304, 826894, 458559","Uncertain significance, Likely pathogenic, Uncertain significance","2, 1, 1",98.05,T,-0.3743,0.0001,-22.239,loss_of_function,-4.54427391360842,0.9995,pathogenic,10.1101/2022.10.22.513328; 37085483
S240T,-0.52203,-0.21599,-0.1389220517697009,Neutral,Neutral,-0.09378,0.08782,Neutral,-0.03143,Neutral,-0.0273,-0.00595,Neutral,10.9,,,0.800,"COSMIC,somatic_muts",,False,10.9,,,,neutral,,,UP,neutral,neutral,neutral,,,,98.05,T,-0.2712,0.0001,-22.239,loss_of_function,-3.64003872030778,0.8618,pathogenic,10.1101/2022.10.22.513328; 37085483
S241A,-0.11548,-0.0398,0.1926874173609433,Neutral,Neutral,0.39228,0.67541,Neutral,0.52362,Neutral,-0.12947,0.0395,Neutral,66.0,,,0.858,"cBioPortal,COSMIC,somatic_muts,clinvar",,False,66.0,,,,uncertain,,,-,uncertain,uncertain,uncertain,376665,Pathogenic,2,97.54,T,-0.2805,0.0001,-22.239,loss_of_function,-4.92685191703637,0.9765,pathogenic,10.1101/2022.10.22.513328; 37085483
S241C,-0.15305,0.38061,0.8434017533812757,Neutral,Neutral,0.4491,0.91826,Neutral,0.54632,Neutral,0.02478,0.20973,Neutral,66.0,,0.0,0.952,"cBioPortal,COSMIC,somatic_muts,clinvar",,False,66.0,,,,uncertain,,,UP,neutral,neutral,neutral,177791,Pathogenic/Likely pathogenic,2,97.54,T,-0.331,0.0001,-22.239,loss_of_function,-4.92685191703637,0.998,pathogenic,10.1101/2022.10.22.513328; 37085483
S241F,0.33698,-0.59014,-0.8302661785143334,Neutral,Neutral,-0.38068,-0.02604,Neutral,-0.12674,Neutral,-0.5319,0.06133,Neutral,66.0,,3.9765226105e-06,0.958,"cBioPortal,COSMIC,germline_muts,somatic_muts,clinvar",,False,66.0,,,,uncertain,,,UP,neutral,neutral,neutral,12359,Pathogenic/Likely pathogenic,2,97.54,T,-0.3585,0.0001,-22.239,loss_of_function,-8.21030175526727,0.999,pathogenic,10.1101/2022.10.22.513328; 37085483
S241P,-0.10458,3.89252,1.9560375372406549,Uncertain,Neutral,0.36784,1.44009,Uncertain,1.72266,Destabilizing,-0.24658,0.20884,Neutral,66.0,,3.9764593606e-06,0.954,"cBioPortal,COSMIC,somatic_muts,clinvar",,False,66.0,,,,uncertain,,,UP,neutral,neutral,neutral,376664,Uncertain significance,1,97.54,T,-0.4339,0.0001,-22.239,loss_of_function,-6.5576491183733,0.9981,pathogenic,10.1101/2022.10.22.513328; 37085483
S241T,0.4949,-0.26429,0.2136698088474581,Neutral,Neutral,0.29816,0.6039,Neutral,0.07906,Neutral,-0.40134,-0.00493,Neutral,66.0,,,0.922,"cBioPortal,COSMIC,germline_muts,somatic_muts,clinvar",,False,66.0,,,,neutral,,,UP,neutral,neutral,neutral,959232,Uncertain significance,1,97.54,T,-0.2712,0.0001,-22.239,loss_of_function,-4.08804575809013,0.9465,pathogenic,10.1101/2022.10.22.513328; 37085483
S241V,-0.0723,-0.18401,-0.1810591976301218,Neutral,Neutral,0.26676,0.79322,Neutral,1.56494,Destabilizing,-0.38232,0.0036,Neutral,66.0,,,,COSMIC,,False,66.0,,,,uncertain,,,UP,neutral,neutral,neutral,,,,97.54,T,-0.3359,0.0001,-22.239,loss_of_function,-8.21030175526727,0.9989,pathogenic,10.1101/2022.10.22.513328; 37085483
S241Y,0.31373,-0.74014,-0.7419753671732887,Neutral,Neutral,-0.13288,-0.03628,Neutral,-0.01412,Neutral,-0.24312,-0.45658,Neutral,66.0,,,0.960,"cBioPortal,COSMIC,germline_muts,somatic_muts,clinvar",,False,66.0,,,,uncertain,,,UP,neutral,neutral,neutral,376663,Pathogenic,2,97.54,T,-0.3633,0.0001,-22.239,loss_of_function,-8.21030175526727,0.9984,pathogenic,10.1101/2022.10.22.513328; 37085483
C242F,12.202,-1.44456,0.0798809630921076,Uncertain,Uncertain,0.03638,-0.71992,Neutral,0.05759,Neutral,0.78674,0.68258,Neutral,20.2,,,0.977,"cBioPortal,COSMIC,germline_muts,somatic_muts,clinvar",,False,20.2,,,,neutral,neutral,neutral,UP,neutral,neutral,neutral,376578,Conflicting interpretations of pathogenicity,1,97.24,-,-0.4865,0.0001,-22.2361,loss_of_function,-8.15974944450928,0.9994,pathogenic,10.1101/2022.10.22.513328; 37085483
C242G,0.96515,2.27959,0.8938453266661303,Uncertain,Neutral,0.59412,0.03351,Neutral,0.04482,Neutral,0.23298,-0.29906,Neutral,20.2,,,0.963,"cBioPortal,COSMIC,somatic_muts,clinvar",,False,20.2,,,,neutral,neutral,neutral,DOWN,neutral,neutral,stabilizing,376581,Uncertain significance,1,97.24,-,-0.4849,0.0001,-22.2361,loss_of_function,-8.15974944450928,0.9973,pathogenic,10.1101/2022.10.22.513328; 37085483
C242R,3.25907,2.60102,0.2089331325261401,Uncertain,Uncertain,-3.8206,0.03271,Uncertain,0.19877,Neutral,0.88203,0.45237,Neutral,20.2,,,0.966,"cBioPortal,COSMIC,germline_muts,somatic_muts,clinvar",,False,20.2,,,,neutral,neutral,neutral,UP,neutral,neutral,neutral,449512,Conflicting interpretations of pathogenicity,1,97.24,-,-0.5447,0.0001,-22.2361,loss_of_function,-8.15974944450928,0.9994,pathogenic,10.1101/2022.10.22.513328; 37085483
C242S,0.9568,-0.06667,0.2115455890302653,Neutral,Neutral,0.2436,0.10418,Neutral,-0.0032,Neutral,0.11653,-0.52916,Neutral,20.2,,,"0.947, 0.960","cBioPortal,COSMIC,somatic_muts,clinvar",,False,20.2,,,,neutral,neutral,neutral,DOWN,neutral,neutral,stabilizing,"2124706, 647334, 376579","Uncertain significance, Uncertain significance, Conflicting interpretations of pathogenicity","1, 1, 1",97.24,-,-0.4833,0.0001,-22.2361,loss_of_function,-3.52762339560825,0.9989,pathogenic,10.1101/2022.10.22.513328; 37085483
C242W,11.3471,-1.56088,-0.0524850810853871,Uncertain,Uncertain,0.38228,-0.93027,Neutral,-0.12619,Neutral,3.61749,1.26666,Destabilizing,20.2,,,0.940,"cBioPortal,COSMIC,somatic_muts,clinvar",,False,20.2,,,,neutral,neutral,neutral,UP,neutral,neutral,neutral,376580,Likely pathogenic,0,97.24,-,-0.4896,0.0001,-22.2361,loss_of_function,-8.15974944450928,0.9994,pathogenic,10.1101/2022.10.22.513328; 37085483
C242Y,14.74352,-0.85646,0.3253469409631998,Uncertain,Uncertain,0.13154,-0.01126,Neutral,0.0571,Neutral,1.75997,0.85519,Uncertain,20.2,,0.0,0.973,"cBioPortal,COSMIC,germline_muts,somatic_muts,clinvar",,False,20.2,,,,neutral,neutral,neutral,UP,neutral,neutral,neutral,12354,Pathogenic,2,97.24,-,-0.4958,0.0001,-22.2361,loss_of_function,-8.15974944450928,0.9995,pathogenic,10.1101/2022.10.22.513328; 37085483
M243I,0.18432,0.19388,0.0092064472830383,Neutral,Neutral,0.06048,0.106,Neutral,0.3654,Neutral,1.08855,0.07628,Uncertain,96.7,,,0.820,"cBioPortal,COSMIC,somatic_muts,clinvar",,False,96.7,,,,neutral,neutral,neutral,-,uncertain,uncertain,uncertain,840505,Uncertain significance,1,96.47,T,-0.2218,1.056,-22.239,loss_of_function,-3.86249283957872,0.9829,pathogenic,10.1101/2022.10.22.513328; 37085483
M243K,-0.06266,0.41429,0.0395428595553076,Neutral,Neutral,1.13228,0.63763,Uncertain,0.17304,Neutral,1.01329,0.77236,Uncertain,96.7,,,0.933,"COSMIC,somatic_muts",,False,96.7,,,,neutral,neutral,neutral,UP,neutral,neutral,stabilizing,,,,96.47,T,-0.2993,1.056,-8.9511,loss_of_function,-4.97557790620836,0.9506,pathogenic,10.1101/2022.10.22.513328; 37085483
M243L,0.10612,0.16497,-0.2039943411349265,Neutral,Neutral,0.12574,0.10641,Neutral,0.24803,Neutral,-0.10737,-0.10653,Neutral,96.7,,,0.763,"COSMIC,somatic_muts,clinvar",,False,96.7,,,,neutral,neutral,neutral,-,uncertain,uncertain,uncertain,"1758050, 186653","Uncertain significance, Uncertain significance","1, 2",96.47,T,-0.1159,1.056,-7.9512,loss_of_function,-0.913223744175104,0.6754,pathogenic,10.1101/2022.10.22.513328; 37085483
M243R,-0.02673,0.49864,-0.0588008870269751,Neutral,Neutral,0.80928,0.27018,Neutral,0.02539,Neutral,1.24804,0.42345,Uncertain,96.7,,,0.890,"COSMIC,somatic_muts",,False,96.7,,,,neutral,neutral,neutral,UP,neutral,neutral,stabilizing,,,,96.47,T,-0.3944,1.056,-22.239,loss_of_function,-4.9510398083182,0.9493,pathogenic,10.1101/2022.10.22.513328; 37085483
M243T,0.21945,0.5551,0.2669166871920475,Neutral,Neutral,1.61764,0.43804,Uncertain,0.30881,Neutral,2.36616,1.2238,Destabilizing,96.7,,,0.879,"cBioPortal,COSMIC,somatic_muts,clinvar",,False,96.7,,,,neutral,neutral,neutral,DOWN,neutral,neutral,neutral,182936,Conflicting interpretations of pathogenicity,1,96.47,T,-0.2757,1.056,-22.239,loss_of_function,-5.0814076128431,0.9711,pathogenic,10.1101/2022.10.22.513328; 37085483
M243V,0.26054,0.39728,0.1614187988210957,Neutral,Neutral,0.93382,0.35531,Neutral,0.28486,Neutral,1.41858,0.53479,Uncertain,96.7,,,0.705,"COSMIC,somatic_muts,clinvar",,False,96.7,,,,neutral,neutral,neutral,DOWN,neutral,neutral,neutral,406567,Uncertain significance,2,96.47,T,-0.1445,1.056,-0.8117,loss_of_function,-2.65749508073715,0.6734,pathogenic,10.1101/2022.10.22.513328; 37085483
G244A,2.60467,1.39796,1.2409337006027388,Uncertain,Uncertain,5.4433,0.37366,Uncertain,0.0,Neutral,0.14865,-0.16842,Neutral,98.8,,,0.922,"cBioPortal,COSMIC,somatic_muts,clinvar",,False,98.8,,,,neutral,neutral,neutral,UP,neutral,neutral,stabilizing,458560,Pathogenic,2,93.39,T,-0.3817,0.0211,-22.239,loss_of_function,-6.16831376483764,0.9878,pathogenic,10.1101/2022.10.22.513328; 37085483
G244C,2.64903,1.80578,1.611828162538406,Uncertain,Uncertain,7.46342,1.11027,Destabilizing,-0.03147,Neutral,0.096,0.06762,Neutral,98.8,,,0.940,"cBioPortal,COSMIC,somatic_muts,clinvar",,False,98.8,,,,neutral,neutral,neutral,UP,neutral,neutral,stabilizing,376599,Conflicting interpretations of pathogenicity,1,93.39,T,-0.4415,0.0211,-22.239,loss_of_function,-6.16831376483764,0.9978,pathogenic,10.1101/2022.10.22.513328; 37085483
G244D,2.18992,0.76054,0.4949763579251437,Uncertain,Uncertain,11.25853,2.31988,Destabilizing,-0.00097,Neutral,0.43275,-0.15729,Neutral,98.8,,,0.953,"cBioPortal,COSMIC,germline_muts,somatic_muts,clinvar",,False,98.8,,,,neutral,neutral,neutral,UP,neutral,neutral,stabilizing,372785,Pathogenic,2,93.39,T,-0.3742,0.0211,-8.9511,loss_of_function,-7.29291234882808,0.9987,pathogenic,10.1101/2022.10.22.513328; 37085483
G244E,2.17717,1.2415,0.8987403473964994,Uncertain,Uncertain,9.70142,1.18323,Destabilizing,-0.00977,Neutral,0.21746,-0.14221,Neutral,98.8,,,,COSMIC,,False,98.8,,,,neutral,neutral,neutral,UP,neutral,neutral,stabilizing,,,,93.39,T,-0.4413,0.0211,-22.239,loss_of_function,-7.29291234882808,0.9993,pathogenic,10.1101/2022.10.22.513328; 37085483
G244F,3.2848,0.7619,0.5092866422345055,Uncertain,Uncertain,9.40524,0.42414,Uncertain,-0.04599,Neutral,-0.47023,-0.33481,Neutral,98.8,,,,"cBioPortal,COSMIC",,False,98.8,,,,neutral,neutral,neutral,UP,neutral,neutral,stabilizing,,,,93.39,T,-0.4796,0.0211,-22.239,loss_of_function,-7.78169034861623,0.9989,pathogenic,10.1101/2022.10.22.513328; 37085483
G244R,3.04508,1.46395,0.5309939943591632,Uncertain,Uncertain,7.57074,0.7564,Uncertain,0.0,Neutral,-0.50994,-0.09439,Neutral,98.8,,,0.942,"cBioPortal,COSMIC,somatic_muts,clinvar",,False,98.8,,,,neutral,neutral,neutral,UP,neutral,neutral,stabilizing,376602,Likely pathogenic,0,93.39,T,-0.4583,0.0211,-22.239,loss_of_function,-8.0521286525835,0.999,pathogenic,10.1101/2022.10.22.513328; 37085483
G244S,3.12283,1.37415,1.257881208930887,Uncertain,Uncertain,5.45254,0.87639,Uncertain,0.0,Neutral,0.1451,-0.07345,Neutral,98.8,,,0.936,"cBioPortal,COSMIC,germline_muts,somatic_muts,clinvar",,False,98.8,,,,neutral,neutral,neutral,UP,neutral,neutral,stabilizing,376600,Pathogenic,2,93.39,T,-0.3876,0.0211,-22.239,loss_of_function,-5.25612230183068,0.9907,pathogenic,10.1101/2022.10.22.513328; 37085483
G244V,5.8614,6.04048,1.9908381854271289,Destabilizing,Uncertain,10.32967,2.21661,Destabilizing,-0.1046,Neutral,0.18555,-0.0284,Neutral,98.8,,,0.949,"cBioPortal,COSMIC,germline_muts,somatic_muts,clinvar",,False,98.8,,,,neutral,neutral,neutral,UP,neutral,neutral,stabilizing,376601,Likely pathogenic,0,93.39,T,-0.4685,0.0211,-22.239,loss_of_function,-7.51125204464897,0.9973,pathogenic,10.1101/2022.10.22.513328; 37085483
G245A,4.43715,3.28878,0.5347565064255418,Destabilizing,Uncertain,0.32096,0.18956,Neutral,,,0.03577,0.15974,Neutral,9.7,,,0.946,"cBioPortal,COSMIC,somatic_muts,clinvar",,False,9.7,,,,neutral,neutral,neutral,UP,neutral,neutral,stabilizing,265357,Pathogenic/Likely pathogenic,2,94.32,T,-0.3817,0.0211,-22.239,loss_of_function,-7.14246254602009,0.9856,pathogenic,10.1101/2022.10.22.513328; 37085483
G245C,6.78633,5.24422,1.3574700019779191,Destabilizing,Uncertain,0.32856,0.26345,Neutral,,,0.07275,0.06206,Neutral,9.7,,,0.970,"cBioPortal,COSMIC,germline_muts,somatic_muts,clinvar",,False,9.7,,,,neutral,neutral,neutral,UP,neutral,neutral,stabilizing,12349,Pathogenic,2,94.32,T,-0.4415,0.0211,-22.239,loss_of_function,-7.14246254602009,0.9965,pathogenic,10.1101/2022.10.22.513328; 37085483
G245D,13.66246,3.93537,1.5697768328912132,Destabilizing,Uncertain,1.03012,0.03004,Uncertain,,,0.25571,0.07088,Neutral,9.7,,3.9767123723e-06,0.974,"cBioPortal,COSMIC,germline_muts,somatic_muts,clinvar",,False,9.7,,,,neutral,neutral,neutral,UP,neutral,neutral,stabilizing,"861760, 12355","Pathogenic, Pathogenic/Likely pathogenic","1, 2",94.32,T,-0.442,0.0211,-22.239,loss_of_function,-7.84612232477533,0.9989,pathogenic,10.1101/2022.10.22.513328; 37085483
G245E,12.93946,8.20374,1.9167833342192453,Destabilizing,Uncertain,0.93386,0.19205,Neutral,,,0.25461,-0.12258,Neutral,9.7,,,,COSMIC,,False,9.7,,,,neutral,neutral,neutral,UP,neutral,neutral,stabilizing,,,,94.32,T,-0.4413,0.0211,-22.239,loss_of_function,-7.13690041857986,0.9993,pathogenic,10.1101/2022.10.22.513328; 37085483
G245F,19.1992,9.65,1.186678064406166,Destabilizing,Uncertain,0.35284,0.54136,Neutral,,,-0.02322,0.15968,Neutral,9.7,,,,"cBioPortal,COSMIC",,False,9.7,,,,neutral,neutral,neutral,UP,neutral,neutral,stabilizing,,,,94.32,T,-0.4796,0.0211,-22.239,loss_of_function,-8.11833508552484,0.9987,pathogenic,10.1101/2022.10.22.513328; 37085483
G245H,23.0782,8.72483,1.4256207700956085,Destabilizing,Uncertain,0.41046,0.28104,Neutral,,,0.30128,-0.18277,Neutral,9.7,,,,"COSMIC,somatic_muts",,False,9.7,,,,neutral,neutral,neutral,UP,neutral,neutral,stabilizing,,,,94.32,T,-0.4543,0.0211,-22.239,loss_of_function,-8.11833508552484,0.9997,pathogenic,10.1101/2022.10.22.513328; 37085483
G245I,17.5388,1.61259,2.088703519894464,Uncertain,Uncertain,0.3276,0.44106,Neutral,,,-0.034,-0.17688,Neutral,9.7,,,,cBioPortal,,False,9.7,,,,neutral,neutral,neutral,UP,neutral,neutral,stabilizing,,,,94.32,T,-0.5253,0.0211,-22.239,loss_of_function,-8.11833508552484,0.9986,pathogenic,10.1101/2022.10.22.513328; 37085483
G245L,16.27042,10.20306,0.6938714873308194,Destabilizing,Uncertain,0.38338,0.34007,Neutral,,,0.05052,-0.16929,Neutral,9.7,,,,"COSMIC,somatic_muts",,False,9.7,,,,neutral,neutral,neutral,UP,neutral,neutral,stabilizing,,,,94.32,T,-0.4935,0.0211,-22.239,loss_of_function,-8.11833508552484,0.9988,pathogenic,10.1101/2022.10.22.513328; 37085483
G245N,15.10278,6.46803,0.9625039048714428,Destabilizing,Uncertain,0.39308,0.10985,Neutral,,,0.08738,0.02837,Neutral,9.7,,,,"cBioPortal,COSMIC,somatic_muts",,False,9.7,,,,neutral,neutral,neutral,UP,neutral,neutral,stabilizing,,,,94.32,T,-0.4423,0.0211,-22.239,loss_of_function,-7.84612232477533,0.9988,pathogenic,10.1101/2022.10.22.513328; 37085483
G245R,25.65244,12.45408,1.4236613278415244,Destabilizing,Uncertain,-0.02312,0.32863,Neutral,,,-0.03041,0.10824,Neutral,9.7,,0.0,0.961,"cBioPortal,COSMIC,somatic_muts,clinvar",,False,9.7,,,,neutral,neutral,neutral,UP,neutral,neutral,stabilizing,376604,Conflicting interpretations of pathogenicity,1,94.32,T,-0.3905,0.0211,-8.9511,loss_of_function,-5.02711372287612,0.9987,pathogenic,10.1101/2022.10.22.513328; 37085483
G245S,5.17626,2.5051,1.1415551461564122,Uncertain,Uncertain,-0.11234,0.07577,Neutral,,,0.03561,0.16082,Neutral,9.7,3.19284802043e-05,0.0,0.947,"cBioPortal,COSMIC,germline_muts,somatic_muts,clinvar",,False,9.7,,,,neutral,neutral,neutral,UP,neutral,neutral,stabilizing,12365,Pathogenic,3,94.32,T,-0.3876,0.0211,-22.239,loss_of_function,-5.81833350582095,0.9732,pathogenic,10.1101/2022.10.22.513328; 37085483
G245V,11.96504,4.11293,1.8116833624778648,Destabilizing,Uncertain,0.46904,0.57449,Neutral,,,0.25584,0.19056,Neutral,9.7,,3.9767123723e-06,0.972,"cBioPortal,COSMIC,germline_muts,somatic_muts,clinvar",,False,9.7,,,,neutral,neutral,neutral,UP,neutral,neutral,stabilizing,376603,Pathogenic,2,94.32,T,-0.4685,0.0211,-22.239,loss_of_function,-8.11833508552484,0.9969,pathogenic,10.1101/2022.10.22.513328; 37085483
G245Y,23.2731,11.24626,1.559510890635533,Destabilizing,Uncertain,0.34884,-0.07486,Neutral,,,-0.06823,0.54838,Neutral,9.7,,,,cBioPortal,,False,9.7,,,,neutral,neutral,neutral,UP,neutral,neutral,stabilizing,,,,94.32,T,-0.48,0.0211,-22.239,loss_of_function,-8.11833508552484,0.9989,pathogenic,10.1101/2022.10.22.513328; 37085483
M246I,1.73925,-0.13503,0.3154812807059853,Neutral,Neutral,-0.04494,0.23436,Neutral,0.00036,Neutral,0.00035,0.03475,Neutral,0.0,,,0.838,"cBioPortal,COSMIC,somatic_muts,clinvar",,False,0.0,,,,neutral,neutral,neutral,-,uncertain,uncertain,uncertain,"1758655, 968639, 480961","Likely pathogenic, Uncertain significance, Pathogenic/Likely pathogenic","1, 1, 2",96.83,T,-0.2492,0.0212,-8.9453,loss_of_function,-3.37572060739883,0.9793,pathogenic,10.1101/2022.10.22.513328; 37085483
M246K,2.93376,3.34592,3.728194774414013,Uncertain,Uncertain,-0.32454,-0.14861,Neutral,0.03893,Neutral,-0.0482,-0.00177,Neutral,0.0,,,0.963,"cBioPortal,COSMIC,somatic_muts,clinvar",,False,0.0,,,,neutral,neutral,neutral,UP,neutral,neutral,stabilizing,480764,Likely pathogenic,2,96.83,T,-0.4623,0.0212,-22.2332,loss_of_function,-7.57609653582207,0.9922,pathogenic,10.1101/2022.10.22.513328; 37085483
M246L,-0.08436,0.7585,-0.0116802312690061,Neutral,Neutral,-0.04428,-0.05202,Neutral,0.00139,Neutral,0.00137,-0.19895,Neutral,0.0,,,0.865,"cBioPortal,COSMIC,germline_muts,somatic_muts,clinvar",,False,0.0,,,,neutral,neutral,neutral,-,uncertain,uncertain,uncertain,"406586, 186737","Uncertain significance, Conflicting interpretations of pathogenicity","1, 1",96.83,T,-0.284,0.0212,-22.2332,loss_of_function,-3.25823119973457,0.8684,pathogenic,10.1101/2022.10.22.513328; 37085483
M246R,4.78124,3.04014,2.684230268995856,Destabilizing,Uncertain,-0.45212,-0.02021,Neutral,0.19997,Neutral,-0.02613,0.0222,Neutral,0.0,,,0.959,"cBioPortal,COSMIC,somatic_muts,clinvar",,False,0.0,,,,neutral,neutral,neutral,UP,neutral,neutral,stabilizing,127822,Conflicting interpretations of pathogenicity,1,96.83,T,-0.4896,0.0212,-22.2332,loss_of_function,-7.57609653582207,0.9949,pathogenic,10.1101/2022.10.22.513328; 37085483
M246T,2.52581,2.28673,2.3740095793949725,Uncertain,Uncertain,0.0499,0.0219,Neutral,0.00695,Neutral,-0.00243,0.00805,Neutral,0.0,,,0.956,"cBioPortal,COSMIC,germline_muts,somatic_muts,clinvar",,False,0.0,,,,neutral,neutral,neutral,DOWN,neutral,neutral,stabilizing,428886,Conflicting interpretations of pathogenicity,1,96.83,T,-0.3709,0.0212,-22.2332,loss_of_function,-7.57609653582207,0.9983,pathogenic,10.1101/2022.10.22.513328; 37085483
M246V,2.23264,0.95476,0.6278942381993441,Uncertain,Uncertain,0.05046,0.05985,Neutral,0.00533,Neutral,-0.00856,-0.02837,Neutral,0.0,,,0.924,"cBioPortal,COSMIC,germline_muts,somatic_muts,clinvar",,False,0.0,,,,neutral,neutral,neutral,DOWN,neutral,neutral,stabilizing,100815,Pathogenic,2,96.83,T,-0.3491,0.0212,-22.2332,loss_of_function,-4.00168503980769,0.9304,pathogenic,10.1101/2022.10.22.513328; 37085483
N247D,-0.79677,0.40068,0.5193563420988542,Neutral,Neutral,1.80154,1.23465,Destabilizing,0.04703,Neutral,-0.26525,-0.17503,Neutral,66.1,,,0.940,"cBioPortal,COSMIC,somatic_muts",,False,66.1,,,,neutral,neutral,neutral,-,uncertain,uncertain,uncertain,,,,97.3,T,-0.3282,0.0422,-22.2332,loss_of_function,-4.41228490946553,0.9854,pathogenic,10.1101/2022.10.22.513328; 37085483
N247F,0.04252,0.87891,0.0996345652552571,Neutral,Neutral,1.5935,0.31683,Uncertain,0.03995,Neutral,-0.80606,-0.03416,Neutral,66.1,,,,COSMIC,,False,66.1,,,,neutral,neutral,neutral,UP,neutral,neutral,neutral,,,,97.3,T,-0.3821,0.0422,-22.2332,loss_of_function,-7.61411973536705,0.9967,pathogenic,10.1101/2022.10.22.513328; 37085483
N247I,1.94084,5.00204,0.4554241471765413,Uncertain,Neutral,0.25188,2.49411,Uncertain,-0.06263,Neutral,-0.12692,0.04069,Neutral,66.1,,,0.953,"cBioPortal,COSMIC,somatic_muts,clinvar",,False,66.1,,,,neutral,neutral,neutral,UP,neutral,neutral,neutral,184882,Conflicting interpretations of pathogenicity,1,97.3,T,-0.3753,0.0422,-22.2332,loss_of_function,-7.87845834414539,0.9966,pathogenic,10.1101/2022.10.22.513328; 37085483
N247K,0.24968,1.4398,0.5752974902982829,Neutral,Neutral,-0.62212,1.40992,Uncertain,-0.1483,Neutral,-0.11435,0.08484,Neutral,66.1,,,0.889,COSMIC,,False,66.1,,,,neutral,neutral,neutral,UP,neutral,neutral,neutral,,,,97.3,T,-0.3282,0.0422,-22.2332,loss_of_function,-7.87845834414539,0.9975,pathogenic,10.1101/2022.10.22.513328; 37085483
N247S,1.09142,2.17007,0.9526242045753428,Uncertain,Neutral,0.7786,1.27055,Uncertain,-0.04055,Neutral,0.20017,0.21779,Neutral,66.1,,,0.935,"COSMIC,somatic_muts,clinvar",,False,66.1,,,,neutral,neutral,neutral,DOWN,neutral,neutral,neutral,406595,Conflicting interpretations of pathogenicity,1,97.3,T,-0.2271,0.0422,-8.9453,loss_of_function,-3.85136361305547,0.7867,pathogenic,10.1101/2022.10.22.513328; 37085483
N247T,2.16534,3.07789,0.8207943709199456,Uncertain,Uncertain,1.79908,1.14733,Destabilizing,-0.1079,Neutral,-0.03514,0.07773,Neutral,66.1,,,0.950,"cBioPortal,COSMIC,somatic_muts",,False,66.1,,,,neutral,neutral,neutral,-,uncertain,uncertain,uncertain,,,,97.3,T,-0.3445,0.0422,-22.2332,loss_of_function,-6.36434781999315,0.9894,pathogenic,10.1101/2022.10.22.513328; 37085483
N247Y,0.47875,0.53163,0.2527732463128851,Neutral,Neutral,3.20718,0.08049,Uncertain,-0.89571,Neutral,-0.58603,-0.16168,Neutral,66.1,,,0.959,"COSMIC,somatic_muts",,False,66.1,,,,neutral,neutral,neutral,UP,neutral,neutral,neutral,,,,97.3,T,-0.3657,0.0422,-22.2332,loss_of_function,-7.61411973536705,0.9639,pathogenic,10.1101/2022.10.22.513328; 37085483
R248C,0.18811,0.17381,1.016040753276246,Neutral,Neutral,1.37136,2.16424,Destabilizing,-0.20003,Neutral,-0.15797,0.07621,Neutral,87.5,,,,COSMIC,,True,87.5,,,,neutral,neutral,neutral,DOWN,neutral,neutral,neutral,,,,96.76,T,-0.4113,0.0804,-22.2302,loss_of_function,-7.78923574105153,0.9978,pathogenic,10.1101/2022.10.22.513328; 37085483
R248G,-0.91529,-0.61735,0.8581147006771067,Neutral,Neutral,1.0314,1.7442,Destabilizing,0.32964,Neutral,0.00701,-0.06609,Neutral,87.5,,,0.932,"cBioPortal,COSMIC,somatic_muts,clinvar",,True,87.5,,,,neutral,neutral,neutral,DOWN,neutral,neutral,neutral,376652,Pathogenic/Likely pathogenic,2,96.76,T,-0.37,0.0804,-8.9424,loss_of_function,-7.78923574105153,0.9985,pathogenic,10.1101/2022.10.22.513328; 37085483
R248H,0.40949,-0.6949,-0.0141911281500545,Neutral,Neutral,0.49476,1.97784,Uncertain,-0.55284,Neutral,-0.25039,0.04215,Neutral,87.5,,,,"cBioPortal,COSMIC",,True,87.5,,,,neutral,neutral,neutral,DOWN,neutral,neutral,neutral,,,,96.76,T,-0.3722,0.0804,-22.2302,loss_of_function,-7.37527863068139,0.996,pathogenic,10.1101/2022.10.22.513328; 37085483
R248L,0.04136,-0.2483,-0.1066529245202385,Neutral,Neutral,1.37492,1.83064,Destabilizing,-0.2804,Neutral,-0.50141,0.00517,Neutral,87.5,,,0.960,"cBioPortal,COSMIC,germline_muts,somatic_muts,clinvar",,True,87.5,,,,neutral,neutral,neutral,DOWN,neutral,neutral,neutral,230253,Pathogenic,3,96.76,T,-0.4049,0.0804,-22.2302,loss_of_function,-7.78923574105153,0.999,pathogenic,10.1101/2022.10.22.513328; 37085483
R248P,3.30068,6.60612,3.2240720166115344,Destabilizing,Destabilizing,1.20912,2.1427,Destabilizing,0.3284,Neutral,-0.22947,-0.15868,Neutral,87.5,,,0.965,"cBioPortal,COSMIC,somatic_muts,clinvar",,True,87.5,,,,neutral,neutral,neutral,DOWN,neutral,neutral,neutral,237954,Pathogenic/Likely pathogenic,2,96.76,T,-0.4716,0.0804,-7.9424,loss_of_function,-4.8646206736246,0.9994,pathogenic,10.1101/2022.10.22.513328; 37085483
R248Q,0.1001,0.01735,0.3917375454763855,Neutral,Neutral,0.89584,1.44799,Uncertain,-0.49203,Neutral,-0.58103,-0.13805,Neutral,87.5,,1.19296627087e-05,0.934,"cBioPortal,COSMIC,germline_muts,somatic_muts,clinvar",,True,87.5,,,,neutral,neutral,neutral,DOWN,neutral,neutral,neutral,12356,Pathogenic,3,96.76,T,-0.3093,0.0804,-8.9424,loss_of_function,-2.41390063355383,0.9963,pathogenic,10.1101/2022.10.22.513328; 37085483
R248W,0.59659,-0.20204,-0.384939131860052,Neutral,Neutral,0.93696,1.00796,Uncertain,-0.41403,Neutral,-0.85652,-0.32852,Neutral,87.5,,3.9765226105e-06,0.927,"cBioPortal,COSMIC,germline_muts,somatic_muts,clinvar",,True,87.5,,,,neutral,neutral,neutral,UP,neutral,neutral,neutral,"437017, 12347","Likely pathogenic, Pathogenic","1, 3",96.76,T,-0.4202,0.0804,-22.2302,loss_of_function,-2.72930677208217,0.9968,pathogenic,10.1101/2022.10.22.513328; 37085483
R248Y,0.55976,-0.80238,0.0878829516133189,Neutral,Neutral,0.81814,1.86265,Uncertain,-0.12293,Neutral,-0.76787,-0.23402,Neutral,87.5,,,,COSMIC,,True,87.5,,,,neutral,neutral,neutral,UP,neutral,neutral,neutral,,,,96.76,T,-0.4239,0.0804,-22.2302,loss_of_function,-7.37527863068139,0.9993,pathogenic,10.1101/2022.10.22.513328; 37085483
R249G,3.5496,3.45442,2.705273275371983,Destabilizing,Uncertain,1.08656,0.3471,Uncertain,-0.01157,Neutral,0.02983,0.01504,Neutral,22.8,,,0.888,"cBioPortal,COSMIC,somatic_muts,clinvar",P,True,22.8,,,,damaging,neutral,neutral,DOWN,neutral,neutral,stabilizing,376654,Conflicting interpretations of pathogenicity,1,97.44,-,-0.4378,0.0804,-22.2302,loss_of_function,-7.87688531520774,0.9979,pathogenic,10.1101/2022.10.22.513328; 37085483
R249I,0.53691,-0.53537,-0.0751984907765268,Neutral,Neutral,0.49874,0.41212,Neutral,-0.00508,Neutral,-0.13086,-0.00633,Neutral,22.8,,,,"cBioPortal,COSMIC,somatic_muts",P,True,22.8,,,,damaging,neutral,neutral,DOWN,neutral,neutral,stabilizing,,,,97.44,-,-0.4318,0.0804,-22.2302,loss_of_function,-7.87688531520774,0.9981,pathogenic,10.1101/2022.10.22.513328; 37085483
R249K,1.5872,1.5449,1.438832422042039,Neutral,Neutral,0.3073,0.35035,Neutral,0.00899,Neutral,-0.08714,-0.08633,Neutral,22.8,,,0.893,"cBioPortal,COSMIC,germline_muts,somatic_muts,clinvar",P,True,22.8,,,,damaging,neutral,neutral,-,uncertain,uncertain,uncertain,142241,Conflicting interpretations of pathogenicity,1,97.44,-,-0.2927,0.0804,-22.2302,loss_of_function,-2.22538311817255,0.9066,pathogenic,10.1101/2022.10.22.513328; 37085483
R249M,0.861,0.94898,0.2967412465446495,Neutral,Neutral,0.27342,0.36325,Neutral,0.01889,Neutral,-0.00507,-0.00449,Neutral,22.8,,,0.911,"cBioPortal,COSMIC,somatic_muts,clinvar",P,True,22.8,,,,damaging,neutral,neutral,DOWN,neutral,neutral,stabilizing,376653,Uncertain significance,1,97.44,-,-0.3707,0.0804,-22.2302,loss_of_function,-7.87688531520774,0.9991,pathogenic,10.1101/2022.10.22.513328; 37085483
R249S,2.54714,1.87177,2.109973343273821,Uncertain,Uncertain,1.2316,0.40736,Uncertain,-0.01025,Neutral,0.00339,-0.05045,Neutral,22.8,,,0.769,"cBioPortal,COSMIC,somatic_muts,clinvar",P,True,22.8,,,,damaging,neutral,neutral,DOWN,neutral,neutral,stabilizing,"406598, 12352","Uncertain significance, Conflicting interpretations of pathogenicity","1, 1",97.44,-,-0.3301,0.0804,-7.9424,loss_of_function,-3.73633473777127,0.9995,pathogenic,10.1101/2022.10.22.513328; 37085483
R249T,1.61843,1.26463,1.2974825562661207,Neutral,Neutral,1.15698,0.47082,Uncertain,-0.01161,Neutral,0.00739,-0.0576,Neutral,22.8,,,0.921,"cBioPortal,COSMIC,germline_muts,somatic_muts,clinvar",P,True,22.8,,,,damaging,neutral,neutral,DOWN,neutral,neutral,stabilizing,376015,Pathogenic,2,97.44,-,-0.4073,0.0804,-22.2302,loss_of_function,-6.93003648537252,0.9994,pathogenic,10.1101/2022.10.22.513328; 37085483
R249V,0.36853,-0.09388,0.0769084969721806,Neutral,Neutral,0.73022,0.50611,Neutral,-0.01022,Neutral,-0.02584,0.09112,Neutral,22.8,,,,COSMIC,P,True,22.8,,,,damaging,neutral,neutral,DOWN,neutral,neutral,stabilizing,,,,97.44,-,-0.4189,0.0804,-22.2302,loss_of_function,-7.87688531520774,0.9984,pathogenic,10.1101/2022.10.22.513328; 37085483
R249W,1.06116,1.05884,-0.1300841279635478,Neutral,Neutral,-1.49264,-0.39115,Uncertain,0.02422,Neutral,-0.11087,0.00731,Neutral,22.8,,,0.846,"cBioPortal,COSMIC,somatic_muts,clinvar",P,True,22.8,,,,damaging,neutral,neutral,UP,neutral,neutral,destabilizing,141881,Conflicting interpretations of pathogenicity,1,97.44,-,-0.3523,0.0804,-8.9424,loss_of_function,-7.87688531520774,0.9904,pathogenic,10.1101/2022.10.22.513328; 37085483
P250A,1.71206,0.81054,-0.3994775830785491,Neutral,Neutral,0.5943,-0.0117,Neutral,0.0,Neutral,,,Uncertain,37.1,,,0.892,"COSMIC,somatic_muts,clinvar",,True,37.1,,,,neutral,neutral,neutral,DOWN,neutral,neutral,destabilizing,1759142,Uncertain significance,1,97.88,-,-0.243,0.0957,-7.3604,loss_of_function,-4.08421037088883,0.4876,ambiguous,10.1101/2022.10.22.513328; 37085483
P250F,1.49669,1.46122,-1.0375122025326182,Neutral,Neutral,-0.11968,0.0234,Neutral,-0.09123,Neutral,,,Uncertain,37.1,,,,"cBioPortal,COSMIC,somatic_muts",,True,37.1,,,,neutral,neutral,neutral,UP,neutral,neutral,neutral,,,,97.88,-,-0.38,0.0957,-22.2332,loss_of_function,-7.87956709322664,0.9966,pathogenic,10.1101/2022.10.22.513328; 37085483
P250H,2.51832,1.64524,-0.8991493965503539,Uncertain,Uncertain,-0.01978,-0.11629,Neutral,-0.08949,Neutral,,,Uncertain,37.1,,,0.941,"cBioPortal,COSMIC,somatic_muts",,True,37.1,,,,neutral,neutral,neutral,UP,neutral,neutral,neutral,,,,97.88,-,-0.3576,0.0957,-22.2332,loss_of_function,-7.87956709322664,0.9681,pathogenic,10.1101/2022.10.22.513328; 37085483
P250L,1.77726,0.93197,-1.184589041553491,Neutral,Neutral,-0.03872,-0.00784,Neutral,-0.08336,Neutral,,,Uncertain,37.1,,,0.962,"cBioPortal,COSMIC,germline_muts,somatic_muts,clinvar",,True,37.1,,,,neutral,neutral,neutral,UP,neutral,neutral,neutral,420136,Conflicting interpretations of pathogenicity,1,97.88,-,-0.2998,0.0957,-8.9453,loss_of_function,-6.44255387688277,0.9135,pathogenic,10.1101/2022.10.22.513328; 37085483
P250N,1.86323,1.37245,-0.414983690338378,Neutral,Neutral,0.09008,-0.1609,Neutral,-0.00045,Neutral,,,Uncertain,37.1,,,,"COSMIC,somatic_muts",,True,37.1,,,,neutral,neutral,neutral,-,uncertain,uncertain,uncertain,,,,97.88,-,-0.3456,0.0957,-22.2332,loss_of_function,-6.79863953820232,0.9671,pathogenic,10.1101/2022.10.22.513328; 37085483
P250Q,1.85226,1.19864,-0.4125093257281426,Neutral,Neutral,0.00056,-0.07884,Neutral,-0.00575,Neutral,,,Uncertain,37.1,,,,"COSMIC,somatic_muts",,True,37.1,,,,neutral,neutral,neutral,UP,neutral,neutral,neutral,,,,97.88,-,-0.2795,0.0957,-8.9453,loss_of_function,-4.85161353414926,0.8981,pathogenic,10.1101/2022.10.22.513328; 37085483
P250R,1.68653,2.76973,-0.6886985585658267,Uncertain,Neutral,-0.0559,-0.03233,Neutral,0.1093,Neutral,,,Uncertain,37.1,,,0.963,"cBioPortal,COSMIC",,True,37.1,,,,neutral,neutral,neutral,UP,neutral,neutral,neutral,,,,97.88,-,-0.3887,0.0957,-22.2332,loss_of_function,-6.63589747066615,0.9472,pathogenic,10.1101/2022.10.22.513328; 37085483
P250S,2.34839,1.45816,-0.1945702714894664,Uncertain,Uncertain,0.5968,0.04717,Neutral,-0.00898,Neutral,,,Uncertain,37.1,,,0.939,"cBioPortal,COSMIC,somatic_muts,clinvar",,True,37.1,,,,neutral,neutral,neutral,DOWN,neutral,neutral,destabilizing,1316970,Uncertain significance,2,97.88,-,-0.3185,0.0957,-22.2332,loss_of_function,-5.55888467040599,0.8246,pathogenic,10.1101/2022.10.22.513328; 37085483
P250T,2.82465,1.37551,-0.3304852782973844,Uncertain,Uncertain,0.59572,0.06953,Neutral,-0.02694,Neutral,,,Uncertain,37.1,,,0.949,"COSMIC,somatic_muts,clinvar",,True,37.1,,,,neutral,neutral,neutral,-,uncertain,uncertain,uncertain,1759140,Uncertain significance,1,97.88,-,-0.3307,0.0957,-22.2332,loss_of_function,-6.36482132236824,0.9194,pathogenic,10.1101/2022.10.22.513328; 37085483
I251F,7.13311,-0.47857,1.874715350173056,Uncertain,Uncertain,,,,,,,,,0.3,,,0.962,"cBioPortal,COSMIC,somatic_muts,clinvar",,True,0.3,,,,neutral,neutral,neutral,UP,neutral,neutral,neutral,1518844,Likely pathogenic,1,98.33,E,-0.3818,0.0592,-22.2332,loss_of_function,-7.49805238025536,0.961,pathogenic,10.1101/2022.10.22.513328; 37085483
I251L,1.88059,1.51497,0.7136037406693954,Neutral,Neutral,,,,,,,,,0.3,,,0.882,"cBioPortal,COSMIC,germline_muts,somatic_muts,clinvar",,True,0.3,,,,neutral,neutral,neutral,-,uncertain,uncertain,uncertain,182937,Pathogenic/Likely pathogenic,2,98.33,E,-0.306,0.0592,-22.2332,loss_of_function,-3.66756218112283,0.616,pathogenic,10.1101/2022.10.22.513328; 37085483
I251M,0.18218,1.94626,1.4472484468221265,Neutral,Neutral,,,,,,,,,0.3,,,0.779,"cBioPortal,COSMIC,germline_muts,clinvar",,True,0.3,,,,neutral,neutral,neutral,-,uncertain,uncertain,uncertain,485046,Uncertain significance,2,98.33,E,-0.3117,0.0592,-22.2332,loss_of_function,-3.71680218621941,0.794,pathogenic,10.1101/2022.10.22.513328; 37085483
I251N,4.63239,4.08163,3.1543451660886266,Destabilizing,Destabilizing,,,,,,,,,0.3,,,0.927,"cBioPortal,COSMIC,somatic_muts,clinvar",,True,0.3,,,,neutral,neutral,neutral,DOWN,neutral,neutral,destabilizing,528254,Uncertain significance,1,98.33,E,-0.4579,0.0592,-22.2332,loss_of_function,-7.82977005918113,0.9968,pathogenic,10.1101/2022.10.22.513328; 37085483
I251S,4.18672,3.9551,4.244466817925994,Destabilizing,Destabilizing,,,,,,,,,0.3,,0.0,0.959,"cBioPortal,COSMIC,somatic_muts,clinvar",,True,0.3,,,,neutral,neutral,neutral,DOWN,neutral,neutral,destabilizing,182967,Likely pathogenic,1,98.33,E,-0.4614,0.0592,-22.2332,loss_of_function,-6.17822887715965,0.992,pathogenic,10.1101/2022.10.22.513328; 37085483
I251T,2.42199,2.27313,2.8927667270305126,Uncertain,Uncertain,,,,,,,,,0.3,,,0.922,"cBioPortal,COSMIC,germline_muts,somatic_muts,clinvar",,True,0.3,,,,neutral,neutral,neutral,DOWN,neutral,neutral,destabilizing,439320,Conflicting interpretations of pathogenicity,1,98.33,E,-0.3053,0.0592,-7.9454,loss_of_function,-4.31668056163262,0.9767,pathogenic,10.1101/2022.10.22.513328; 37085483
I251V,1.25972,0.9432,0.974238197925958,Neutral,Neutral,,,,,,,,,0.3,,,0.856,"cBioPortal,COSMIC,somatic_muts,clinvar",,True,0.3,,,,neutral,neutral,neutral,DOWN,neutral,neutral,destabilizing,1759315,Uncertain significance,2,98.33,E,-0.1983,0.0592,-8.9453,loss_of_function,-2.99602757994519,0.3679,ambiguous,10.1101/2022.10.22.513328; 37085483
L252F,2.9698,1.18333,0.5443618041969169,Uncertain,Uncertain,,,,,,,,,11.9,,,0.716,"cBioPortal,COSMIC,somatic_muts,clinvar",,True,11.9,,,,neutral,neutral,neutral,UP,neutral,neutral,neutral,1053765,Uncertain significance,1,98.19,E,-0.3258,0.295,-22.239,loss_of_function,-6.52101244700316,0.3774,ambiguous,10.1101/2022.10.22.513328; 37085483
L252H,4.89464,2.61599,1.7766160658899175,Uncertain,Uncertain,,,,,,,,,11.9,,,0.914,COSMIC,,True,11.9,,,,neutral,neutral,neutral,DOWN,neutral,neutral,neutral,,,,98.19,E,-0.4347,0.295,-22.239,loss_of_function,-6.10553946518275,0.6136,pathogenic,10.1101/2022.10.22.513328; 37085483
L252P,4.92913,5.86735,5.692980454537548,Destabilizing,Destabilizing,,,,,,,,,11.9,,,0.952,"cBioPortal,COSMIC,somatic_muts,clinvar",,True,11.9,,,,neutral,neutral,neutral,DOWN,neutral,neutral,neutral,12350,Conflicting interpretations of pathogenicity,1,98.19,E,-0.4758,0.295,-22.239,loss_of_function,-7.20169181714271,0.9967,pathogenic,10.1101/2022.10.22.513328; 37085483
L252V,1.84076,0.27007,0.7659104628370319,Neutral,Neutral,,,,,,,,,11.9,,,,clinvar,,True,11.9,,,,neutral,neutral,neutral,DOWN,neutral,neutral,neutral,1759470,Likely benign,1,98.19,E,-0.2218,0.295,-6.3663,loss_of_function,-0.444021344648924,0.0882,benign,10.1101/2022.10.22.513328
T253A,2.24265,1.92449,0.8203246062987163,Uncertain,Uncertain,,,,,,,,,0.0,,,0.854,"cBioPortal,COSMIC,somatic_muts,clinvar",,True,0.0,,,,uncertain,,,DOWN,neutral,neutral,neutral,827132,Pathogenic/Likely pathogenic,2,98.49,E,-0.1215,1.2519,-5.3663,loss_of_function,-1.81376137317371,0.5944,pathogenic,10.1101/2022.10.22.513328; 37085483
T253D,1.28755,2.61327,2.373179506547634,Uncertain,Uncertain,,,,,,,,,0.0,,,,cBioPortal,,True,0.0,,,,uncertain,,,-,uncertain,uncertain,uncertain,,,,98.49,E,-0.3232,1.2519,-22.239,loss_of_function,-6.06791127463505,0.9969,pathogenic,10.1101/2022.10.22.513328; 37085483
T253I,0.00437,-0.53095,-0.9750015630418528,Neutral,Neutral,,,,,,,,,0.0,,,0.790,"cBioPortal,COSMIC,somatic_muts,clinvar",,True,0.0,,,,uncertain,,,UP,neutral,neutral,neutral,837688,Uncertain significance,1,98.49,E,-0.1243,1.2519,-0.8428,loss_of_function,-1.96920395385682,0.9634,pathogenic,10.1101/2022.10.22.513328; 37085483
T253N,1.82356,0.71837,1.1717696101366537,Neutral,Neutral,,,,,,,,,0.0,,,0.895,"cBioPortal,COSMIC,somatic_muts,clinvar",,True,0.0,,,,uncertain,,,-,uncertain,uncertain,uncertain,505571,Uncertain significance,2,98.49,E,-0.1954,1.2519,-8.9511,loss_of_function,-4.14012922934797,0.9499,pathogenic,10.1101/2022.10.22.513328; 37085483
T253P,3.6097,4.69864,4.338381238552402,Destabilizing,Destabilizing,,,,,,,,,0.0,,,0.942,"cBioPortal,COSMIC,somatic_muts",,True,0.0,,,,uncertain,,,-,uncertain,uncertain,uncertain,,,,98.49,E,-0.3719,1.2519,-22.239,loss_of_function,-6.43928617269642,0.9882,pathogenic,10.1101/2022.10.22.513328; 37085483
T253S,2.16403,2.02721,1.8888331851231488,Uncertain,Uncertain,,,,,,,,,0.0,,,"0.851, 0.854","cBioPortal,COSMIC,somatic_muts",,True,0.0,,,,neutral,,,DOWN,neutral,neutral,neutral,,,,98.49,E,-0.1713,1.2519,-22.239,loss_of_function,-4.19430095203731,0.6338,pathogenic,10.1101/2022.10.22.513328; 37085483
I254D,4.2965,3.94694,4.014832814552001,Destabilizing,Destabilizing,,,,,,,,,3.8,,,,"cBioPortal,COSMIC,somatic_muts",,True,3.8,,,,neutral,neutral,neutral,DOWN,neutral,neutral,neutral,,,,98.41,E,-0.5464,0.0421,-22.2361,loss_of_function,-7.91994321044374,0.9995,pathogenic,10.1101/2022.10.22.513328; 37085483
I254F,4.2517,0.42279,1.463134003451076,Uncertain,Uncertain,,,,,,,,,3.8,,,0.942,"cBioPortal,COSMIC,somatic_muts",,True,3.8,,,,neutral,neutral,neutral,UP,neutral,neutral,neutral,,,,98.41,E,-0.3834,0.0421,-22.2361,loss_of_function,-7.91994321044374,0.935,pathogenic,10.1101/2022.10.22.513328; 37085483
I254L,-0.23257,1.02891,0.5250358771522403,Neutral,Neutral,,,,,,,,,3.8,,,0.871,"cBioPortal,COSMIC,somatic_muts",,True,3.8,,,,neutral,neutral,neutral,-,uncertain,uncertain,uncertain,,,,98.41,E,-0.2398,0.0421,-8.9482,loss_of_function,-4.22488625076884,0.6108,pathogenic,10.1101/2022.10.22.513328; 37085483
I254M,0.43876,1.14626,1.352396927141298,Neutral,Neutral,,,,,,,,,3.8,,,0.877,"cBioPortal,COSMIC,somatic_muts,clinvar",,True,3.8,,,,neutral,neutral,neutral,-,uncertain,uncertain,uncertain,2135554,Uncertain significance,1,98.41,E,-0.3133,0.0421,-22.2361,loss_of_function,-4.75314403238212,0.6518,pathogenic,10.1101/2022.10.22.513328; 37085483
I254N,3.05511,2.74864,2.858390985323055,Uncertain,Uncertain,,,,,,,,,3.8,,,0.962,"cBioPortal,COSMIC,germline_muts,somatic_muts,clinvar",,True,3.8,,,,neutral,neutral,neutral,DOWN,neutral,neutral,neutral,856299,Pathogenic,1,98.41,E,-0.4595,0.0421,-22.2361,loss_of_function,-7.91994321044374,0.9911,pathogenic,10.1101/2022.10.22.513328; 37085483
I254S,4.70541,3.58946,3.9285136553327136,Destabilizing,Destabilizing,,,,,,,,,3.8,,0.0,0.953,"cBioPortal,COSMIC,somatic_muts,clinvar",,True,3.8,,,,neutral,neutral,neutral,DOWN,neutral,neutral,neutral,659457,Uncertain significance,1,98.41,E,-0.463,0.0421,-22.2361,loss_of_function,-7.00135748934014,0.9848,pathogenic,10.1101/2022.10.22.513328; 37085483
I254T,3.40827,2.2017,2.583680830060272,Uncertain,Uncertain,,,,,,,,,3.8,,,0.954,"cBioPortal,COSMIC,germline_muts,somatic_muts,clinvar",,True,3.8,,,,neutral,neutral,neutral,DOWN,neutral,neutral,neutral,1759844,Pathogenic,1,98.41,E,-0.3798,0.0421,-22.2361,loss_of_function,-7.00135748934014,0.9725,pathogenic,10.1101/2022.10.22.513328; 37085483
I254V,1.42896,0.38946,0.6489813528309357,Neutral,Neutral,,,,,,,,,3.8,,1.5906090442e-05,0.780,"cBioPortal,COSMIC,germline_muts,somatic_muts,clinvar",,True,3.8,,,,neutral,neutral,neutral,DOWN,neutral,neutral,neutral,406605,Likely benign,3,98.41,E,-0.1999,0.0421,-8.9482,loss_of_function,-2.63502144052448,0.1871,benign,10.1101/2022.10.22.513328; 37085483
I255F,4.27642,2.03639,1.0631195205251869,Uncertain,Uncertain,,,,,,,,,0.0,,,0.785,"cBioPortal,COSMIC,somatic_muts,clinvar",,True,0.0,,,,neutral,neutral,neutral,UP,neutral,neutral,neutral,376621,Conflicting interpretations of pathogenicity,1,98.58,E,-0.252,1.4703,-22.239,loss_of_function,-3.51894571455168,0.7283,pathogenic,10.1101/2022.10.22.513328; 37085483
I255M,0.06384,0.88469,1.5481258861573222,Neutral,Neutral,,,,,,,,,0.0,,,0.791,"COSMIC,somatic_muts",,True,0.0,,,,neutral,neutral,neutral,-,uncertain,uncertain,uncertain,,,,98.58,E,-0.0997,1.4703,-6.1439,loss_of_function,-1.79668142913908,0.4549,ambiguous,10.1101/2022.10.22.513328; 37085483
I255N,3.43412,3.67959,3.1073447849787663,Destabilizing,Destabilizing,,,,,,,,,0.0,,,0.928,"cBioPortal,COSMIC,somatic_muts,clinvar",,True,0.0,,,,neutral,neutral,neutral,DOWN,neutral,neutral,destabilizing,232289,Conflicting interpretations of pathogenicity,1,98.58,E,-0.3281,1.4703,-22.239,loss_of_function,-6.43911129997014,0.9967,pathogenic,10.1101/2022.10.22.513328; 37085483
I255S,5.8607,4.65136,4.454684422162974,Destabilizing,Destabilizing,,,,,,,,,0.0,,,0.943,"cBioPortal,COSMIC,somatic_muts,clinvar",,True,0.0,,,,neutral,neutral,neutral,DOWN,neutral,neutral,destabilizing,376622,Uncertain significance,1,98.58,E,-0.3316,1.4703,-22.239,loss_of_function,-6.43911129997014,0.9923,pathogenic,10.1101/2022.10.22.513328; 37085483
I255T,3.93561,2.96633,3.05862325820328,Uncertain,Destabilizing,,,,,,,,,0.0,,,0.948,"cBioPortal,COSMIC,somatic_muts,clinvar",,True,0.0,,,,neutral,neutral,neutral,DOWN,neutral,neutral,destabilizing,376623,Uncertain significance,1,98.58,E,-0.2484,1.4703,-22.239,loss_of_function,-6.43911129997014,0.9812,pathogenic,10.1101/2022.10.22.513328; 37085483
I255V,1.37732,0.82109,0.8588109167143767,Neutral,Neutral,,,,,,,,,0.0,,,0.628,"COSMIC,somatic_muts",,True,0.0,,,,neutral,neutral,neutral,DOWN,neutral,neutral,destabilizing,,,,98.58,E,-0.029,1.4703,-1.2098,loss_of_function,-1.75416370524352,0.1835,benign,10.1101/2022.10.22.513328; 37085483
T256A,1.74132,1.00102,0.0848883317649967,Neutral,Neutral,,,,,,,,,15.4,,,0.909,"cBioPortal,COSMIC,somatic_muts,clinvar",,True,15.4,,,,uncertain,,,DOWN,neutral,neutral,neutral,141011,Uncertain significance,2,98.54,E,-0.3146,0.0888,-22.239,loss_of_function,-4.85637614669093,0.8745,pathogenic,10.1101/2022.10.22.513328; 37085483
T256I,-0.7862,-0.23946,-1.07865051300227,Neutral,Neutral,,,,,,,,,15.4,,,0.932,"cBioPortal,COSMIC,germline_muts,somatic_muts,clinvar",,True,15.4,,,,uncertain,,,UP,neutral,neutral,neutral,858889,Uncertain significance,1,98.54,E,-0.3405,0.0888,-22.239,loss_of_function,-6.440376219923,0.975,pathogenic,10.1101/2022.10.22.513328; 37085483
T256K,0.52209,2.03741,-0.0642623515180229,Uncertain,Neutral,,,,,,,,,15.4,,,0.936,"cBioPortal,COSMIC,somatic_muts",,True,15.4,,,,uncertain,,,UP,neutral,neutral,neutral,,,,98.54,E,-0.3977,0.0888,-22.239,loss_of_function,-7.81772897076735,0.9946,pathogenic,10.1101/2022.10.22.513328; 37085483
T256P,2.31016,3.37619,3.624621874327097,Uncertain,Uncertain,,,,,,,,,15.4,,,0.945,"cBioPortal,COSMIC,germline_muts,somatic_muts,clinvar",,True,15.4,,,,uncertain,,,-,uncertain,uncertain,uncertain,528269,Conflicting interpretations of pathogenicity,1,98.54,E,-0.4111,0.0888,-8.9511,loss_of_function,-8.08902677723851,0.9887,pathogenic,10.1101/2022.10.22.513328; 37085483
T256R,0.85453,1.68469,-0.8068812892299143,Neutral,Neutral,,,,,,,,,15.4,,,0.935,"cBioPortal,COSMIC",,True,15.4,,,,uncertain,,,UP,neutral,neutral,neutral,,,,98.54,E,-0.4006,0.0888,-22.239,loss_of_function,-7.67905902354375,0.9902,pathogenic,10.1101/2022.10.22.513328; 37085483
T256S,1.50921,1.57755,0.780950971650359,Neutral,Neutral,,,,,,,,,15.4,,,0.846,"COSMIC,somatic_muts",,True,15.4,,,,neutral,,,DOWN,neutral,neutral,neutral,,,,98.54,E,-0.2003,0.0888,-6.9513,loss_of_function,-2.22859017085069,0.4732,ambiguous,10.1101/2022.10.22.513328; 37085483
L257P,13.95692,5.97891,7.829713724303119,Destabilizing,Destabilizing,,,,,,,,,0.1,,,0.933,"cBioPortal,COSMIC,somatic_muts,clinvar",,True,0.1,,,,neutral,neutral,neutral,DOWN,neutral,neutral,neutral,458562,Conflicting interpretations of pathogenicity,1,98.43,E,-0.494,0.0969,-22.239,loss_of_function,-8.13493771905467,0.9993,pathogenic,10.1101/2022.10.22.513328; 37085483
L257Q,4.22719,2.50136,3.3018464477157297,Uncertain,Destabilizing,,,,,,,,,0.1,,,0.916,"cBioPortal,COSMIC,germline_muts,somatic_muts,clinvar",,True,0.1,,,,neutral,neutral,neutral,DOWN,neutral,neutral,neutral,12372,Conflicting interpretations of pathogenicity,1,98.43,E,-0.4314,0.0969,-22.239,loss_of_function,-8.13493771905467,0.9953,pathogenic,10.1101/2022.10.22.513328; 37085483
L257R,8.21354,5.77755,4.928437064402072,Destabilizing,Destabilizing,,,,,,,,,0.1,,,0.922,"cBioPortal,COSMIC,somatic_muts,clinvar",,True,0.1,,,,neutral,neutral,neutral,UP,neutral,neutral,neutral,142134,Conflicting interpretations of pathogenicity,1,98.43,E,-0.4179,0.0969,-7.9512,loss_of_function,-8.13493771905467,0.9938,pathogenic,10.1101/2022.10.22.513328; 37085483
L257V,1.98389,1.62449,1.8394744614530407,Neutral,Neutral,,,,,,,,,0.1,,,0.896,"cBioPortal,COSMIC,somatic_muts,clinvar",,True,0.1,,,,neutral,neutral,neutral,DOWN,neutral,neutral,neutral,827201,Uncertain significance,2,98.43,E,-0.321,0.0969,-22.239,loss_of_function,-4.88168786702626,0.6232,pathogenic,10.1101/2022.10.22.513328; 37085483
E258A,3.22924,1.7881,0.9639845056187784,Uncertain,Uncertain,,,,,,,,,9.0,,,0.955,"cBioPortal,COSMIC,germline_muts,clinvar",,True,9.0,,,,neutral,neutral,neutral,DOWN,neutral,neutral,neutral,458563,Uncertain significance,2,98.32,E,-0.3206,0.0001,-22.239,loss_of_function,-7.58032490440679,0.9822,pathogenic,10.1101/2022.10.22.513328; 37085483
E258D,3.0473,2.41735,0.9810289235418576,Uncertain,Uncertain,,,,,,,,,9.0,,,0.897,"cBioPortal,COSMIC,somatic_muts,clinvar",,True,9.0,,,,neutral,neutral,neutral,DOWN,neutral,neutral,neutral,1360091,Uncertain significance,2,98.32,E,-0.2864,0.0001,-22.239,loss_of_function,-4.93330392418067,0.9944,pathogenic,10.1101/2022.10.22.513328; 37085483
E258G,3.55249,3.57891,2.0953391272861865,Destabilizing,Uncertain,,,,,,,,,9.0,,,0.952,"cBioPortal,COSMIC,somatic_muts,clinvar",,True,9.0,,,,neutral,neutral,neutral,DOWN,neutral,neutral,neutral,406590,Conflicting interpretations of pathogenicity,1,98.32,E,-0.3464,0.0001,-22.239,loss_of_function,-8.22023741839059,0.9859,pathogenic,10.1101/2022.10.22.513328; 37085483
E258K,2.49324,1.87347,1.0403019750231473,Uncertain,Uncertain,,,,,,,,,9.0,,,0.961,"cBioPortal,COSMIC,germline_muts,somatic_muts,clinvar",,True,9.0,,,,neutral,neutral,neutral,UP,neutral,neutral,neutral,12348,Pathogenic/Likely pathogenic,2,98.32,E,-0.3426,0.0001,-22.239,loss_of_function,-7.66904678040932,0.9918,pathogenic,10.1101/2022.10.22.513328; 37085483
E258L,1.05355,0.4619,-0.237544643263694,Neutral,Neutral,,,,,,,,,9.0,,,,"COSMIC,somatic_muts",,True,9.0,,,,neutral,neutral,neutral,UP,neutral,neutral,neutral,,,,98.32,E,-0.3751,0.0001,-22.239,loss_of_function,-8.22023741839059,0.9966,pathogenic,10.1101/2022.10.22.513328; 37085483
E258Q,1.86537,0.49116,0.6898351520856366,Neutral,Neutral,,,,,,,,,9.0,,,0.936,"cBioPortal,COSMIC,somatic_muts",,True,9.0,,,,neutral,neutral,neutral,UP,neutral,neutral,neutral,,,,98.32,E,-0.2932,0.0001,-22.239,loss_of_function,-4.33439569529132,0.9505,pathogenic,10.1101/2022.10.22.513328; 37085483
E258V,1.88463,0.85646,0.198306310659051,Neutral,Neutral,,,,,,,,,9.0,,,0.963,"cBioPortal,COSMIC,somatic_muts",,True,9.0,,,,neutral,neutral,neutral,-,uncertain,uncertain,uncertain,,,,98.32,E,-0.3339,0.0001,-22.239,loss_of_function,-8.22023741839059,0.9887,pathogenic,10.1101/2022.10.22.513328; 37085483
D259A,2.26481,2.80408,1.5500520319313362,Uncertain,Uncertain,,,Uncertain,,Uncertain,,,Uncertain,32.8,,,0.691,"cBioPortal,COSMIC",,True,32.8,,,,neutral,neutral,neutral,DOWN,neutral,neutral,neutral,,,,97.12,-,-0.1392,1.3643,-5.7784,loss_of_function,-1.70989184504227,0.8494,pathogenic,10.1101/2022.10.22.513328; 37085483
D259E,2.81995,3.56633,1.3884091334402977,Uncertain,Uncertain,,,Uncertain,,Uncertain,,,Uncertain,32.8,,,0.564,"cBioPortal,COSMIC,somatic_muts",,True,32.8,,,,neutral,neutral,neutral,UP,neutral,neutral,neutral,,,,97.12,-,-0.1681,1.3643,-22.2361,loss_of_function,-3.87769875406997,0.8705,pathogenic,10.1101/2022.10.22.513328; 37085483
D259F,2.03773,5.04388,1.4602228315686516,Uncertain,Uncertain,,,Uncertain,,Uncertain,,,Uncertain,32.8,,,,cBioPortal,,True,32.8,,,,neutral,neutral,neutral,UP,neutral,neutral,neutral,,,,97.12,-,-0.3233,1.3643,-22.2361,loss_of_function,-4.92934531738054,0.9834,pathogenic,10.1101/2022.10.22.513328; 37085483
D259G,1.42994,3.56837,2.2537649329218112,Uncertain,Uncertain,,,Uncertain,,Uncertain,,,Uncertain,32.8,,3.9774716009e-06,0.655,"cBioPortal,COSMIC,somatic_muts,clinvar",,True,32.8,,,,neutral,neutral,neutral,DOWN,neutral,neutral,neutral,188349,Uncertain significance,2,97.12,-,-0.1503,1.3643,-5.7784,loss_of_function,-2.8331597668249,0.6494,pathogenic,10.1101/2022.10.22.513328; 37085483
D259H,4.2477,4.36769,1.1961077924068926,Destabilizing,Uncertain,,,Uncertain,,Uncertain,,,Uncertain,32.8,,,0.714,"cBioPortal,COSMIC,somatic_muts,clinvar",,True,32.8,,,,neutral,neutral,neutral,UP,neutral,neutral,neutral,1349622,Uncertain significance,2,97.12,-,-0.2325,1.3643,-22.2361,loss_of_function,-4.02744588332535,0.9217,pathogenic,10.1101/2022.10.22.513328; 37085483
D259I,3.45525,4.47517,1.6641583640828954,Destabilizing,Uncertain,,,Uncertain,,Uncertain,,,Uncertain,32.8,,,,cBioPortal,,True,32.8,,,,neutral,neutral,neutral,UP,neutral,neutral,neutral,,,,97.12,-,-0.3155,1.3643,-22.2361,loss_of_function,-4.38224410620792,0.9856,pathogenic,10.1101/2022.10.22.513328; 37085483
D259N,1.41764,1.37007,1.0132118255830247,Neutral,Neutral,,,Uncertain,,Uncertain,,,Uncertain,32.8,,,0.532,"cBioPortal,COSMIC,somatic_muts",,True,32.8,,,,neutral,neutral,neutral,-,uncertain,uncertain,uncertain,,,,97.12,-,-0.1169,1.3643,-7.9483,loss_of_function,-2.38353149124325,0.3388,benign,10.1101/2022.10.22.513328; 37085483
D259S,2.31753,1.91259,1.5745745867720202,Uncertain,Uncertain,,,Uncertain,,Uncertain,,,Uncertain,32.8,,,,COSMIC,,True,32.8,,,,neutral,neutral,neutral,DOWN,neutral,neutral,neutral,,,,97.12,-,-0.1418,1.3643,-5.0415,loss_of_function,-1.16439102148646,0.5538,ambiguous,10.1101/2022.10.22.513328; 37085483
D259V,3.60796,4.01565,1.6405680523570023,Destabilizing,Uncertain,,,Uncertain,,Uncertain,,,Uncertain,32.8,,,0.742,"cBioPortal,COSMIC,somatic_muts,clinvar",,True,32.8,,,,neutral,neutral,neutral,UP,neutral,neutral,neutral,485034,Conflicting interpretations of pathogenicity,1,97.12,-,-0.2702,1.3643,-22.2361,loss_of_function,-4.70426656490911,0.9451,pathogenic,10.1101/2022.10.22.513328; 37085483
D259Y,2.23444,3.9966,1.6227609589272944,Uncertain,Uncertain,,,Uncertain,,Uncertain,,,Uncertain,32.8,,,0.737,"cBioPortal,COSMIC,somatic_muts,clinvar",,True,32.8,,,,neutral,neutral,neutral,UP,neutral,neutral,neutral,634680,Uncertain significance,1,97.12,-,-0.2003,1.3643,-8.9482,loss_of_function,-2.53379256730248,0.8837,pathogenic,10.1101/2022.10.22.513328; 37085483
S260A,-0.38004,-0.10544,0.0459494255794318,Neutral,Neutral,,,Uncertain,,Uncertain,,,Uncertain,70.9,,,0.599,"COSMIC,somatic_muts",,True,70.9,,,,uncertain,,,-,uncertain,uncertain,uncertain,,,,96.11,T,-0.0117,2.008,-5.7813,loss_of_function,-0.38674266409016,0.0661,benign,10.1101/2022.10.22.513328; 37085483
S260C,0.17099,0.66054,0.6932074410181607,Neutral,Neutral,,,Uncertain,,Uncertain,,,Uncertain,70.9,,,0.660,"cBioPortal,COSMIC,somatic_muts",,True,70.9,,,,uncertain,,,UP,neutral,neutral,neutral,,,,96.11,T,-0.1462,2.008,-22.239,loss_of_function,-2.11362212266492,0.0973,benign,10.1101/2022.10.22.513328; 37085483
S260F,-0.35817,-0.01973,-0.2756342380781973,Neutral,Neutral,,,Uncertain,,Uncertain,,,Uncertain,70.9,,,0.636,"cBioPortal,COSMIC,somatic_muts",,True,70.9,,,,uncertain,,,UP,neutral,neutral,neutral,,,,96.11,T,-0.106,2.008,-8.9511,loss_of_function,-2.57687113446244,0.1977,benign,10.1101/2022.10.22.513328; 37085483
S260P,-1.50451,3.22449,0.8135062524278444,Uncertain,Neutral,,,Uncertain,,Uncertain,,,Uncertain,70.9,,,0.659,"cBioPortal,COSMIC",,True,70.9,,,,uncertain,,,UP,neutral,neutral,neutral,,,,96.11,T,-0.1533,2.008,-3.4594,loss_of_function,-0.672831220077273,0.0896,benign,10.1101/2022.10.22.513328; 37085483
S260T,0.72563,0.72381,-0.07244413255308,Neutral,Neutral,,,Uncertain,,Uncertain,,,Uncertain,70.9,,,0.530,"cBioPortal,COSMIC",,True,70.9,,,,neutral,,,UP,neutral,neutral,neutral,,,,96.11,T,-0.0084,2.008,-6.9513,loss_of_function,-1.98572016214949,0.0865,benign,10.1101/2022.10.22.513328; 37085483
S260Y,-0.29726,-0.18197,-0.2566382437992653,Neutral,Neutral,,,Uncertain,,Uncertain,,,Uncertain,70.9,,3.9771552204e-06,0.668,"COSMIC,somatic_muts,clinvar",,True,70.9,,,,uncertain,,,UP,neutral,neutral,neutral,231033,Likely benign,3,96.11,T,-0.1786,2.008,-22.239,loss_of_function,-3.82739574834943,0.2029,benign,10.1101/2022.10.22.513328; 37085483
S261C,0.68283,0.97653,0.6292922689472058,Neutral,Neutral,,,Uncertain,,Uncertain,,,Uncertain,78.2,,,0.547,"COSMIC,somatic_muts",,True,78.2,,,,uncertain,,,UP,neutral,neutral,neutral,,,,95.91,T,-0.1004,1.7131,-7.9454,loss_of_function,-0.502208726640067,0.087,benign,10.1101/2022.10.22.513328; 37085483
S261G,0.33326,0.85748,0.4758758507879645,Neutral,Neutral,,,Uncertain,,Uncertain,,,Uncertain,78.2,,,0.529,"COSMIC,somatic_muts,clinvar",,True,78.2,,,,uncertain,,,DOWN,neutral,neutral,neutral,1383522,Uncertain significance,1,95.91,T,-0.0561,1.7131,-7.3604,loss_of_function,-2.17914337186216,0.0786,benign,10.1101/2022.10.22.513328; 37085483
S261I,1.25136,1.63844,-0.0214046295908171,Neutral,Neutral,,,Uncertain,,Uncertain,,,Uncertain,78.2,,,0.532,COSMIC,,True,78.2,,,,uncertain,,,UP,neutral,neutral,neutral,,,,95.91,T,-0.204,1.7131,-22.2332,loss_of_function,-4.59122588609972,0.205,benign,10.1101/2022.10.22.513328; 37085483
S261N,0.70083,0.14422,-0.2553422329700272,Neutral,Neutral,,,Uncertain,,Uncertain,,,Uncertain,78.2,,,0.446,"cBioPortal,COSMIC,somatic_muts",,True,78.2,,,,uncertain,,,UP,neutral,neutral,neutral,,,,95.91,T,-0.0565,1.7131,-4.858,loss_of_function,0.403774820524704,0.08,benign,10.1101/2022.10.22.513328; 37085483
S261R,-0.24974,0.53639,-0.3292341556288319,Neutral,Neutral,,,Uncertain,,Uncertain,,,Uncertain,78.2,,,"0.390, 0.391, 0.456","COSMIC,somatic_muts",,True,78.2,,,,uncertain,,,UP,neutral,neutral,neutral,,,,95.91,T,-0.137,1.7131,-6.6235,loss_of_function,-1.20713191968725,0.2371,benign,10.1101/2022.10.22.513328; 37085483
S261T,0.72104,-0.20612,0.0889366349123566,Neutral,Neutral,,,Uncertain,,Uncertain,,,Uncertain,78.2,,,0.504,"cBioPortal,COSMIC,clinvar",,True,78.2,,,,neutral,,,UP,neutral,neutral,neutral,187005,Uncertain significance,1,95.91,T,-0.1135,1.7131,-22.2332,loss_of_function,-2.87081743695043,0.0875,benign,10.1101/2022.10.22.513328; 37085483
G262C,3.77265,1.12007,1.015999752878333,Uncertain,Uncertain,,,Uncertain,,Uncertain,,,Uncertain,48.0,,,0.865,"cBioPortal,somatic_muts",,False,48.0,,,,neutral,neutral,neutral,UP,neutral,neutral,stabilizing,,,,94.03,-,-0.4379,0.0592,-22.2332,loss_of_function,-6.35039706060677,0.8435,pathogenic,10.1101/2022.10.22.513328; 37085483
G262D,3.90976,1.23197,0.4339280782728999,Uncertain,Uncertain,,,Uncertain,,Uncertain,,,Uncertain,48.0,,,0.931,"cBioPortal,COSMIC,somatic_muts",,False,48.0,,,,neutral,neutral,neutral,UP,neutral,neutral,stabilizing,,,,94.03,-,-0.4385,0.0592,-22.2332,loss_of_function,-5.37575011432035,0.9609,pathogenic,10.1101/2022.10.22.513328; 37085483
G262H,3.02755,0.06735,0.1545835740953061,Uncertain,Uncertain,,,Uncertain,,Uncertain,,,Uncertain,48.0,,,,"COSMIC,somatic_muts",,False,48.0,,,,neutral,neutral,neutral,UP,neutral,neutral,stabilizing,,,,94.03,-,-0.4508,0.0592,-22.2332,loss_of_function,-7.33538990925361,0.9694,pathogenic,10.1101/2022.10.22.513328; 37085483
G262R,2.52572,0.6119,0.1580920227279059,Uncertain,Uncertain,,,Uncertain,,Uncertain,,,Uncertain,48.0,,,0.889,"COSMIC,clinvar",,False,48.0,,,,neutral,neutral,neutral,UP,neutral,neutral,stabilizing,1760888,Uncertain significance,1,94.03,-,-0.4547,0.0592,-22.2332,loss_of_function,-5.79806747256491,0.9274,pathogenic,10.1101/2022.10.22.513328; 37085483
G262S,2.77225,0.61259,1.0758373633906606,Uncertain,Uncertain,,,Uncertain,,Uncertain,,,Uncertain,48.0,3.186336987e-05,8.1725386357e-06,0.876,"cBioPortal,COSMIC,germline_muts,somatic_muts,clinvar",,False,48.0,,,,neutral,neutral,neutral,UP,neutral,neutral,stabilizing,141228,Uncertain significance,3,94.03,-,-0.3841,0.0592,-22.2332,loss_of_function,-6.34618526957259,0.6981,pathogenic,10.1101/2022.10.22.513328; 37085483
G262V,4.77969,4.80034,1.0679416255898917,Destabilizing,Uncertain,,,Uncertain,,Uncertain,,,Uncertain,48.0,,,0.929,"cBioPortal,COSMIC,somatic_muts,clinvar",,False,48.0,,,,neutral,neutral,neutral,UP,neutral,neutral,stabilizing,428889,Uncertain significance,2,94.03,-,-0.465,0.0592,-22.2332,loss_of_function,-7.33538990925361,0.9878,pathogenic,10.1101/2022.10.22.513328; 37085483
N263D,0.44651,1.21088,0.4687617497497887,Neutral,Neutral,,,Uncertain,,Uncertain,,,Uncertain,81.7,,0.0001136465106462,0.315,"cBioPortal,COSMIC,somatic_muts,clinvar",,False,81.7,,,,neutral,neutral,neutral,-,uncertain,uncertain,uncertain,142916,Conflicting interpretations of pathogenicity,1,96.55,-,-0.116,1.6112,-8.9453,loss_of_function,-3.16059060505359,0.2109,benign,10.1101/2022.10.22.513328; 37085483
N263H,-0.27739,0.20986,-0.1196349908475735,Neutral,Neutral,,,Uncertain,,Uncertain,,,Uncertain,81.7,,,0.315,"COSMIC,somatic_muts,clinvar",,False,81.7,,,,neutral,neutral,neutral,UP,neutral,neutral,stabilizing,528251,Uncertain significance,1,96.55,-,-0.1076,1.6112,-6.9454,loss_of_function,-2.09937785895099,0.0689,benign,10.1101/2022.10.22.513328; 37085483
N263I,0.22337,0.22959,-0.0868757288094479,Neutral,Neutral,,,Uncertain,,Uncertain,,,Uncertain,81.7,,,0.318,COSMIC,,False,81.7,,,,neutral,neutral,neutral,UP,neutral,neutral,stabilizing,,,,96.55,-,-0.158,1.6112,-7.9454,loss_of_function,-3.16992684680608,0.1494,benign,10.1101/2022.10.22.513328; 37085483
N263K,-0.58197,-0.00306,0.1221692818851044,Neutral,Neutral,,,Uncertain,,Uncertain,,,Uncertain,81.7,,,0.213,"cBioPortal,COSMIC,clinvar",,False,81.7,,,,neutral,neutral,neutral,UP,neutral,neutral,stabilizing,485047,Uncertain significance,1,96.55,-,-0.0999,1.6112,-5.7755,loss_of_function,-1.63217552242182,0.1437,benign,10.1101/2022.10.22.513328; 37085483
N263S,-0.04319,0.40374,0.6124566360180552,Neutral,Neutral,,,Uncertain,,Uncertain,,,Uncertain,81.7,,,,"somatic_muts,clinvar",,False,81.7,,,,neutral,neutral,neutral,DOWN,neutral,neutral,neutral,827313,Likely benign,1,96.55,-,-0.0776,1.6112,-7.9454,loss_of_function,-2.50718463114567,0.093,benign,10.1101/2022.10.22.513328; 37085483
N263Y,-0.32806,-0.10136,-0.1087178432905822,Neutral,Neutral,,,Uncertain,,Uncertain,,,Uncertain,81.7,,,,clinvar,,False,81.7,,,,neutral,neutral,neutral,UP,neutral,neutral,stabilizing,1364128,Uncertain significance,1,96.55,-,-0.2213,1.6112,-22.2332,loss_of_function,-5.07098975814963,0.1443,benign,10.1101/2022.10.22.513328; 37085483
L264I,0.57743,0.87415,0.297898969709503,Neutral,Neutral,,,Uncertain,,Uncertain,,,Uncertain,31.9,,,0.378,"COSMIC,somatic_muts,clinvar",,False,31.9,,,,neutral,neutral,neutral,-,uncertain,uncertain,uncertain,640121,Uncertain significance,1,97.67,E,-0.1181,1.041,-6.6176,loss_of_function,-1.87427155223024,0.1043,benign,10.1101/2022.10.22.513328; 37085483
L264P,1.41825,1.98401,3.193610937111881,Neutral,Uncertain,,,Uncertain,,Uncertain,,,Uncertain,31.9,,,0.831,"COSMIC,clinvar",,False,31.9,,,,neutral,neutral,neutral,DOWN,neutral,neutral,neutral,480759,Uncertain significance,2,97.67,E,-0.3312,1.041,-7.3546,loss_of_function,-3.41572466550931,0.8569,pathogenic,10.1101/2022.10.22.513328; 37085483
L264Q,1.75206,1.47347,1.5567595131013434,Neutral,Neutral,,,Uncertain,,Uncertain,,,Uncertain,31.9,,,0.813,"COSMIC,somatic_muts",,False,31.9,,,,neutral,neutral,neutral,DOWN,neutral,neutral,neutral,,,,97.67,E,-0.3444,1.041,-22.2273,loss_of_function,-5.75837237714931,0.8352,pathogenic,10.1101/2022.10.22.513328; 37085483
L264R,1.81292,2.79694,1.7044107552699388,Uncertain,Neutral,,,Uncertain,,Uncertain,,,Uncertain,31.9,,,0.822,"cBioPortal,COSMIC,somatic_muts",,False,31.9,,,,neutral,neutral,neutral,UP,neutral,neutral,stabilizing,,,,97.67,E,-0.4039,1.041,-22.2273,loss_of_function,-6.5461871813981,0.8804,pathogenic,10.1101/2022.10.22.513328; 37085483
L264V,1.32662,1.16463,0.5095900300529612,Neutral,Neutral,,,Uncertain,,Uncertain,,,Uncertain,31.9,,,0.381,"COSMIC,somatic_muts",,False,31.9,,,,neutral,neutral,neutral,DOWN,neutral,neutral,neutral,,,,97.67,E,-0.1233,1.041,-0.5217,loss_of_function,-0.402437184412507,0.0848,benign,10.1101/2022.10.22.513328; 37085483
L265M,0.24978,1.73095,1.0033069547342912,Neutral,Neutral,,,Uncertain,,Uncertain,,,Uncertain,22.6,,,0.870,"COSMIC,somatic_muts",,False,22.6,,,,neutral,neutral,neutral,-,uncertain,uncertain,uncertain,,,,98.11,E,-0.313,0.0422,-22.2332,loss_of_function,-3.91495728915611,0.4348,ambiguous,10.1101/2022.10.22.513328; 37085483
L265P,5.41896,7.77415,6.431474863589326,Destabilizing,Destabilizing,,,Uncertain,,Uncertain,,,Uncertain,22.6,,,0.948,"cBioPortal,COSMIC,germline_muts,somatic_muts,clinvar",,False,22.6,,,,neutral,neutral,neutral,DOWN,neutral,neutral,neutral,245777,Pathogenic/Likely pathogenic,2,98.11,E,-0.499,0.0422,-22.2332,loss_of_function,-7.87558311971445,0.9913,pathogenic,10.1101/2022.10.22.513328; 37085483
L265Q,1.31004,2.95306,1.824464033223944,Uncertain,Neutral,,,Uncertain,,Uncertain,,,Uncertain,22.6,,,0.964,"cBioPortal,COSMIC,somatic_muts,clinvar",,False,22.6,,,,neutral,neutral,neutral,DOWN,neutral,neutral,neutral,953467,Conflicting interpretations of pathogenicity,1,98.11,E,-0.4364,0.0422,-22.2332,loss_of_function,-7.87558311971445,0.9105,pathogenic,10.1101/2022.10.22.513328; 37085483
L265R,1.39231,2.76565,1.8499693745922463,Uncertain,Neutral,,,Uncertain,,Uncertain,,,Uncertain,22.6,,,0.965,"cBioPortal,COSMIC,somatic_muts",,False,22.6,,,,neutral,neutral,neutral,UP,neutral,neutral,neutral,,,,98.11,E,-0.4958,0.0422,-22.2332,loss_of_function,-7.37297889237968,0.8691,pathogenic,10.1101/2022.10.22.513328; 37085483
L265T,3.25283,2.6483,2.3401434883924948,Uncertain,Uncertain,,,Uncertain,,Uncertain,,,Uncertain,22.6,,,,cBioPortal,,False,22.6,,,,neutral,neutral,neutral,DOWN,neutral,neutral,neutral,,,,98.11,E,-0.4187,0.0422,-22.2332,loss_of_function,-7.34723861280443,0.9283,pathogenic,10.1101/2022.10.22.513328; 37085483
L265V,1.82238,1.58503,1.3488569289618082,Neutral,Neutral,,,Uncertain,,Uncertain,,,Uncertain,22.6,,,,somatic_muts,,False,22.6,,,,neutral,neutral,neutral,DOWN,neutral,neutral,neutral,,,,98.11,E,-0.2582,0.0422,-8.9453,loss_of_function,-3.77375082373062,0.3252,benign,10.1101/2022.10.22.513328
G266A,2.22463,1.73537,-0.5092948613442427,Uncertain,Uncertain,,,,,,,,,0.0,,,0.960,"cBioPortal,COSMIC,somatic_muts",,False,0.0,,,,neutral,neutral,neutral,UP,neutral,neutral,neutral,,,,97.99,E,-0.31,0.0633,-8.9453,loss_of_function,-6.36324581472309,0.8482,pathogenic,10.1101/2022.10.22.513328; 37085483
G266E,15.3311,15.33946,2.6582360234264613,Destabilizing,Uncertain,,,,,,,,,0.0,,,0.973,"cBioPortal,COSMIC,germline_muts,somatic_muts,clinvar",,False,0.0,,,,neutral,neutral,neutral,UP,neutral,neutral,neutral,161516,Pathogenic/Likely pathogenic,2,97.99,E,-0.3696,0.0633,-8.9453,loss_of_function,-7.46706303705164,0.9988,pathogenic,10.1101/2022.10.22.513328; 37085483
G266K,18.87678,17.7619,3.690275894982849,Destabilizing,Destabilizing,,,,,,,,,0.0,,,,"cBioPortal,COSMIC",,False,0.0,,,,neutral,neutral,neutral,UP,neutral,neutral,neutral,,,,97.99,E,-0.4703,0.0633,-22.2332,loss_of_function,-7.88629348640739,0.9995,pathogenic,10.1101/2022.10.22.513328; 37085483
G266R,22.55904,16.5,2.724237305125748,Destabilizing,Uncertain,,,,,,,,,0.0,,,0.963,"cBioPortal,COSMIC,somatic_muts,clinvar",,False,0.0,,,,neutral,neutral,neutral,UP,neutral,neutral,neutral,"458566, 376605","Pathogenic, Pathogenic","2, 2",97.99,E,-0.4544,0.0633,-22.2332,loss_of_function,-7.88629348640739,0.9986,pathogenic,10.1101/2022.10.22.513328; 37085483
G266S,4.27763,3.67075,0.5795920304617255,Destabilizing,Uncertain,,,,,,,,,0.0,,,,COSMIC,,False,0.0,,,,neutral,neutral,neutral,UP,neutral,neutral,neutral,,,,97.99,E,-0.3837,0.0633,-22.2332,loss_of_function,-6.93805310884829,0.9729,pathogenic,10.1101/2022.10.22.513328; 37085483
G266T,11.322,7.20136,1.2330964766379242,Destabilizing,Uncertain,,,,,,,,,0.0,,,,"cBioPortal,COSMIC",,False,0.0,,,,neutral,neutral,neutral,UP,neutral,neutral,neutral,,,,97.99,E,-0.4606,0.0633,-22.2332,loss_of_function,-6.93805310884829,0.9969,pathogenic,10.1101/2022.10.22.513328; 37085483
G266V,13.71788,9.77517,1.4701596421049925,Destabilizing,Uncertain,,,,,,,,,0.0,,0.0,0.974,"cBioPortal,COSMIC,somatic_muts,clinvar",,False,0.0,,,,neutral,neutral,neutral,UP,neutral,neutral,neutral,233303,Conflicting interpretations of pathogenicity,1,97.99,E,-0.4646,0.0633,-22.2332,loss_of_function,-7.88629348640739,0.9956,pathogenic,10.1101/2022.10.22.513328; 37085483
R267G,1.97136,2.49456,3.6988755822338,Uncertain,Uncertain,,,,,,,,,17.8,,,0.946,"cBioPortal,COSMIC,somatic_muts,clinvar",,True,17.8,,,,neutral,neutral,neutral,DOWN,neutral,neutral,destabilizing,1761541,Pathogenic,1,98.54,E,-0.4338,0.1239,-22.2332,loss_of_function,-7.70598599850712,0.9913,pathogenic,10.1101/2022.10.22.513328; 37085483
R267L,-1.49447,-0.27959,0.7550702884989313,Neutral,Neutral,,,,,,,,,17.8,,,0.911,"cBioPortal,COSMIC,somatic_muts,clinvar",,True,17.8,,,,neutral,neutral,neutral,DOWN,neutral,neutral,destabilizing,852206,Uncertain significance,1,98.54,E,-0.4009,0.1239,-22.2332,loss_of_function,-4.27853092395634,0.9887,pathogenic,10.1101/2022.10.22.513328; 37085483
R267P,4.90939,8.4017,6.801358927609924,Destabilizing,Destabilizing,,,,,,,,,17.8,,,0.927,"cBioPortal,COSMIC,germline_muts,somatic_muts,clinvar",,True,17.8,,,,neutral,neutral,neutral,DOWN,neutral,neutral,destabilizing,428867,Conflicting interpretations of pathogenicity,1,98.54,E,-0.5405,0.1239,-22.2332,loss_of_function,-7.70598599850712,0.9992,pathogenic,10.1101/2022.10.22.513328; 37085483
R267Q,0.12121,-0.11088,1.807951657941256,Neutral,Neutral,,,,,,,,,17.8,,1.2030991835e-05,0.902,"cBioPortal,COSMIC,germline_muts,somatic_muts,clinvar",,True,17.8,,,,neutral,neutral,neutral,DOWN,neutral,neutral,destabilizing,127823,Uncertain significance,3,98.54,E,-0.3732,0.1239,-22.2332,loss_of_function,-5.21833867213814,0.8812,pathogenic,10.1101/2022.10.22.513328; 37085483
R267W,5.12564,1.74762,1.1997649876942111,Uncertain,Uncertain,,,,,,,,,17.8,,0.0,0.917,"cBioPortal,COSMIC,germline_muts,somatic_muts,clinvar",,True,17.8,,,,neutral,neutral,neutral,UP,neutral,neutral,neutral,141764,Pathogenic/Likely pathogenic,2,98.54,E,-0.3484,0.1239,-8.9453,loss_of_function,-6.77941400693417,0.9682,pathogenic,10.1101/2022.10.22.513328; 37085483
N268D,-0.3454,-0.89762,1.0714647244844704,Neutral,Neutral,,,Uncertain,,Uncertain,,,Uncertain,23.7,,,0.221,cBioPortal,,True,23.7,,,,neutral,neutral,neutral,-,uncertain,uncertain,uncertain,,,,98.08,E,-0.1471,1.0811,-5.4831,loss_of_function,-0.591323006675345,0.0926,benign,10.1101/2022.10.22.513328; 37085483
N268F,0.73663,-0.31156,-0.9652157225881908,Neutral,Neutral,,,Uncertain,,Uncertain,,,Uncertain,23.7,,,,"COSMIC,somatic_muts",,True,23.7,,,,neutral,neutral,neutral,UP,neutral,neutral,neutral,,,,98.08,E,-0.2865,1.0811,-22.2302,loss_of_function,-4.50942508843303,0.6464,pathogenic,10.1101/2022.10.22.513328; 37085483
N268H,0.7775,0.45646,-0.344622891460799,Neutral,Neutral,,,Uncertain,,Uncertain,,,Uncertain,23.7,,,0.404,"COSMIC,somatic_muts",,True,23.7,,,,neutral,neutral,neutral,UP,neutral,neutral,neutral,,,,98.08,E,-0.2344,1.0811,-22.2302,loss_of_function,-5.51296298197219,0.1252,benign,10.1101/2022.10.22.513328; 37085483
N268I,1.54611,2.49796,-0.1569998667835959,Uncertain,Neutral,,,Uncertain,,Uncertain,,,Uncertain,23.7,,,0.511,"cBioPortal,COSMIC",,True,23.7,,,,neutral,neutral,neutral,UP,neutral,neutral,neutral,,,,98.08,E,-0.2796,1.0811,-22.2302,loss_of_function,-5.43571068450721,0.4467,ambiguous,10.1101/2022.10.22.513328; 37085483
N268K,1.2059,1.3568,0.6924737534617811,Neutral,Neutral,,,Uncertain,,Uncertain,,,Uncertain,23.7,,,0.344,"COSMIC,somatic_muts,clinvar",,True,23.7,,,,neutral,neutral,neutral,UP,neutral,neutral,neutral,1349719,Uncertain significance,1,98.08,E,-0.2326,1.0811,-22.2302,loss_of_function,-2.67496267781037,0.3993,ambiguous,10.1101/2022.10.22.513328; 37085483
N268S,0.67909,0.87109,1.2541258961088526,Neutral,Neutral,,,Uncertain,,Uncertain,,,Uncertain,23.7,,,0.327,"COSMIC,somatic_muts",,True,23.7,,,,neutral,neutral,neutral,DOWN,neutral,neutral,destabilizing,,,,98.08,E,-0.1183,1.0811,-6.3575,loss_of_function,-1.14138344287833,0.0787,benign,10.1101/2022.10.22.513328; 37085483
N268Y,1.18455,-0.16259,-0.5753838376280695,Neutral,Neutral,,,Uncertain,,Uncertain,,,Uncertain,23.7,,,0.561,"cBioPortal,clinvar",,True,23.7,,,,neutral,neutral,neutral,UP,neutral,neutral,neutral,827405,Uncertain significance,1,98.08,E,-0.2701,1.0811,-22.2302,loss_of_function,-5.04988168903457,0.2266,benign,10.1101/2022.10.22.513328; 37085483
S269C,-1.10838,0.50714,0.1852436255375911,Neutral,Neutral,,,,,,,,,10.7,,,0.460,"cBioPortal,COSMIC,somatic_muts",P,True,10.7,4.182,,,uncertain,damaging,uncertain,UP,neutral,neutral,neutral,,,,98.0,E,-0.1209,1.0942,-0.803,loss_of_function,-1.55477986731131,0.0938,benign,10.1101/2022.10.22.513328; 37085483
S269G,0.24916,0.96259,1.343843011565562,Neutral,Neutral,,,,,,,,,10.7,,,0.688,"COSMIC,somatic_muts",P,True,10.7,4.182,,,uncertain,damaging,uncertain,DOWN,neutral,neutral,neutral,,,,98.0,E,-0.1889,1.0942,-22.2302,loss_of_function,-6.11743999468942,0.2576,benign,10.1101/2022.10.22.513328; 37085483
S269I,1.01768,1.47551,0.1294068085507593,Neutral,Neutral,,,,,,,,,10.7,,,0.810,"COSMIC,somatic_muts",P,True,10.7,4.182,,,uncertain,damaging,uncertain,UP,neutral,neutral,neutral,,,,98.0,E,-0.261,1.0942,-22.2302,loss_of_function,-3.98265316785276,0.4663,ambiguous,10.1101/2022.10.22.513328; 37085483
S269N,0.98013,1.05952,0.2137571299120921,Neutral,Neutral,,,,,,,,,10.7,,,0.729,"COSMIC,somatic_muts",P,True,10.7,4.182,,,uncertain,damaging,uncertain,UP,neutral,neutral,neutral,,,,98.0,E,-0.1291,1.0942,-7.9424,loss_of_function,-4.25800922113961,0.4728,ambiguous,10.1101/2022.10.22.513328; 37085483
S269R,-1.21369,1.13129,0.3056849676693152,Neutral,Neutral,,,,,,,,,10.7,,,"0.793, 0.812","cBioPortal,COSMIC,somatic_muts,clinvar",P,True,10.7,4.182,,,uncertain,damaging,uncertain,UP,neutral,neutral,neutral,"2113149, 647256","Uncertain significance, Uncertain significance","1, 1",98.0,E,-0.2736,1.0942,-22.2302,loss_of_function,-4.35152183098193,0.9398,pathogenic,10.1101/2022.10.22.513328; 37085483
S269T,1.58972,0.85748,0.1783461055737961,Neutral,Neutral,,,,,,,,,10.7,,,0.603,"cBioPortal,COSMIC,somatic_muts",P,True,10.7,4.182,,,neutral,damaging,uncertain,UP,neutral,neutral,neutral,,,,98.0,E,-0.0924,1.0942,-6.9425,loss_of_function,-1.69761692650551,0.1301,benign,10.1101/2022.10.22.513328; 37085483
F270C,5.06435,4.31361,4.286101990518314,Destabilizing,Destabilizing,,,,,,,,,0.2,,,0.929,"cBioPortal,COSMIC,somatic_muts,clinvar",,True,0.2,,,,neutral,neutral,neutral,DOWN,neutral,neutral,mixed_effects,376597,Conflicting interpretations of pathogenicity,1,98.3,E,-0.4135,0.0423,-22.2302,loss_of_function,-5.54328700988529,0.9612,pathogenic,10.1101/2022.10.22.513328; 37085483
F270I,2.69224,2.86497,2.8322865490768514,Uncertain,Uncertain,,,,,,,,,0.2,,,0.938,"cBioPortal,COSMIC,somatic_muts,clinvar",,True,0.2,,,,neutral,neutral,neutral,DOWN,neutral,neutral,mixed_effects,376596,Conflicting interpretations of pathogenicity,1,98.3,E,-0.3893,0.0423,-22.2302,loss_of_function,-4.46839511542668,0.9152,pathogenic,10.1101/2022.10.22.513328; 37085483
F270L,3.5274,2.41871,2.1670877407838285,Uncertain,Uncertain,,,,,,,,,0.2,,,"0.827, 0.935","cBioPortal,COSMIC,germline_muts,somatic_muts,clinvar",,True,0.2,,,,neutral,neutral,neutral,DOWN,neutral,neutral,mixed_effects,"1431729, 634778, 376595","Uncertain significance, Conflicting interpretations of pathogenicity, Likely pathogenic","1, 1, 0",98.3,E,-0.2836,0.0423,-8.9424,loss_of_function,-3.45216713202377,0.9944,pathogenic,10.1101/2022.10.22.513328; 37085483
F270S,5.60906,5.13707,4.735511287323289,Destabilizing,Destabilizing,,,,,,,,,0.2,,,0.945,"cBioPortal,COSMIC,somatic_muts,clinvar",,True,0.2,,,,neutral,neutral,neutral,DOWN,neutral,neutral,mixed_effects,376594,Pathogenic/Likely pathogenic,2,98.3,E,-0.4243,0.0423,-22.2302,loss_of_function,-6.91503110018152,0.9952,pathogenic,10.1101/2022.10.22.513328; 37085483
F270V,3.68489,2.81293,3.0545714111561155,Uncertain,Destabilizing,,,,,,,,,0.2,,,0.926,"cBioPortal,COSMIC,somatic_muts,clinvar",,True,0.2,,,,neutral,neutral,neutral,DOWN,neutral,neutral,mixed_effects,376598,Uncertain significance,1,98.3,E,-0.3836,0.0423,-22.2302,loss_of_function,-4.18485049707298,0.882,pathogenic,10.1101/2022.10.22.513328; 37085483
F270Y,0.82755,-0.29354,0.2722432932991414,Neutral,Neutral,,,,,,,,,0.2,,,0.936,"COSMIC,somatic_muts",,True,0.2,,,,neutral,neutral,neutral,-,uncertain,uncertain,uncertain,,,,98.3,E,-0.3372,0.0423,-22.2302,loss_of_function,-4.63948944499405,0.8656,pathogenic,10.1101/2022.10.22.513328; 37085483
E271D,1.16943,0.72007,0.933861865872136,Neutral,Neutral,,,,,,,,,10.3,,,"0.843, 0.844","COSMIC,somatic_muts,clinvar",,True,10.3,,,,neutral,neutral,neutral,DOWN,neutral,neutral,neutral,859912,Uncertain significance,1,98.38,E,-0.2127,0.0634,-8.9424,loss_of_function,-2.75745417207769,0.7768,pathogenic,10.1101/2022.10.22.513328; 37085483
E271G,1.49849,2.62755,1.93297230472292,Uncertain,Neutral,,,,,,,,,10.3,,,0.967,"cBioPortal,COSMIC,somatic_muts",,True,10.3,,,,neutral,neutral,neutral,DOWN,neutral,neutral,neutral,,,,98.38,E,-0.3405,0.0634,-22.2302,loss_of_function,-5.1338776088959,0.8534,pathogenic,10.1101/2022.10.22.513328; 37085483
E271K,0.30134,2.08163,0.941210095902946,Uncertain,Neutral,,,,,,,,,10.3,,,0.935,"cBioPortal,COSMIC,somatic_muts,clinvar",,True,10.3,,,,neutral,neutral,neutral,UP,neutral,neutral,neutral,406566,Conflicting interpretations of pathogenicity,1,98.38,E,-0.269,0.0634,-8.9424,loss_of_function,-5.99359737796003,0.9532,pathogenic,10.1101/2022.10.22.513328; 37085483
E271L,0.13368,0.96327,-0.2359127095811447,Neutral,Neutral,,,,,,,,,10.3,,,,clinvar,,True,10.3,,,,neutral,neutral,neutral,UP,neutral,neutral,neutral,568838,Uncertain significance,1,98.38,E,-0.3692,0.0634,-22.2302,loss_of_function,-6.79199726822656,0.9679,pathogenic,10.1101/2022.10.22.513328; 37085483
E271P,0.4056,3.32245,3.043883258309433,Uncertain,Uncertain,,,,,,,,,10.3,,,,COSMIC,,True,10.3,,,,neutral,neutral,neutral,DOWN,neutral,neutral,neutral,,,,98.38,E,-0.4039,0.0634,-8.9424,loss_of_function,-6.13874495590501,0.9819,pathogenic,10.1101/2022.10.22.513328; 37085483
E271Q,0.50551,1.17857,0.636470623516529,Neutral,Neutral,,,,,,,,,10.3,,,0.924,"cBioPortal,COSMIC,somatic_muts",,True,10.3,,,,neutral,neutral,neutral,UP,neutral,neutral,neutral,,,,98.38,E,-0.2873,0.0634,-22.2302,loss_of_function,-4.5582696722585,0.7442,pathogenic,10.1101/2022.10.22.513328; 37085483
E271R,1.01873,1.58095,0.6350333124862645,Neutral,Neutral,,,,,,,,,10.3,,,,somatic_muts,,True,10.3,,,,neutral,neutral,neutral,UP,neutral,neutral,neutral,,,,98.38,E,-0.3973,0.0634,-22.2302,loss_of_function,-6.34892669683129,0.959,pathogenic,10.1101/2022.10.22.513328
E271V,-0.7037,0.30306,-0.0788785263720082,Neutral,Neutral,,,,,,,,,10.3,,,0.972,"cBioPortal,COSMIC,germline_muts,somatic_muts",,True,10.3,,,,neutral,neutral,neutral,-,uncertain,uncertain,uncertain,,,,98.38,E,-0.328,0.0634,-22.2302,loss_of_function,-7.08214190607596,0.9457,pathogenic,10.1101/2022.10.22.513328; 37085483
V272A,3.60238,2.57857,2.981723048342449,Uncertain,Uncertain,0.00652,0.14101,Neutral,0.00667,Neutral,,,,0.0,,,0.658,"cBioPortal,COSMIC,germline_muts,somatic_muts,clinvar",,False,0.0,,,,neutral,neutral,neutral,DOWN,neutral,neutral,destabilizing,565884,Uncertain significance,1,98.62,E,-0.1077,1.4791,-1.2283,loss_of_function,-2.15184917570093,0.9028,pathogenic,10.1101/2022.10.22.513328; 37085483
V272E,7.49332,4.65238,4.590330639491481,Destabilizing,Destabilizing,0.19648,0.00779,Neutral,-0.04041,Neutral,,,,0.0,,,0.806,"cBioPortal,COSMIC,somatic_muts,clinvar",,False,0.0,,,,neutral,neutral,neutral,-,uncertain,uncertain,uncertain,376673,Uncertain significance,1,98.62,E,-0.3387,1.4791,-22.2302,loss_of_function,-6.48435979193118,0.9937,pathogenic,10.1101/2022.10.22.513328; 37085483
V272G,5.6112,5.06837,5.031032906061353,Destabilizing,Destabilizing,0.01354,-0.12513,Neutral,0.01353,Neutral,,,,0.0,,,0.707,"cBioPortal,COSMIC,somatic_muts,clinvar",,False,0.0,,,,neutral,neutral,neutral,DOWN,neutral,neutral,destabilizing,233323,Conflicting interpretations of pathogenicity,1,98.62,E,-0.2411,1.4791,-2.7331,loss_of_function,-2.44295666055379,0.8186,pathogenic,10.1101/2022.10.22.513328; 37085483
V272K,10.1698,6.03571,6.720418516397575,Destabilizing,Destabilizing,-0.1167,0.11256,Neutral,0.01378,Neutral,,,,0.0,,,,"cBioPortal,COSMIC",,False,0.0,,,,neutral,neutral,neutral,UP,neutral,neutral,neutral,,,,98.62,E,-0.3777,1.4791,-22.2302,loss_of_function,-6.48435979193118,0.9971,pathogenic,10.1101/2022.10.22.513328; 37085483
V272L,3.30013,1.17483,1.7992591476900743,Uncertain,Uncertain,-0.01314,-0.01976,Neutral,-0.00574,Neutral,,,,0.0,,,0.878,"cBioPortal,COSMIC,germline_muts,somatic_muts,clinvar",,False,0.0,,,,neutral,neutral,neutral,UP,neutral,neutral,neutral,"574679, 12358","Pathogenic/Likely pathogenic, Likely pathogenic","2, 2",98.62,E,-0.2155,1.4791,-22.2302,loss_of_function,-3.54364476514723,0.9653,pathogenic,10.1101/2022.10.22.513328; 37085483
V272M,2.52961,1.56327,2.6381706275706422,Uncertain,Uncertain,-0.00458,-0.08447,Neutral,-0.01098,Neutral,,,,0.0,,3.9857787415e-06,0.907,"cBioPortal,COSMIC,germline_muts,somatic_muts,clinvar",,False,0.0,,,,neutral,neutral,neutral,UP,neutral,neutral,neutral,185814,Pathogenic,3,98.62,E,-0.2245,1.4791,-22.2302,loss_of_function,-4.14864059378533,0.9572,pathogenic,10.1101/2022.10.22.513328; 37085483
R273C,1.14497,1.27959,1.6411316537914125,Neutral,Neutral,3.6383,0.28124,Uncertain,0.34865,Neutral,,,Uncertain,41.8,0.0,1.195933825e-05,0.901,"cBioPortal,COSMIC,germline_muts,somatic_muts,clinvar",,False,41.8,,,,neutral,neutral,neutral,DOWN,neutral,neutral,neutral,43594,Pathogenic/Likely pathogenic,2,98.43,E,-0.4124,0.0682,-22.2302,loss_of_function,-4.01724918554044,0.9945,pathogenic,10.1101/2022.10.22.513328; 37085483
R273G,2.57054,3.27041,2.227976822221017,Uncertain,Uncertain,4.44394,0.55543,Uncertain,0.41666,Neutral,,,Uncertain,41.8,,,0.902,"cBioPortal,COSMIC,germline_muts,somatic_muts,clinvar",,False,41.8,,,,neutral,neutral,neutral,DOWN,neutral,neutral,neutral,634682,Pathogenic,2,98.43,E,-0.4389,0.0682,-22.2302,loss_of_function,-7.62147705658493,0.9981,pathogenic,10.1101/2022.10.22.513328; 37085483
R273H,-0.27834,0.57483,0.6843339858807279,Neutral,Neutral,2.19578,0.16337,Uncertain,1.12626,Destabilizing,,,Uncertain,41.8,,1.59328272005e-05,0.868,"cBioPortal,COSMIC,germline_muts,somatic_muts,clinvar",,False,41.8,,,,neutral,neutral,neutral,DOWN,neutral,neutral,neutral,12366,Pathogenic,3,98.43,E,-0.2953,0.0682,-6.9425,loss_of_function,-2.02805387219135,0.9889,pathogenic,10.1101/2022.10.22.513328; 37085483
R273L,-0.73658,-0.51054,-0.2676033440286929,Neutral,Neutral,2.89996,0.42294,Uncertain,0.57512,Neutral,,,Uncertain,41.8,,3.9832068001e-06,0.921,"cBioPortal,COSMIC,germline_muts,somatic_muts,clinvar",,False,41.8,,,,neutral,neutral,neutral,DOWN,neutral,neutral,neutral,376655,Pathogenic,2,98.43,E,-0.406,0.0682,-22.2302,loss_of_function,-7.62147705658493,0.9954,pathogenic,10.1101/2022.10.22.513328; 37085483
R273N,0.12293,1.25952,1.1571151991906927,Neutral,Neutral,3.89368,0.47054,Uncertain,0.52119,Neutral,,,Uncertain,41.8,,,,somatic_muts,,False,41.8,,,,neutral,neutral,neutral,DOWN,neutral,neutral,neutral,,,,98.43,E,-0.4184,0.0682,-22.2302,loss_of_function,-7.62147705658493,0.9995,pathogenic,10.1101/2022.10.22.513328
R273P,5.6269,3.5602,6.204393242763786,Destabilizing,Destabilizing,3.70314,1.93511,Destabilizing,0.50395,Neutral,,,Uncertain,41.8,3.1867431485e-05,,0.932,"cBioPortal,COSMIC,somatic_muts,clinvar",,False,41.8,,,,neutral,neutral,neutral,DOWN,neutral,neutral,neutral,231060,Pathogenic,2,98.43,E,-0.5456,0.0682,-22.2302,loss_of_function,-7.62147705658493,0.9988,pathogenic,10.1101/2022.10.22.513328; 37085483
R273Q,0.11018,0.44388,1.0025424167481114,Neutral,Neutral,3.00112,0.64778,Uncertain,0.50284,Neutral,,,Uncertain,41.8,,,,"COSMIC,somatic_muts",,False,41.8,,,,neutral,neutral,neutral,DOWN,neutral,neutral,neutral,,,,98.43,E,-0.3783,0.0682,-22.2302,loss_of_function,-7.62147705658493,0.9917,pathogenic,10.1101/2022.10.22.513328; 37085483
R273S,1.66603,1.45408,1.722458456241699,Neutral,Neutral,3.38162,0.5557,Uncertain,0.42749,Neutral,,,Uncertain,41.8,,0.0,0.906,"cBioPortal,COSMIC,germline_muts,somatic_muts,clinvar",,False,41.8,,,,neutral,neutral,neutral,DOWN,neutral,neutral,neutral,376656,Pathogenic,2,98.43,E,-0.4041,0.0682,-22.2302,loss_of_function,-7.11021169620391,0.9993,pathogenic,10.1101/2022.10.22.513328; 37085483
R273V,1.17963,0.06497,0.3251659474833313,Neutral,Neutral,3.50692,0.45698,Uncertain,0.39156,Neutral,,,Uncertain,41.8,,,,cBioPortal,,False,41.8,,,,neutral,neutral,neutral,DOWN,neutral,neutral,neutral,,,,98.43,E,-0.4201,0.0682,-22.2302,loss_of_function,-7.62147705658493,0.9978,pathogenic,10.1101/2022.10.22.513328; 37085483
R273Y,-1.38273,-0.22279,0.2668453528324566,Neutral,Neutral,2.53036,0.53377,Uncertain,0.12178,Neutral,,,Uncertain,41.8,,,,"cBioPortal,COSMIC,somatic_muts",,False,41.8,,,,neutral,neutral,neutral,UP,neutral,neutral,neutral,,,,98.43,E,-0.425,0.0682,-22.2302,loss_of_function,-6.57658797529699,0.9985,pathogenic,10.1101/2022.10.22.513328; 37085483
V274A,2.54178,2.84966,2.910652665370766,Uncertain,Uncertain,0.02548,0.0964,Neutral,0.041,Neutral,0.05223,-0.01959,Neutral,0.0,,,0.847,"cBioPortal,COSMIC,germline_muts,somatic_muts,clinvar",,False,0.0,,,,neutral,neutral,neutral,DOWN,neutral,neutral,neutral,376677,Conflicting interpretations of pathogenicity,1,98.6,E,-0.2627,0.9589,-22.2302,loss_of_function,-6.80217081269693,0.9908,pathogenic,10.1101/2022.10.22.513328; 37085483
V274C,2.28041,2.0898,2.550218945222703,Uncertain,Uncertain,-0.00674,-0.0362,Neutral,0.02642,Neutral,0.06643,-0.00245,Neutral,0.0,,,,cBioPortal,,False,0.0,,,,neutral,neutral,neutral,DOWN,neutral,neutral,neutral,,,,98.6,E,-0.2906,0.9589,-22.2302,loss_of_function,-6.80217081269693,0.9942,pathogenic,10.1101/2022.10.22.513328; 37085483
V274D,4.04508,5.00612,4.078991068534621,Destabilizing,Destabilizing,0.46334,0.02604,Neutral,-0.05758,Neutral,0.09695,0.10681,Neutral,0.0,,,0.889,"cBioPortal,COSMIC,somatic_muts,clinvar",,False,0.0,,,,neutral,neutral,neutral,DOWN,neutral,neutral,neutral,376675,Conflicting interpretations of pathogenicity,1,98.6,E,-0.4293,0.9589,-22.2302,loss_of_function,-6.80217081269693,0.9991,pathogenic,10.1101/2022.10.22.513328; 37085483
V274E,3.47664,6.13844,4.0990318885275085,Destabilizing,Destabilizing,0.48912,0.14312,Neutral,-0.09072,Neutral,0.08769,-0.0219,Neutral,0.0,,,,clinvar,,False,0.0,,,,neutral,neutral,neutral,-,uncertain,uncertain,uncertain,1417760,Uncertain significance,1,98.6,E,-0.3866,0.9589,-22.2302,loss_of_function,-6.80217081269693,0.9984,pathogenic,10.1101/2022.10.22.513328; 37085483
V274F,14.20895,3.8017,2.761129251137972,Destabilizing,Uncertain,0.06908,0.02847,Neutral,0.00321,Neutral,0.05957,0.14536,Neutral,0.0,,,0.773,"cBioPortal,COSMIC,somatic_muts,clinvar",,False,0.0,,,,neutral,neutral,neutral,UP,neutral,neutral,neutral,376674,Conflicting interpretations of pathogenicity,1,98.6,E,-0.272,0.9589,-8.9424,loss_of_function,-6.80217081269693,0.9915,pathogenic,10.1101/2022.10.22.513328; 37085483
V274G,4.16979,5.25748,4.958410986756869,Destabilizing,Destabilizing,0.01526,-0.01072,Neutral,0.03392,Neutral,0.06995,-0.06471,Neutral,0.0,,,0.865,"cBioPortal,COSMIC,somatic_muts,clinvar",,False,0.0,,,,neutral,neutral,neutral,DOWN,neutral,neutral,neutral,376676,Conflicting interpretations of pathogenicity,1,98.6,E,-0.3885,0.9589,-22.2302,loss_of_function,-6.80217081269693,0.989,pathogenic,10.1101/2022.10.22.513328; 37085483
V274I,-0.83746,-0.32211,0.1378459721283531,Neutral,Neutral,0.04324,0.1588,Neutral,0.02666,Neutral,0.0063,0.11857,Neutral,0.0,,,0.367,"COSMIC,somatic_muts",,False,0.0,,,,neutral,neutral,neutral,UP,neutral,neutral,neutral,,,,98.6,E,-0.0881,0.9589,-0.6387,loss_of_function,-0.311767547129325,0.0913,benign,10.1101/2022.10.22.513328; 37085483
V274L,3.4734,1.44456,0.762947589789516,Uncertain,Uncertain,-0.03408,0.19756,Neutral,-0.00528,Neutral,0.02876,-0.21123,Neutral,0.0,,,0.630,"cBioPortal,COSMIC,somatic_muts,clinvar",,False,0.0,,,,neutral,neutral,neutral,UP,neutral,neutral,neutral,376678,Uncertain significance,1,98.6,E,-0.2633,0.9589,-22.2302,loss_of_function,-3.55708445755812,0.967,pathogenic,10.1101/2022.10.22.513328; 37085483
C275F,0.62895,3.60204,0.3938967112607799,Uncertain,Neutral,0.86942,0.58724,Neutral,0.7119,Neutral,0.14098,0.00917,Neutral,12.4,,,0.981,"cBioPortal,COSMIC,germline_muts,somatic_muts,clinvar",,False,12.4,,,,neutral,neutral,neutral,UP,neutral,neutral,stabilizing,376582,Pathogenic,1,97.98,-,-0.4845,0.0212,-22.2302,loss_of_function,-7.96890002094704,0.9978,pathogenic,10.1101/2022.10.22.513328; 37085483
C275G,1.36569,1.87381,1.7857803212019998,Neutral,Neutral,-0.02854,-0.25143,Neutral,0.22522,Neutral,-0.00642,-0.07663,Neutral,12.4,,,0.957,"cBioPortal,COSMIC,somatic_muts,clinvar",,False,12.4,,,,neutral,neutral,neutral,DOWN,neutral,neutral,mixed_effects,1414106,Uncertain significance,1,97.98,-,-0.483,0.0212,-22.2302,loss_of_function,-7.96890002094704,0.9926,pathogenic,10.1101/2022.10.22.513328; 37085483
C275R,1.43025,3.4,1.2721730203521169,Uncertain,Neutral,1.03194,-0.23632,Uncertain,2.47287,Destabilizing,0.15258,-0.00945,Neutral,12.4,,,0.962,"cBioPortal,COSMIC,germline_muts,somatic_muts,clinvar",,False,12.4,,,,neutral,neutral,neutral,UP,neutral,neutral,stabilizing,376584,Conflicting interpretations of pathogenicity,1,97.98,-,-0.5428,0.0212,-22.2302,loss_of_function,-7.96890002094704,0.9995,pathogenic,10.1101/2022.10.22.513328; 37085483
C275S,-0.05456,0.95714,1.0987811355802053,Neutral,Neutral,-1.07194,-0.0245,Uncertain,-0.02827,Neutral,-0.00641,0.07219,Neutral,12.4,,,"0.965, 0.982","cBioPortal,COSMIC,somatic_muts,clinvar",,False,12.4,,,,neutral,neutral,neutral,DOWN,neutral,neutral,mixed_effects,"960924, 376583","Uncertain significance, Conflicting interpretations of pathogenicity","1, 1",97.98,-,-0.4813,0.0212,-22.2302,loss_of_function,-4.46041556087988,0.9933,pathogenic,10.1101/2022.10.22.513328; 37085483
C275W,2.35558,1.62959,0.4232166386390362,Uncertain,Uncertain,7.05257,-0.46317,Uncertain,2.58838,Destabilizing,-0.12978,0.01385,Neutral,12.4,,,0.922,"cBioPortal,COSMIC,somatic_muts,clinvar",,False,12.4,,,,neutral,neutral,neutral,UP,neutral,neutral,stabilizing,485044,Likely pathogenic,1,97.98,-,-0.4876,0.0212,-22.2302,loss_of_function,-7.96890002094704,0.9994,pathogenic,10.1101/2022.10.22.513328; 37085483
C275Y,0.65032,1.4119,0.8478635948195625,Neutral,Neutral,0.42654,0.28013,Neutral,3.04026,Destabilizing,0.05378,0.02065,Neutral,12.4,3.186336987e-05,,0.972,"cBioPortal,COSMIC,germline_muts,somatic_muts,clinvar",,False,12.4,,,,neutral,neutral,neutral,UP,neutral,neutral,stabilizing,215997,Pathogenic/Likely pathogenic,2,97.98,-,-0.4938,0.0212,-22.2302,loss_of_function,-7.96890002094704,0.9996,pathogenic,10.1101/2022.10.22.513328; 37085483
A276D,-0.064,-0.19592,-0.3476875874957791,Neutral,Neutral,3.07098,0.32711,Uncertain,0.55595,Neutral,1.18919,0.36523,Uncertain,96.5,,,0.951,"cBioPortal,COSMIC,somatic_muts,clinvar",,False,96.5,,,,neutral,neutral,neutral,UP,neutral,neutral,stabilizing,232683,Conflicting interpretations of pathogenicity,1,97.23,S,-0.4154,0.0749,-22.2273,loss_of_function,-7.37168848391084,0.9993,pathogenic,10.1101/2022.10.22.513328; 37085483
A276F,0.20135,0.31088,-0.2484840120412484,Neutral,Neutral,1.60204,-0.91628,Uncertain,-1.18192,Stabilizing,-0.66538,-0.95186,Neutral,96.5,,,,COSMIC,,False,96.5,,,,neutral,neutral,neutral,UP,neutral,neutral,stabilizing,,,,97.23,S,-0.3837,0.0749,-22.2273,loss_of_function,-7.62748751942468,0.9806,pathogenic,10.1101/2022.10.22.513328; 37085483
A276G,0.4428,1.11395,0.57713467736564,Neutral,Neutral,1.09376,0.41222,Uncertain,0.76769,Neutral,0.23838,0.15852,Neutral,96.5,,,0.930,"cBioPortal,COSMIC,somatic_muts,clinvar",,False,96.5,,,,neutral,neutral,neutral,DOWN,neutral,neutral,stabilizing,185319,Pathogenic,1,97.23,S,-0.3271,0.0749,-22.2273,loss_of_function,-7.62748751942468,0.9785,pathogenic,10.1101/2022.10.22.513328; 37085483
A276P,-1.12726,-0.07993,0.3617174221008912,Neutral,Neutral,4.34798,1.58453,Destabilizing,7.61818,Destabilizing,-0.00799,0.04622,Neutral,96.5,,,0.949,"cBioPortal,COSMIC,somatic_muts,clinvar",,False,96.5,,,,neutral,neutral,neutral,UP,neutral,neutral,stabilizing,428893,Conflicting interpretations of pathogenicity,1,97.23,S,-0.4551,0.0749,-22.2273,loss_of_function,-7.62748751942468,0.9913,pathogenic,10.1101/2022.10.22.513328; 37085483
A276S,0.21822,0.12245,-0.0831772926923479,Neutral,Neutral,-0.0479,0.25694,Neutral,0.9602,Neutral,0.46819,-0.05808,Neutral,96.5,,,0.850,"cBioPortal,COSMIC,somatic_muts",,False,96.5,,,,neutral,neutral,neutral,-,uncertain,uncertain,uncertain,,,,97.23,S,-0.2983,0.0749,-22.2273,loss_of_function,-3.61938748631823,0.6879,pathogenic,10.1101/2022.10.22.513328; 37085483
A276T,0.28298,0.04082,-0.0687822425011952,Neutral,Neutral,0.37396,0.57897,Neutral,1.02561,Destabilizing,0.22437,-0.09539,Neutral,96.5,,,0.928,"cBioPortal,COSMIC,somatic_muts,clinvar",,False,96.5,,,,neutral,neutral,neutral,UP,neutral,neutral,stabilizing,827547,Uncertain significance,2,97.23,S,-0.2284,0.0749,-7.3546,loss_of_function,-1.74589151428764,0.97,pathogenic,10.1101/2022.10.22.513328; 37085483
A276V,0.24902,0.07449,-0.0537539451659291,Neutral,Neutral,0.93636,-0.09273,Neutral,0.002,Neutral,-0.24669,-0.25143,Neutral,96.5,,,0.934,"cBioPortal,COSMIC,somatic_muts",,False,96.5,,,,neutral,neutral,neutral,UP,neutral,neutral,stabilizing,,,,97.23,S,-0.3013,0.0749,-22.2273,loss_of_function,-7.62748751942468,0.9902,pathogenic,10.1101/2022.10.22.513328; 37085483
C277F,-0.58063,-1.52619,-1.2543739532585778,Neutral,Neutral,-0.42086,0.25509,Neutral,2.22822,Destabilizing,-0.56033,-0.19489,Neutral,52.8,,3.9791809254e-06,0.932,"cBioPortal,COSMIC,somatic_muts,clinvar",,False,52.8,,,,neutral,neutral,neutral,UP,neutral,neutral,neutral,458567,Uncertain significance,2,96.83,-,-0.4845,0.0212,-22.2302,loss_of_function,-7.70457574756643,0.9904,pathogenic,10.1101/2022.10.22.513328; 37085483
C277G,0.83718,4.49626,1.0867806089065013,Uncertain,Neutral,0.79696,0.15074,Neutral,0.19574,Neutral,0.04429,-0.09579,Neutral,52.8,,,0.846,"cBioPortal,COSMIC,somatic_muts",,False,52.8,,,,neutral,neutral,neutral,DOWN,neutral,neutral,neutral,,,,96.83,-,-0.483,0.0212,-22.2302,loss_of_function,-7.97190875216479,0.9972,pathogenic,10.1101/2022.10.22.513328; 37085483
C277R,0.26083,-0.45816,-0.6825359840709289,Neutral,Neutral,-0.39042,-0.70278,Neutral,1.09823,Destabilizing,-0.40531,-0.18461,Neutral,52.8,,,0.889,"COSMIC,clinvar",,False,52.8,,,,neutral,neutral,neutral,UP,neutral,neutral,neutral,421804,Conflicting interpretations of pathogenicity,1,96.83,-,-0.5428,0.0212,-22.2302,loss_of_function,-7.97190875216479,0.9996,pathogenic,10.1101/2022.10.22.513328; 37085483
C277S,0.32342,0.40476,0.1064997136357087,Neutral,Neutral,0.35738,-0.35017,Neutral,0.15981,Neutral,-0.00969,0.00759,Neutral,52.8,,,"0.894, 0.936","cBioPortal,COSMIC,somatic_muts,clinvar",,False,52.8,,,,neutral,neutral,neutral,DOWN,neutral,neutral,neutral,655556,Uncertain significance,1,96.83,-,-0.4813,0.0212,-22.2302,loss_of_function,-3.66742459155775,0.9837,pathogenic,10.1101/2022.10.22.513328; 37085483
C277W,-0.29378,-0.59082,-1.2722980388833875,Neutral,Neutral,0.53116,0.67358,Neutral,3.41761,Destabilizing,-1.24465,-0.13733,Uncertain,52.8,,,0.875,"cBioPortal,COSMIC,somatic_muts,clinvar",,False,52.8,,,,neutral,neutral,neutral,UP,neutral,neutral,neutral,1762926,Uncertain significance,1,96.83,-,-0.4198,0.0212,-8.9424,loss_of_function,-7.70457574756643,0.9979,pathogenic,10.1101/2022.10.22.513328; 37085483
C277Y,-0.38957,-1.74524,-0.9008397401918532,Neutral,Neutral,-0.18368,0.41881,Neutral,1.19124,Destabilizing,-1.89786,-0.64547,Uncertain,52.8,,0.0,0.940,"cBioPortal,COSMIC,germline_muts,somatic_muts,clinvar",,False,52.8,,,,neutral,neutral,neutral,UP,neutral,neutral,neutral,185722,Conflicting interpretations of pathogenicity,1,96.83,-,-0.4938,0.0212,-22.2302,loss_of_function,-7.70457574756643,0.9986,pathogenic,10.1101/2022.10.22.513328; 37085483
P278A,2.38073,1.18265,-0.1294981492765762,Uncertain,Uncertain,-0.04876,-0.08174,Neutral,-0.04487,Neutral,,,,0.3,,,0.958,"cBioPortal,COSMIC,germline_muts,somatic_muts,clinvar",,False,0.3,,,,neutral,neutral,neutral,DOWN,neutral,neutral,destabilizing,376645,Conflicting interpretations of pathogenicity,1,97.83,H,-0.3237,0.0423,-22.2302,loss_of_function,-7.65902909566732,0.9934,pathogenic,10.1101/2022.10.22.513328; 37085483
P278F,33.46192,19.03027,4.597894654819724,Destabilizing,Destabilizing,0.27328,-0.42926,Neutral,0.02255,Neutral,,,,0.3,,,,"cBioPortal,COSMIC,somatic_muts",,False,0.3,,,,neutral,neutral,neutral,UP,neutral,neutral,neutral,,,,97.83,H,-0.3849,0.0423,-22.2302,loss_of_function,-7.924781724694,0.9999,pathogenic,10.1101/2022.10.22.513328; 37085483
P278H,28.1508,24.99252,4.592481282107858,Destabilizing,Destabilizing,-0.10474,0.04266,Neutral,0.04575,Neutral,,,,0.3,,,0.950,"cBioPortal,COSMIC,somatic_muts,clinvar",,False,0.3,,,,neutral,neutral,neutral,UP,neutral,neutral,neutral,376646,Uncertain significance,2,97.83,H,-0.3625,0.0423,-22.2302,loss_of_function,-7.924781724694,0.9993,pathogenic,10.1101/2022.10.22.513328; 37085483
P278L,10.67109,6.7415,1.710554648867055,Destabilizing,Uncertain,0.13318,0.41877,Neutral,0.03248,Neutral,,,,0.3,,,0.940,"cBioPortal,COSMIC,germline_muts,somatic_muts,clinvar",,False,0.3,,,,neutral,neutral,neutral,UP,neutral,neutral,neutral,232497,Conflicting interpretations of pathogenicity,1,97.83,H,-0.3047,0.0423,-8.9424,loss_of_function,-5.65653065547344,0.9972,pathogenic,10.1101/2022.10.22.513328; 37085483
P278R,16.27614,13.98571,5.394668692371276,Destabilizing,Destabilizing,-0.30776,0.22486,Neutral,0.47491,Neutral,,,,0.3,,,0.951,"cBioPortal,COSMIC,somatic_muts,clinvar",,False,0.3,,,,neutral,neutral,neutral,UP,neutral,neutral,neutral,376644,Conflicting interpretations of pathogenicity,1,97.83,H,-0.3936,0.0423,-22.2302,loss_of_function,-7.924781724694,0.9968,pathogenic,10.1101/2022.10.22.513328; 37085483
P278S,2.83418,3.69082,1.0263047716840523,Uncertain,Uncertain,-0.08398,-0.07008,Neutral,-0.06592,Neutral,,,,0.3,,,0.963,"cBioPortal,COSMIC,germline_muts,somatic_muts,clinvar",,False,0.3,,,,neutral,neutral,neutral,DOWN,neutral,neutral,destabilizing,376642,Conflicting interpretations of pathogenicity,1,97.83,H,-0.2556,0.0423,-8.9424,loss_of_function,-5.02543687785345,0.9988,pathogenic,10.1101/2022.10.22.513328; 37085483
P278T,3.41981,3.18844,0.7200266652839296,Destabilizing,Uncertain,0.01738,-0.068,Neutral,-0.06323,Neutral,,,,0.3,,,0.954,"cBioPortal,COSMIC,germline_muts,somatic_muts,clinvar",,False,0.3,,,,neutral,neutral,neutral,-,uncertain,uncertain,uncertain,376643,Pathogenic,2,97.83,H,-0.3356,0.0423,-22.2302,loss_of_function,-7.65902909566732,0.9974,pathogenic,10.1101/2022.10.22.513328; 37085483
P278V,5.55725,3.87449,0.0077436575899697,Destabilizing,Uncertain,0.009,0.11028,Neutral,-0.05789,Neutral,,,,0.3,,,,cBioPortal,,False,0.3,,,,neutral,neutral,neutral,UP,neutral,neutral,neutral,,,,97.83,H,-0.3233,0.0423,-22.2302,loss_of_function,-7.65902909566732,0.9982,pathogenic,10.1101/2022.10.22.513328; 37085483
G279A,3.26999,2.80034,3.932012198016744,Uncertain,Destabilizing,-0.005,0.15825,Neutral,0.14126,Neutral,,,,0.0,,,0.907,"cBioPortal,COSMIC",,False,0.0,,,,neutral,neutral,neutral,UP,neutral,neutral,neutral,,,,97.02,H,-0.3797,0.0423,-22.2302,loss_of_function,-6.08115856665018,0.9586,pathogenic,10.1101/2022.10.22.513328; 37085483
G279D,12.01374,10.57585,9.172012131322171,Destabilizing,Destabilizing,0.01422,0.01769,Neutral,0.08113,Neutral,,,,0.0,,,,cBioPortal,,False,0.0,,,,neutral,neutral,neutral,UP,neutral,neutral,neutral,,,,97.02,H,-0.44,0.0423,-22.2302,loss_of_function,-7.59509316699625,0.9991,pathogenic,10.1101/2022.10.22.513328; 37085483
G279E,11.98776,13.87483,10.450627971515742,Destabilizing,Destabilizing,0.07698,0.16347,Neutral,-0.01656,Neutral,,,,0.0,,,0.907,"cBioPortal,COSMIC,somatic_muts,clinvar",,False,0.0,,,,neutral,neutral,neutral,UP,neutral,neutral,neutral,419454,Conflicting interpretations of pathogenicity,1,97.02,H,-0.4393,0.0423,-22.2302,loss_of_function,-7.59509316699625,0.9986,pathogenic,10.1101/2022.10.22.513328; 37085483
G279R,17.16708,30.93061,10.648701013745304,Destabilizing,Destabilizing,-0.13994,-0.07751,Neutral,0.76913,Neutral,,,,0.0,,,0.896,"cBioPortal,COSMIC,germline_muts,somatic_muts,clinvar",,False,0.0,,,,neutral,neutral,neutral,UP,neutral,neutral,neutral,458568,Conflicting interpretations of pathogenicity,1,97.02,H,-0.3885,0.0423,-8.9424,loss_of_function,-6.15827489133228,0.9973,pathogenic,10.1101/2022.10.22.513328; 37085483
G279V,12.39092,7.05442,8.680135518835373,Destabilizing,Destabilizing,0.0313,-0.11396,Neutral,0.34006,Neutral,,,,0.0,,,0.937,"cBioPortal,COSMIC,somatic_muts,clinvar",,False,0.0,,,,neutral,neutral,neutral,UP,neutral,neutral,neutral,1434495,Uncertain significance,1,97.02,H,-0.4665,0.0423,-22.2302,loss_of_function,-6.24577971419134,0.9895,pathogenic,10.1101/2022.10.22.513328; 37085483
G279W,23.93174,41.1085,10.056698416385489,Destabilizing,Destabilizing,0.18046,-0.25705,Neutral,1.28288,Destabilizing,,,,0.0,,,0.930,"cBioPortal,COSMIC,somatic_muts",,False,0.0,,,,neutral,neutral,neutral,UP,neutral,neutral,neutral,,,,97.02,H,-0.4095,0.0423,-8.9424,loss_of_function,-7.24613300466929,0.9965,pathogenic,10.1101/2022.10.22.513328; 37085483
R280G,0.81638,2.0085,1.7908768872675311,Uncertain,Neutral,1.89102,1.44012,Destabilizing,3.2148,Destabilizing,,,Uncertain,68.4,,,0.924,"cBioPortal,COSMIC,somatic_muts,clinvar",,False,68.4,,,,neutral,neutral,neutral,DOWN,neutral,neutral,neutral,376658,Conflicting interpretations of pathogenicity,1,96.53,H,-0.4432,0.0212,-22.2302,loss_of_function,-7.93668764215011,0.9989,pathogenic,10.1101/2022.10.22.513328; 37085483
R280I,-0.15635,0.80476,-0.1041996993579164,Neutral,Neutral,1.8417,1.43167,Destabilizing,3.14112,Destabilizing,,,Uncertain,68.4,,,0.942,"cBioPortal,COSMIC,somatic_muts,clinvar",,False,68.4,,,,neutral,neutral,neutral,DOWN,neutral,neutral,neutral,161517,Uncertain significance,1,96.53,H,-0.4373,0.0212,-22.2302,loss_of_function,-7.93668764215011,0.9996,pathogenic,10.1101/2022.10.22.513328; 37085483
R280K,0.20173,1.11565,0.5563456121330279,Neutral,Neutral,1.34928,0.96647,Uncertain,3.1326,Destabilizing,,,Uncertain,68.4,,,0.935,"cBioPortal,COSMIC,germline_muts,somatic_muts,clinvar",,False,68.4,,,,neutral,neutral,neutral,-,uncertain,uncertain,uncertain,376657,Conflicting interpretations of pathogenicity,1,96.53,H,-0.2981,0.0212,-22.2302,loss_of_function,-4.76455912194511,0.9936,pathogenic,10.1101/2022.10.22.513328; 37085483
R280L,-0.15777,0.31769,-0.222553017834387,Neutral,Neutral,1.85934,0.74792,Uncertain,2.7845,Destabilizing,,,Uncertain,68.4,,,,clinvar,,False,68.4,,,,neutral,neutral,neutral,DOWN,neutral,neutral,neutral,1042468,Uncertain significance,1,96.53,H,-0.4103,0.0212,-22.2302,loss_of_function,-7.93668764215011,0.9988,pathogenic,10.1101/2022.10.22.513328; 37085483
R280N,0.0819,1.48571,0.6337739332230748,Neutral,Neutral,1.89258,0.84869,Uncertain,2.9437,Destabilizing,,,Uncertain,68.4,,,,cBioPortal,,False,68.4,,,,neutral,neutral,neutral,DOWN,neutral,neutral,neutral,,,,96.53,H,-0.4228,0.0212,-22.2302,loss_of_function,-7.93668764215011,0.9994,pathogenic,10.1101/2022.10.22.513328; 37085483
R280P,-1.37441,4.33605,2.544701091313418,Uncertain,Uncertain,1.89328,1.14463,Destabilizing,3.49378,Destabilizing,,,Uncertain,68.4,,,,somatic_muts,,False,68.4,,,,neutral,neutral,neutral,DOWN,neutral,neutral,neutral,,,,96.53,H,-0.55,0.0212,-22.2302,loss_of_function,-7.93668764215011,0.9992,pathogenic,10.1101/2022.10.22.513328
R280S,0.56727,1.57823,1.03000264372641,Neutral,Neutral,1.89304,1.41473,Destabilizing,3.08783,Destabilizing,,,Uncertain,68.4,,,0.878,"cBioPortal,COSMIC,germline_muts,somatic_muts,clinvar",,False,68.4,,,,neutral,neutral,neutral,DOWN,neutral,neutral,neutral,"988616, 634747","Pathogenic, Uncertain significance","2, 1",96.53,H,-0.3406,0.0212,-8.9424,loss_of_function,-7.93668764215011,0.9997,pathogenic,10.1101/2022.10.22.513328; 37085483
R280T,0.35007,1.56054,0.6819814469083126,Neutral,Neutral,1.93026,1.07844,Destabilizing,3.09087,Destabilizing,,,Uncertain,68.4,,,0.940,"cBioPortal,COSMIC,germline_muts,somatic_muts,clinvar",,False,68.4,,,,neutral,neutral,neutral,DOWN,neutral,neutral,neutral,12368,Pathogenic/Likely pathogenic,2,96.53,H,-0.4128,0.0212,-22.2302,loss_of_function,-7.93668764215011,0.9997,pathogenic,10.1101/2022.10.22.513328; 37085483
D281A,0.08332,1.69218,0.4338237223873226,Neutral,Neutral,0.25292,0.46268,Neutral,1.34716,Destabilizing,,,,10.9,,,0.977,"cBioPortal,COSMIC,germline_muts,somatic_muts,clinvar",,False,10.9,,,,neutral,neutral,neutral,DOWN,neutral,neutral,neutral,376589,Likely pathogenic,0,97.06,H,-0.3368,0.1284,-22.2302,loss_of_function,-7.47190388453418,0.9997,pathogenic,10.1101/2022.10.22.513328; 37085483
D281E,0.9764,1.02993,0.56855568032348,Neutral,Neutral,-0.50284,0.053,Neutral,-0.42108,Neutral,,,,10.9,,,0.909,"cBioPortal,COSMIC,germline_muts,somatic_muts,clinvar",,False,10.9,,,,neutral,neutral,neutral,UP,neutral,neutral,neutral,"406568, 376587","Conflicting interpretations of pathogenicity, Uncertain significance","1, 2",97.06,H,-0.2059,0.1284,-7.3575,loss_of_function,-2.79266959541697,0.9991,pathogenic,10.1101/2022.10.22.513328; 37085483
D281G,1.39521,3.69082,2.0233859461283283,Uncertain,Uncertain,0.4715,0.52606,Neutral,1.48028,Destabilizing,,,,10.9,,,0.974,"cBioPortal,COSMIC,germline_muts,somatic_muts,clinvar",,False,10.9,,,,neutral,neutral,neutral,DOWN,neutral,neutral,neutral,141141,Pathogenic,2,97.06,H,-0.348,0.1284,-22.2302,loss_of_function,-5.98985813599738,0.9995,pathogenic,10.1101/2022.10.22.513328; 37085483
D281H,-0.18853,1.52381,0.2191910325424684,Neutral,Neutral,1.98374,0.58633,Uncertain,0.00518,Neutral,,,,10.9,,,0.961,"cBioPortal,COSMIC,somatic_muts,clinvar",,False,10.9,,,,neutral,neutral,neutral,UP,neutral,neutral,neutral,376588,Conflicting interpretations of pathogenicity,1,97.06,H,-0.2703,0.1284,-7.3575,loss_of_function,-3.99773447527279,0.9993,pathogenic,10.1101/2022.10.22.513328; 37085483
D281N,-1.27088,2.14558,0.5974490310745358,Uncertain,Neutral,-1.45612,0.62909,Uncertain,0.60984,Neutral,,,,10.9,,3.9771552204e-06,0.943,"cBioPortal,COSMIC,germline_muts,somatic_muts,clinvar",,False,10.9,,,,neutral,neutral,neutral,-,uncertain,uncertain,uncertain,376586,Pathogenic,2,97.06,H,-0.3035,0.1284,-22.2302,loss_of_function,-4.6419709862034,0.9988,pathogenic,10.1101/2022.10.22.513328; 37085483
D281P,1.94685,10.52653,6.429109873032715,Uncertain,Uncertain,1.15024,1.02372,Destabilizing,1.88295,Destabilizing,,,,10.9,,,,"cBioPortal,somatic_muts",,False,10.9,,,,neutral,neutral,neutral,-,uncertain,uncertain,uncertain,,,,97.06,H,-0.4738,0.1284,-22.2302,loss_of_function,-7.73122410772527,0.9998,pathogenic,10.1101/2022.10.22.513328; 37085483
D281R,1.16646,3.24354,0.6167817479546214,Uncertain,Neutral,0.37376,-0.61822,Neutral,1.90636,Destabilizing,,,,10.9,,,,"COSMIC,somatic_muts",,False,10.9,,,,neutral,neutral,neutral,UP,neutral,neutral,neutral,,,,97.06,H,-0.4386,0.1284,-22.2302,loss_of_function,-7.73122410772527,0.9993,pathogenic,10.1101/2022.10.22.513328; 37085483
D281V,-0.31394,1.55816,0.1873919127319656,Neutral,Neutral,0.47338,0.94947,Neutral,1.2795,Destabilizing,,,,10.9,,,0.969,"cBioPortal,COSMIC,germline_muts,somatic_muts,clinvar",,False,10.9,,,,neutral,neutral,neutral,UP,neutral,neutral,neutral,182968,Pathogenic/Likely pathogenic,2,97.06,H,-0.3839,0.1284,-22.2302,loss_of_function,-7.73122410772527,0.9997,pathogenic,10.1101/2022.10.22.513328; 37085483
D281Y,-0.176,0.82177,0.1163269959615387,Neutral,Neutral,0.22496,0.16879,Neutral,2.67937,Destabilizing,,,,10.9,,,0.957,"cBioPortal,COSMIC,germline_muts,somatic_muts,clinvar",,False,10.9,,,,neutral,neutral,neutral,UP,neutral,neutral,neutral,376585,Pathogenic,1,97.06,H,-0.3818,0.1284,-22.2302,loss_of_function,-6.86978097273434,0.9959,pathogenic,10.1101/2022.10.22.513328; 37085483
R282G,2.65994,3.34966,3.8196858827719615,Uncertain,Uncertain,0.09592,-0.04226,Neutral,-0.02285,Neutral,,,,14.7,,,0.863,"cBioPortal,COSMIC,germline_muts,somatic_muts,clinvar",,True,14.7,,,,neutral,neutral,neutral,DOWN,neutral,neutral,destabilizing,140821,Pathogenic,2,97.21,H,-0.368,0.1018,-8.9365,loss_of_function,-7.68498215740767,0.9871,pathogenic,10.1101/2022.10.22.513328; 37085483
R282H,5.41894,1.7568,2.149594258958348,Uncertain,Uncertain,0.07286,-0.00962,Neutral,-0.0227,Neutral,,,,14.7,,,,"cBioPortal,COSMIC,somatic_muts",,True,14.7,,,,neutral,neutral,neutral,DOWN,neutral,neutral,destabilizing,,,,97.21,H,-0.3024,0.1018,-8.9365,loss_of_function,-7.0860137439162,0.9375,pathogenic,10.1101/2022.10.22.513328; 37085483
R282L,0.22872,0.02755,0.5404129226663215,Neutral,Neutral,0.1105,-0.01573,Neutral,-0.04294,Neutral,,,,14.7,,,0.898,"cBioPortal,COSMIC,somatic_muts,clinvar",,True,14.7,,,,neutral,neutral,neutral,DOWN,neutral,neutral,destabilizing,182938,Uncertain significance,3,97.21,H,-0.33,0.1018,-7.9366,loss_of_function,-3.79121713083018,0.9405,pathogenic,10.1101/2022.10.22.513328; 37085483
R282P,9.11021,12.76803,7.989824426215401,Destabilizing,Destabilizing,0.1232,0.46826,Neutral,-0.03699,Neutral,,,,14.7,,,0.911,"cBioPortal,COSMIC,germline_muts,somatic_muts,clinvar",,True,14.7,,,,neutral,neutral,neutral,DOWN,neutral,neutral,destabilizing,376659,Pathogenic/Likely pathogenic,2,97.21,H,-0.5425,0.1018,-22.2244,loss_of_function,-7.68498215740767,0.9994,pathogenic,10.1101/2022.10.22.513328; 37085483
R282Q,2.38433,1.08197,1.9734995332093512,Uncertain,Uncertain,0.12454,0.05694,Neutral,-0.0272,Neutral,,,,14.7,,3.9770286823e-06,0.887,"cBioPortal,COSMIC,germline_muts,somatic_muts,clinvar",,True,14.7,,,,neutral,neutral,neutral,DOWN,neutral,neutral,destabilizing,237956,Conflicting interpretations of pathogenicity,1,97.21,H,-0.3751,0.1018,-22.2244,loss_of_function,-6.94230616144628,0.8664,pathogenic,10.1101/2022.10.22.513328; 37085483
R282W,6.32707,2.43027,1.3832141020152091,Uncertain,Uncertain,0.11894,-0.08825,Neutral,-0.02922,Neutral,,,,14.7,,3.9775665248e-06,0.896,"cBioPortal,COSMIC,germline_muts,somatic_muts,clinvar",,True,14.7,,,,neutral,neutral,neutral,UP,neutral,neutral,neutral,12364,Pathogenic/Likely pathogenic,2,97.21,H,-0.3503,0.1018,-8.9365,loss_of_function,-6.64398279790623,0.9462,pathogenic,10.1101/2022.10.22.513328; 37085483
R283C,1.18039,1.44898,1.4141992565274693,Neutral,Neutral,0.10442,-0.13649,Neutral,,Uncertain,,,Uncertain,48.6,9.55779278705e-05,7.15876551066e-05,0.740,"cBioPortal,COSMIC,germline_muts,somatic_muts,clinvar",,True,48.6,,,,neutral,neutral,neutral,DOWN,neutral,neutral,neutral,127824,Likely benign,3,95.97,H,-0.2603,0.8968,-7.3546,loss_of_function,-3.11296296623348,0.6812,pathogenic,10.1101/2022.10.22.513328; 37085483
R283G,1.38823,1.57721,1.8153123160952056,Neutral,Neutral,0.09518,-0.00455,Neutral,,Uncertain,,,Uncertain,48.6,,,0.714,"cBioPortal,COSMIC,somatic_muts,clinvar",,True,48.6,,,,neutral,neutral,neutral,DOWN,neutral,neutral,neutral,580186,Uncertain significance,1,95.97,H,-0.2948,0.8968,-8.9394,loss_of_function,-6.02007111657914,0.887,pathogenic,10.1101/2022.10.22.513328; 37085483
R283H,1.2335,0.46361,0.5053194769788277,Neutral,Neutral,0.09272,0.0487,Neutral,,Uncertain,,,Uncertain,48.6,,3.9769021523e-05,0.836,"cBioPortal,COSMIC,germline_muts,somatic_muts,clinvar",,True,48.6,,,,neutral,neutral,neutral,DOWN,neutral,neutral,neutral,142324,Conflicting interpretations of pathogenicity,1,95.97,H,-0.2292,0.8968,-8.9394,loss_of_function,-5.39678325222424,0.549,ambiguous,10.1101/2022.10.22.513328; 37085483
R283L,0.24033,0.09694,-0.2429415201429741,Neutral,Neutral,0.06018,0.08154,Neutral,,Uncertain,,,Uncertain,48.6,,,0.685,"cBioPortal,COSMIC,somatic_muts",,True,48.6,,,,neutral,neutral,neutral,DOWN,neutral,neutral,neutral,,,,95.97,H,-0.3297,0.8968,-22.2273,loss_of_function,-6.35027583660817,0.8316,pathogenic,10.1101/2022.10.22.513328; 37085483
R283P,2.69342,7.27585,7.355939145418244,Uncertain,Uncertain,0.09194,-0.12592,Neutral,,Uncertain,,,Uncertain,48.6,,,0.804,"cBioPortal,COSMIC,somatic_muts,clinvar",,True,48.6,,,,neutral,neutral,neutral,DOWN,neutral,neutral,neutral,486555,Conflicting interpretations of pathogenicity,1,95.97,H,-0.4694,0.8968,-22.2273,loss_of_function,-7.14798341622502,0.9928,pathogenic,10.1101/2022.10.22.513328; 37085483
R283S,0.65375,1.13367,1.1678524135828163,Neutral,Neutral,0.11702,0.01373,Neutral,,Uncertain,,,Uncertain,48.6,,3.9770919504e-06,0.687,COSMIC,,True,48.6,,,,neutral,neutral,neutral,DOWN,neutral,neutral,neutral,,,,95.97,H,-0.26,0.8968,-8.9394,loss_of_function,-4.65990199428634,0.9763,pathogenic,10.1101/2022.10.22.513328; 37085483
T284A,-0.7248,-0.0619,-0.0139999859251255,Neutral,Neutral,-0.08022,0.10033,Neutral,-0.10888,Neutral,,,Uncertain,70.9,,,0.460,"COSMIC,somatic_muts,clinvar",P,True,70.9,0.171,,,damaging,neutral,potentially_damaging,DOWN,neutral,neutral,neutral,964952,Uncertain significance,1,95.98,H,-0.0889,1.353,-0.8052,loss_of_function,-2.3339254732691,0.2587,benign,10.1101/2022.10.22.513328; 37085483
T284I,-1.15177,-0.62347,-0.5448124331000348,Neutral,Neutral,-0.25024,-0.15426,Neutral,-0.2425,Neutral,,,Uncertain,70.9,,,0.699,"COSMIC,clinvar",P,True,70.9,0.171,,,damaging,neutral,potentially_damaging,UP,neutral,neutral,neutral,216471,Likely benign,3,95.98,H,-0.1461,1.353,-6.9395,loss_of_function,-2.06270142512814,0.5825,pathogenic,10.1101/2022.10.22.513328; 37085483
T284K,-0.96938,0.17891,-0.2054536505844589,Neutral,Neutral,0.12318,-0.17749,Neutral,-0.29259,Neutral,,,Uncertain,70.9,,,,somatic_muts,P,True,70.9,0.171,,,damaging,neutral,potentially_damaging,UP,neutral,neutral,neutral,,,,95.98,H,-0.2813,1.353,-22.2273,loss_of_function,-4.6111442380541,0.7995,pathogenic,10.1101/2022.10.22.513328
T284P,1.99313,6.61327,7.224169450491368,Uncertain,Uncertain,0.22444,-0.2744,Neutral,-0.19542,Neutral,,,Uncertain,70.9,,,0.569,"cBioPortal,COSMIC,somatic_muts,clinvar",P,True,70.9,0.171,,,damaging,neutral,potentially_damaging,-,uncertain,uncertain,uncertain,1763670,Likely pathogenic,1,95.98,H,-0.3625,1.353,-22.2273,loss_of_function,-6.55732546763091,0.912,pathogenic,10.1101/2022.10.22.513328; 37085483
T284S,-0.73201,0.37245,0.4456733873710561,Neutral,Neutral,0.17018,-0.06817,Neutral,-0.1176,Neutral,,,Uncertain,70.9,,,0.495,"cBioPortal,COSMIC,germline_muts,clinvar",P,True,70.9,0.171,,,neutral,neutral,potentially_damaging,DOWN,neutral,neutral,neutral,458571,Conflicting interpretations of pathogenicity,1,95.98,H,-0.0725,1.353,-4.6916,loss_of_function,-1.78489914809022,0.2344,benign,10.1101/2022.10.22.513328; 37085483
E285A,-0.00754,0.29898,1.4055654588892847,Neutral,Neutral,0.06538,0.06373,Neutral,0.8563,Neutral,,,Uncertain,29.1,,,0.910,COSMIC,,True,29.1,,,,neutral,neutral,neutral,DOWN,neutral,neutral,stabilizing,,,,96.28,H,-0.227,1.0175,-22.2273,loss_of_function,-6.95320772521685,0.928,pathogenic,10.1101/2022.10.22.513328; 37085483
E285D,0.78107,0.08571,1.576487936119933,Neutral,Neutral,0.03754,0.03583,Neutral,0.69619,Neutral,,,Uncertain,29.1,,,0.524,"cBioPortal,somatic_muts",,True,29.1,,,,neutral,neutral,neutral,DOWN,neutral,neutral,stabilizing,,,,96.28,H,-0.0832,1.0175,-0.7797,loss_of_function,-2.56733882937687,0.902,pathogenic,10.1101/2022.10.22.513328; 37085483
E285G,1.1343,1.67721,2.7921340020620056,Neutral,Uncertain,0.02052,0.01964,Neutral,0.83455,Neutral,,,Uncertain,29.1,,,0.923,"cBioPortal,COSMIC,somatic_muts,clinvar",,True,29.1,,,,neutral,neutral,neutral,DOWN,neutral,neutral,stabilizing,919894,Uncertain significance,1,96.28,H,-0.2527,1.0175,-22.2273,loss_of_function,-7.26482183738778,0.9509,pathogenic,10.1101/2022.10.22.513328; 37085483
E285K,-0.29321,1.95238,1.833786363777341,Neutral,Neutral,0.0758,-0.15476,Neutral,0.81643,Neutral,,,Uncertain,29.1,,,0.910,"cBioPortal,COSMIC,germline_muts,somatic_muts,clinvar",,True,29.1,,,,neutral,neutral,neutral,UP,neutral,neutral,neutral,420133,Pathogenic/Likely pathogenic,2,96.28,H,-0.249,1.0175,-22.2273,loss_of_function,-6.7541549855419,0.9737,pathogenic,10.1101/2022.10.22.513328; 37085483
E285Q,-0.38545,0.29048,1.1908383939026197,Neutral,Neutral,0.0099,0.06215,Neutral,0.85191,Neutral,,,Uncertain,29.1,,,0.883,"cBioPortal,COSMIC,germline_muts,somatic_muts,clinvar",,True,29.1,,,,neutral,neutral,neutral,UP,neutral,neutral,neutral,954095,Uncertain significance,1,96.28,H,-0.1995,1.0175,-22.2273,loss_of_function,-3.46091995644647,0.9185,pathogenic,10.1101/2022.10.22.513328; 37085483
E285V,0.19113,0.32483,0.7806465494130507,Neutral,Neutral,0.10814,0.00098,Neutral,0.78293,Neutral,,,Uncertain,29.1,,0.0,0.936,"cBioPortal,COSMIC,germline_muts,somatic_muts,clinvar",,True,29.1,,,,neutral,neutral,neutral,-,uncertain,uncertain,uncertain,12384,Pathogenic,1,96.28,H,-0.2402,1.0175,-22.2273,loss_of_function,-7.26482183738778,0.9811,pathogenic,10.1101/2022.10.22.513328; 37085483
E286A,2.01326,1.72653,0.5966485385775074,Uncertain,Uncertain,0.0227,-0.10724,Neutral,,Uncertain,,,Uncertain,28.6,,,0.913,"cBioPortal,COSMIC,germline_muts,somatic_muts,clinvar",,True,28.6,,,,neutral,neutral,neutral,DOWN,neutral,neutral,destabilizing,376593,Likely pathogenic,0,95.87,H,-0.3167,0.0424,-22.2273,loss_of_function,-7.90930635631685,0.8823,pathogenic,10.1101/2022.10.22.513328; 37085483
E286D,1.69984,0.90272,0.7659126323703854,Neutral,Neutral,0.01264,-0.05036,Neutral,,Uncertain,,,Uncertain,28.6,,,0.765,"cBioPortal,COSMIC,somatic_muts",,True,28.6,,,,neutral,neutral,neutral,DOWN,neutral,neutral,destabilizing,,,,95.87,H,-0.2146,0.0424,-8.9394,loss_of_function,-3.90618216975713,0.9266,pathogenic,10.1101/2022.10.22.513328; 37085483
E286G,3.00501,3.40136,1.5262247676826768,Destabilizing,Uncertain,0.0227,-0.06361,Neutral,,Uncertain,,,Uncertain,28.6,,,0.913,"cBioPortal,COSMIC,somatic_muts,clinvar",,True,28.6,,,,neutral,neutral,neutral,DOWN,neutral,neutral,destabilizing,376590,Uncertain significance,1,95.87,H,-0.3424,0.0424,-22.2273,loss_of_function,-7.90930635631685,0.8932,pathogenic,10.1101/2022.10.22.513328; 37085483
E286K,1.51713,2.32041,0.6112397502160388,Uncertain,Neutral,0.02972,0.02869,Neutral,,Uncertain,,,Uncertain,28.6,,,0.949,"cBioPortal,COSMIC,germline_muts,somatic_muts,clinvar",,True,28.6,,,,neutral,neutral,neutral,UP,neutral,neutral,neutral,183752,Pathogenic,2,95.87,H,-0.2709,0.0424,-8.9394,loss_of_function,-6.24017220790887,0.9477,pathogenic,10.1101/2022.10.22.513328; 37085483
E286Q,0.53966,1.47279,0.4139920901139393,Neutral,Neutral,0.02276,-0.03722,Neutral,,Uncertain,,,Uncertain,28.6,,,0.905,"cBioPortal,COSMIC,somatic_muts,clinvar",,True,28.6,,,,neutral,neutral,neutral,UP,neutral,neutral,neutral,376591,Uncertain significance,1,95.87,H,-0.2892,0.0424,-22.2273,loss_of_function,-4.74818094996343,0.8972,pathogenic,10.1101/2022.10.22.513328; 37085483
E286V,1.59431,1.12245,-0.2091015120413003,Neutral,Neutral,0.0227,-0.02639,Neutral,,Uncertain,,,Uncertain,28.6,,,0.916,"cBioPortal,COSMIC,somatic_muts,clinvar",,True,28.6,,,,neutral,neutral,neutral,-,uncertain,uncertain,uncertain,376592,Likely pathogenic,0,95.87,H,-0.3299,0.0424,-22.2273,loss_of_function,-7.16464546047637,0.9153,pathogenic,10.1101/2022.10.22.513328; 37085483
E287A,-0.14653,-0.27347,0.142563824277847,Neutral,Neutral,0.02412,-0.02112,Neutral,,Uncertain,,,Uncertain,94.7,,,0.562,"COSMIC,somatic_muts",,True,94.7,,,,neutral,neutral,neutral,DOWN,neutral,neutral,stabilizing,,,,95.03,H,-0.0959,1.5384,-5.9307,loss_of_function,-2.68319937612633,0.1824,benign,10.1101/2022.10.22.513328; 37085483
E287D,0.33049,0.26633,0.4560049192162818,Neutral,Neutral,0.01412,0.01253,Neutral,,Uncertain,,,Uncertain,94.7,,7.9527922254e-06,0.405,"cBioPortal,COSMIC,somatic_muts,clinvar",,True,94.7,,,,neutral,neutral,neutral,DOWN,neutral,neutral,stabilizing,"925213, 422130","Uncertain significance, Uncertain significance","1, 2",95.03,H,-0.0349,1.5384,-0.7019,loss_of_function,-0.540707185298792,0.0988,benign,10.1101/2022.10.22.513328; 37085483
E287G,0.63098,0.67823,0.7743887623001267,Neutral,Neutral,0.01248,0.02685,Neutral,,Uncertain,,,Uncertain,94.7,,,0.626,"COSMIC,somatic_muts",,True,94.7,,,,neutral,neutral,neutral,DOWN,neutral,neutral,stabilizing,,,,95.03,H,-0.1267,1.5384,-6.9307,loss_of_function,-3.2298702077559,0.1655,benign,10.1101/2022.10.22.513328; 37085483
E287K,-0.13757,-0.27789,0.013802951803104,Neutral,Neutral,0.012,0.03173,Neutral,,Uncertain,,,Uncertain,94.7,,3.9765226105e-06,0.583,"cBioPortal,COSMIC,germline_muts,somatic_muts,clinvar",,True,94.7,,,,neutral,neutral,neutral,UP,neutral,neutral,neutral,141781,Conflicting interpretations of pathogenicity,1,95.03,H,-0.1281,1.5384,-7.9307,loss_of_function,-1.38336550309718,0.2975,benign,10.1101/2022.10.22.513328; 37085483
E287Q,-0.19172,-0.18129,0.2251523116002668,Neutral,Neutral,0.01096,-0.01239,Neutral,,Uncertain,,,Uncertain,94.7,,,0.623,"cBioPortal,COSMIC,somatic_muts",,True,94.7,,,,neutral,neutral,neutral,UP,neutral,neutral,neutral,,,,95.03,H,-0.0718,1.5384,-6.6088,loss_of_function,-1.86040094675046,0.2004,benign,10.1101/2022.10.22.513328; 37085483
E287V,0.58653,-0.06599,-0.0253866944976866,Neutral,Neutral,-0.00964,-0.12595,Neutral,,Uncertain,,,Uncertain,94.7,,,0.644,"COSMIC,somatic_muts",,True,94.7,,,,neutral,neutral,neutral,-,uncertain,uncertain,uncertain,,,,95.03,H,-0.1922,1.5384,-22.2185,loss_of_function,-4.95686971720322,0.3116,benign,10.1101/2022.10.22.513328; 37085483
N288D,0.57071,0.61361,0.180724455989904,Neutral,Neutral,0.01132,-0.0516,Neutral,-0.06427,Neutral,,,Uncertain,84.4,,,0.513,"COSMIC,somatic_muts,clinvar",,True,84.4,,,,neutral,neutral,neutral,-,uncertain,uncertain,uncertain,1024822,Uncertain significance,1,93.39,H,-0.1864,1.5821,-22.2125,loss_of_function,-3.55350596031586,0.7619,pathogenic,10.1101/2022.10.22.513328; 37085483
N288H,0.11343,0.2102,-0.1277163377652634,Neutral,Neutral,-0.0045,-0.05809,Neutral,0.2839,Neutral,,,Uncertain,84.4,,,0.554,COSMIC,,True,84.4,,,,neutral,neutral,neutral,UP,neutral,neutral,neutral,,,,93.39,H,-0.0887,1.5821,-2.7154,loss_of_function,-2.24138614304595,0.3465,ambiguous,10.1101/2022.10.22.513328; 37085483
N288K,-0.4195,-0.58027,-0.0713744577792468,Neutral,Neutral,0.02206,0.12908,Neutral,-0.40866,Neutral,,,Uncertain,84.4,,,0.679,"COSMIC,somatic_muts",,True,84.4,,,,neutral,neutral,neutral,UP,neutral,neutral,neutral,,,,93.39,H,-0.1105,1.5821,-7.3398,loss_of_function,-3.052549217434,0.7253,pathogenic,10.1101/2022.10.22.513328; 37085483
N288S,-0.14012,-0.25374,0.3961685941772264,Neutral,Neutral,-0.07002,-0.01216,Neutral,-0.01922,Neutral,,,Uncertain,84.4,,,0.480,"cBioPortal,COSMIC,somatic_muts",,True,84.4,,,,neutral,neutral,neutral,DOWN,neutral,neutral,stabilizing,,,,93.39,H,-0.0457,1.5821,-1.1699,loss_of_function,-1.68739472070371,0.3389,benign,10.1101/2022.10.22.513328; 37085483
N288T,0.53093,0.39592,0.1819649020299246,Neutral,Neutral,-0.09654,0.12094,Neutral,-0.02294,Neutral,,,Uncertain,84.4,,,,"somatic_muts,clinvar",,True,84.4,,,,neutral,neutral,neutral,-,uncertain,uncertain,uncertain,2119726,Uncertain significance,1,93.39,H,-0.1349,1.5821,-8.9247,loss_of_function,-1.62953906750738,0.3614,ambiguous,10.1101/2022.10.22.513328
N288Y,-0.20406,-0.05102,-0.0374979188571722,Neutral,Neutral,-0.11294,0.07025,Neutral,-0.01369,Neutral,,,Uncertain,84.4,,,0.665,"COSMIC,somatic_muts",,True,84.4,,,,neutral,neutral,neutral,UP,neutral,neutral,neutral,,,,93.39,H,-0.2239,1.5821,-22.2125,loss_of_function,-3.87100364189457,0.413,ambiguous,10.1101/2022.10.22.513328; 37085483
L289F,0.25768,1.05544,0.7885691232320741,Neutral,Neutral,0.0,0.23851,Neutral,,Uncertain,,,Uncertain,61.4,,,0.344,"cBioPortal,COSMIC,somatic_muts,clinvar",,True,61.4,,,,neutral,neutral,neutral,UP,neutral,neutral,neutral,822635,Conflicting interpretations of pathogenicity,1,91.91,H,-0.0289,2.3911,-1.8558,loss_of_function,-0.0518649406727437,0.045,benign,10.1101/2022.10.22.513328; 37085483
L289H,0.47041,-0.22755,1.028879140443013,Neutral,Neutral,0.00012,0.02676,Neutral,,Uncertain,,,Uncertain,61.4,,,,somatic_muts,,True,61.4,,,,neutral,neutral,neutral,DOWN,neutral,neutral,stabilizing,,,,91.91,H,-0.1637,2.3911,-6.9218,loss_of_function,-1.24336967944645,0.068,benign,10.1101/2022.10.22.513328
L289I,0.62345,-0.07279,0.902246181753164,Neutral,Neutral,-0.01232,0.12765,Neutral,,Uncertain,,,Uncertain,61.4,,,,"COSMIC,clinvar",,True,61.4,,,,neutral,neutral,neutral,-,uncertain,uncertain,uncertain,1439164,Uncertain significance,1,91.91,H,0.0338,2.3911,-1.2007,gain_of_function,-1.60048211038511,0.0693,benign,10.1101/2022.10.22.513328; 37085483
L289P,4.19068,5.55,6.527477072783891,Destabilizing,Destabilizing,-0.01444,0.00354,Neutral,,Uncertain,,,Uncertain,61.4,,,0.518,"COSMIC,somatic_muts,clinvar",,True,61.4,,,,neutral,neutral,neutral,DOWN,neutral,neutral,stabilizing,1172923,Likely benign,3,91.91,H,-0.2149,2.3911,-8.9217,loss_of_function,-3.21706676650494,0.5712,pathogenic,10.1101/2022.10.22.513328; 37085483
L289R,-0.13965,-0.22347,0.8465342663888339,Neutral,Neutral,0.01682,-0.0414,Neutral,,Uncertain,,,Uncertain,61.4,,,0.426,COSMIC,,True,61.4,,,,neutral,neutral,neutral,UP,neutral,neutral,neutral,,,,91.91,H,-0.2015,2.3911,-6.9218,loss_of_function,-2.0685432144847,0.0864,benign,10.1101/2022.10.22.513328; 37085483
L289V,0.97287,1.09286,1.007423352011488,Neutral,Neutral,0.005,0.07624,Neutral,,Uncertain,,,Uncertain,61.4,,,0.399,"cBioPortal,COSMIC,clinvar",,True,61.4,,,,neutral,neutral,neutral,DOWN,neutral,neutral,stabilizing,496049,Uncertain significance,1,91.91,H,-0.0368,2.3911,-7.9218,loss_of_function,-1.62282686049212,0.064,benign,10.1101/2022.10.22.513328; 37085483
